pair_id,pair_source,family,method,label,highlighted,query_name,target_name,query_smiles,target_smiles,query_atoms,target_atoms,total_atoms,smaller_atoms,larger_atoms,combined_atoms,atom_delta,query_bonds,target_bonds,query_rings,target_rings,status,elapsed_s,repeats,seconds_per_call,ns_per_call,substruct_op,substruct_match,substruct_match_count,mcs_atoms,mcs_bonds,mcs_canceled,mcs_smarts,notes,error
p0000,size-combinations,mcs,mcs_any_atom_bond,MCS CompareAny atoms/bonds,0,799568,874233,O,C/C=C(/C)C(=O)OC[C@H]1C2=C(C[C@H]3[C@H]4C5=C(C(=O)C(C)=C(OC)C5=O)[C@H](O[C@H]5CC[C@@]6(C)C(=CC[C@H]7C8C[C@H]([C@H](C)CCCC(C)C)C[C@@]8(C)CC[C@@H]76)C5)[C@@H]([C@H](C#N)N13)N4C)C(=O)C(C)=C(OC)C2=O,1,70,71,1,70,71,69,0,78,0,9,ok,0.000122012,1,0.000122012,122012.000,,,,1,0,0,[#8],Permissive MCS: any atom type and any bond type can match.,
p0000,size-combinations,mcs,mcs_elements_order,MCS elements/order,1,799568,874233,O,C/C=C(/C)C(=O)OC[C@H]1C2=C(C[C@H]3[C@H]4C5=C(C(=O)C(C)=C(OC)C5=O)[C@H](O[C@H]5CC[C@@]6(C)C(=CC[C@H]7C8C[C@H]([C@H](C)CCCC(C)C)C[C@@]8(C)CC[C@@H]76)C5)[C@@H]([C@H](C#N)N13)N4C)C(=O)C(C)=C(OC)C2=O,1,70,71,1,70,71,69,0,78,0,9,ok,3.909e-05,1,3.909e-05,39090.000,,,,1,0,0,[#8],Closest MCS counterpart to a raw SMILES substructure query.,
p0000,size-combinations,mcs,mcs_elements_order_maximize_atoms,MCS elements/order maximize atoms,0,799568,874233,O,C/C=C(/C)C(=O)OC[C@H]1C2=C(C[C@H]3[C@H]4C5=C(C(=O)C(C)=C(OC)C5=O)[C@H](O[C@H]5CC[C@@]6(C)C(=CC[C@H]7C8C[C@H]([C@H](C)CCCC(C)C)C[C@@]8(C)CC[C@@H]76)C5)[C@@H]([C@H](C#N)N13)N4C)C(=O)C(C)=C(OC)C2=O,1,70,71,1,70,71,69,0,78,0,9,ok,2.9008e-05,1,2.9008e-05,29008.000,,,,1,0,0,[#8],"Same element/order comparison, but optimize atom count instead of bond count.",
p0000,size-combinations,mcs,mcs_elements_order_ring_atoms,MCS elements/order ring atoms,0,799568,874233,O,C/C=C(/C)C(=O)OC[C@H]1C2=C(C[C@H]3[C@H]4C5=C(C(=O)C(C)=C(OC)C5=O)[C@H](O[C@H]5CC[C@@]6(C)C(=CC[C@H]7C8C[C@H]([C@H](C)CCCC(C)C)C[C@@]8(C)CC[C@@H]76)C5)[C@@H]([C@H](C#N)N13)N4C)C(=O)C(C)=C(OC)C2=O,1,70,71,1,70,71,69,0,78,0,9,ok,3.1896e-05,1,3.1896e-05,31896.000,,,,1,0,0,[#8&!R],Ring atoms and ring bonds only match ring atoms and ring bonds.,
p0000,size-combinations,mcs,mcs_elements_order_whole_rings,MCS elements/order whole rings,0,799568,874233,O,C/C=C(/C)C(=O)OC[C@H]1C2=C(C[C@H]3[C@H]4C5=C(C(=O)C(C)=C(OC)C5=O)[C@H](O[C@H]5CC[C@@]6(C)C(=CC[C@H]7C8C[C@H]([C@H](C)CCCC(C)C)C[C@@]8(C)CC[C@@H]76)C5)[C@@H]([C@H](C#N)N13)N4C)C(=O)C(C)=C(OC)C2=O,1,70,71,1,70,71,69,0,78,0,9,ok,2.5785e-05,1,2.5785e-05,25785.000,,,,1,0,0,[#8],MCS completeRingsOnly=True; partial ring MCS results are rejected.,
p0000,size-combinations,mcs,mcs_elements_order_ring_atoms_whole_rings,MCS elements/order ring atoms + whole rings,0,799568,874233,O,C/C=C(/C)C(=O)OC[C@H]1C2=C(C[C@H]3[C@H]4C5=C(C(=O)C(C)=C(OC)C5=O)[C@H](O[C@H]5CC[C@@]6(C)C(=CC[C@H]7C8C[C@H]([C@H](C)CCCC(C)C)C[C@@]8(C)CC[C@@H]76)C5)[C@@H]([C@H](C#N)N13)N4C)C(=O)C(C)=C(OC)C2=O,1,70,71,1,70,71,69,0,78,0,9,ok,2.6198e-05,1,2.6198e-05,26198.000,,,,1,0,0,[#8&!R],Both ringMatchesRingOnly and completeRingsOnly are enabled.,
p0000,size-combinations,substruct,substruct_smiles,Substruct raw SMILES,1,799568,874233,O,C/C=C(/C)C(=O)OC[C@H]1C2=C(C[C@H]3[C@H]4C5=C(C(=O)C(C)=C(OC)C5=O)[C@H](O[C@H]5CC[C@@]6(C)C(=CC[C@H]7C8C[C@H]([C@H](C)CCCC(C)C)C[C@@]8(C)CC[C@@H]76)C5)[C@@H]([C@H](C#N)N13)N4C)C(=O)C(C)=C(OC)C2=O,1,70,71,1,70,71,69,0,78,0,9,ok,0.000113726,20,5.6863e-06,5686.300,has-match,1,1,,,,,Best SMILES-substructure baseline. Substructure has no direct completeRingsOnly option.,
p0000,size-combinations,substruct,substruct_elements_any_bond,Substruct elements/any bond,0,799568,874233,O,C/C=C(/C)C(=O)OC[C@H]1C2=C(C[C@H]3[C@H]4C5=C(C(=O)C(C)=C(OC)C5=O)[C@H](O[C@H]5CC[C@@]6(C)C(=CC[C@H]7C8C[C@H]([C@H](C)CCCC(C)C)C[C@@]8(C)CC[C@@H]76)C5)[C@@H]([C@H](C#N)N13)N4C)C(=O)C(C)=C(OC)C2=O,1,70,71,1,70,71,69,0,78,0,9,ok,8.3404e-05,20,4.1702e-06,4170.200,has-match,1,1,,,,,Query keeps atom elements but uses generic bonds.,
p0000,size-combinations,substruct,substruct_any_atom_bond,Substruct any atoms/bonds,0,799568,874233,O,C/C=C(/C)C(=O)OC[C@H]1C2=C(C[C@H]3[C@H]4C5=C(C(=O)C(C)=C(OC)C5=O)[C@H](O[C@H]5CC[C@@]6(C)C(=CC[C@H]7C8C[C@H]([C@H](C)CCCC(C)C)C[C@@]8(C)CC[C@@H]76)C5)[C@@H]([C@H](C#N)N13)N4C)C(=O)C(C)=C(OC)C2=O,1,70,71,1,70,71,69,0,78,0,9,ok,0.000323437,20,1.617185e-05,16171.850,has-match,1,1,,,,,"Query uses generic atoms and generic bonds, similar to CompareAny topology.",
p0000,size-combinations,substruct,substruct_ring_atoms,Substruct ring-chain atoms,0,799568,874233,O,C/C=C(/C)C(=O)OC[C@H]1C2=C(C[C@H]3[C@H]4C5=C(C(=O)C(C)=C(OC)C5=O)[C@H](O[C@H]5CC[C@@]6(C)C(=CC[C@H]7C8C[C@H]([C@H](C)CCCC(C)C)C[C@@]8(C)CC[C@@H]76)C5)[C@@H]([C@H](C#N)N13)N4C)C(=O)C(C)=C(OC)C2=O,1,70,71,1,70,71,69,0,78,0,9,ok,6.0777e-05,20,3.03885e-06,3038.850,has-match,1,1,,,,,Query adds ring/chain atom constraints; closest substruct analog to ringMatchesRingOnly.,
p0001,size-combinations,mcs,mcs_any_atom_bond,MCS CompareAny atoms/bonds,0,278567,1834309,C[N+](=O)[O-],C[C@@H]1NC(=O)[C@@H](Cc2c[nH]c3ccccc23)NC(=O)[C@H](Cc2ccccc2)NC(=O)[C@@H]2CCCN2C(=O)[C@H](Cc2ccccc2)NC(=O)[C@H]([C@@H](C)O)NC1=O,4,55,59,4,55,59,51,3,60,0,6,ok,8.6088e-05,1,8.6088e-05,86088.000,,,,4,3,0,"[#6]-[#7,#6](=,-[#8,#7])-[#8,#6]",Permissive MCS: any atom type and any bond type can match.,
p0001,size-combinations,mcs,mcs_elements_order,MCS elements/order,1,278567,1834309,C[N+](=O)[O-],C[C@@H]1NC(=O)[C@@H](Cc2c[nH]c3ccccc23)NC(=O)[C@H](Cc2ccccc2)NC(=O)[C@@H]2CCCN2C(=O)[C@H](Cc2ccccc2)NC(=O)[C@H]([C@@H](C)O)NC1=O,4,55,59,4,55,59,51,3,60,0,6,ok,4.903e-05,1,4.903e-05,49030.000,,,,2,1,0,[#6]-[#7],Closest MCS counterpart to a raw SMILES substructure query.,
p0001,size-combinations,mcs,mcs_elements_order_maximize_atoms,MCS elements/order maximize atoms,0,278567,1834309,C[N+](=O)[O-],C[C@@H]1NC(=O)[C@@H](Cc2c[nH]c3ccccc23)NC(=O)[C@H](Cc2ccccc2)NC(=O)[C@@H]2CCCN2C(=O)[C@H](Cc2ccccc2)NC(=O)[C@H]([C@@H](C)O)NC1=O,4,55,59,4,55,59,51,3,60,0,6,ok,3.725e-05,1,3.725e-05,37250.000,,,,2,1,0,[#6]-[#7],"Same element/order comparison, but optimize atom count instead of bond count.",
p0001,size-combinations,mcs,mcs_elements_order_ring_atoms,MCS elements/order ring atoms,0,278567,1834309,C[N+](=O)[O-],C[C@@H]1NC(=O)[C@@H](Cc2c[nH]c3ccccc23)NC(=O)[C@H](Cc2ccccc2)NC(=O)[C@@H]2CCCN2C(=O)[C@H](Cc2ccccc2)NC(=O)[C@H]([C@@H](C)O)NC1=O,4,55,59,4,55,59,51,3,60,0,6,ok,4.1889e-05,1,4.1889e-05,41889.000,,,,1,0,0,[#8&!R],Ring atoms and ring bonds only match ring atoms and ring bonds.,
p0001,size-combinations,mcs,mcs_elements_order_whole_rings,MCS elements/order whole rings,0,278567,1834309,C[N+](=O)[O-],C[C@@H]1NC(=O)[C@@H](Cc2c[nH]c3ccccc23)NC(=O)[C@H](Cc2ccccc2)NC(=O)[C@@H]2CCCN2C(=O)[C@H](Cc2ccccc2)NC(=O)[C@H]([C@@H](C)O)NC1=O,4,55,59,4,55,59,51,3,60,0,6,ok,3.9459e-05,1,3.9459e-05,39459.000,,,,1,0,0,[#8],MCS completeRingsOnly=True; partial ring MCS results are rejected.,
p0001,size-combinations,mcs,mcs_elements_order_ring_atoms_whole_rings,MCS elements/order ring atoms + whole rings,0,278567,1834309,C[N+](=O)[O-],C[C@@H]1NC(=O)[C@@H](Cc2c[nH]c3ccccc23)NC(=O)[C@H](Cc2ccccc2)NC(=O)[C@@H]2CCCN2C(=O)[C@H](Cc2ccccc2)NC(=O)[C@H]([C@@H](C)O)NC1=O,4,55,59,4,55,59,51,3,60,0,6,ok,3.473e-05,1,3.473e-05,34730.000,,,,1,0,0,[#8&!R],Both ringMatchesRingOnly and completeRingsOnly are enabled.,
p0001,size-combinations,substruct,substruct_smiles,Substruct raw SMILES,1,278567,1834309,C[N+](=O)[O-],C[C@@H]1NC(=O)[C@@H](Cc2c[nH]c3ccccc23)NC(=O)[C@H](Cc2ccccc2)NC(=O)[C@@H]2CCCN2C(=O)[C@H](Cc2ccccc2)NC(=O)[C@H]([C@@H](C)O)NC1=O,4,55,59,4,55,59,51,3,60,0,6,ok,4.5616e-05,20,2.2808e-06,2280.800,has-match,0,0,,,,,Best SMILES-substructure baseline. Substructure has no direct completeRingsOnly option.,
p0001,size-combinations,substruct,substruct_elements_any_bond,Substruct elements/any bond,0,278567,1834309,C[N+](=O)[O-],C[C@@H]1NC(=O)[C@@H](Cc2c[nH]c3ccccc23)NC(=O)[C@H](Cc2ccccc2)NC(=O)[C@@H]2CCCN2C(=O)[C@H](Cc2ccccc2)NC(=O)[C@H]([C@@H](C)O)NC1=O,4,55,59,4,55,59,51,3,60,0,6,ok,4.1208e-05,20,2.0604e-06,2060.400,has-match,0,0,,,,,Query keeps atom elements but uses generic bonds.,
p0001,size-combinations,substruct,substruct_any_atom_bond,Substruct any atoms/bonds,0,278567,1834309,C[N+](=O)[O-],C[C@@H]1NC(=O)[C@@H](Cc2c[nH]c3ccccc23)NC(=O)[C@H](Cc2ccccc2)NC(=O)[C@@H]2CCCN2C(=O)[C@H](Cc2ccccc2)NC(=O)[C@H]([C@@H](C)O)NC1=O,4,55,59,4,55,59,51,3,60,0,6,ok,0.000373676,20,1.86838e-05,18683.800,has-match,1,1,,,,,"Query uses generic atoms and generic bonds, similar to CompareAny topology.",
p0001,size-combinations,substruct,substruct_ring_atoms,Substruct ring-chain atoms,0,278567,1834309,C[N+](=O)[O-],C[C@@H]1NC(=O)[C@@H](Cc2c[nH]c3ccccc23)NC(=O)[C@H](Cc2ccccc2)NC(=O)[C@@H]2CCCN2C(=O)[C@H](Cc2ccccc2)NC(=O)[C@H]([C@@H](C)O)NC1=O,4,55,59,4,55,59,51,3,60,0,6,ok,3.5544e-05,20,1.7772e-06,1777.200,has-match,0,0,,,,,Query adds ring/chain atom constraints; closest substruct analog to ringMatchesRingOnly.,
p0002,size-combinations,mcs,mcs_any_atom_bond,MCS CompareAny atoms/bonds,0,144071,253959,CCC(C)Br,N#Cc1cc2c(s1)CCNC2,5,11,16,5,11,16,6,4,12,0,2,ok,6.2483e-05,1,6.2483e-05,62483.000,,,,5,4,0,"[#6,#7]-,#[#6]-[#6](-,:[#6])-,:[#35,#16]",Permissive MCS: any atom type and any bond type can match.,
p0002,size-combinations,mcs,mcs_elements_order,MCS elements/order,1,144071,253959,CCC(C)Br,N#Cc1cc2c(s1)CCNC2,5,11,16,5,11,16,6,4,12,0,2,ok,4.3414e-05,1,4.3414e-05,43414.000,,,,4,3,0,"[#6]-[#6]-,:[#6]-,:[#6]",Closest MCS counterpart to a raw SMILES substructure query.,
p0002,size-combinations,mcs,mcs_elements_order_maximize_atoms,MCS elements/order maximize atoms,0,144071,253959,CCC(C)Br,N#Cc1cc2c(s1)CCNC2,5,11,16,5,11,16,6,4,12,0,2,ok,3.5415e-05,1,3.5415e-05,35415.000,,,,4,3,0,"[#6]-[#6]-,:[#6]-,:[#6]","Same element/order comparison, but optimize atom count instead of bond count.",
p0002,size-combinations,mcs,mcs_elements_order_ring_atoms,MCS elements/order ring atoms,0,144071,253959,CCC(C)Br,N#Cc1cc2c(s1)CCNC2,5,11,16,5,11,16,6,4,12,0,2,ok,2.6511e-05,1,2.6511e-05,26511.000,,,,1,0,0,[#6&!R],Ring atoms and ring bonds only match ring atoms and ring bonds.,
p0002,size-combinations,mcs,mcs_elements_order_whole_rings,MCS elements/order whole rings,0,144071,253959,CCC(C)Br,N#Cc1cc2c(s1)CCNC2,5,11,16,5,11,16,6,4,12,0,2,ok,3.1522e-05,1,3.1522e-05,31522.000,,,,2,1,0,[#6]-&!@[#6],MCS completeRingsOnly=True; partial ring MCS results are rejected.,
p0002,size-combinations,mcs,mcs_elements_order_ring_atoms_whole_rings,MCS elements/order ring atoms + whole rings,0,144071,253959,CCC(C)Br,N#Cc1cc2c(s1)CCNC2,5,11,16,5,11,16,6,4,12,0,2,ok,2.2589e-05,1,2.2589e-05,22589.000,,,,1,0,0,[#6&!R],Both ringMatchesRingOnly and completeRingsOnly are enabled.,
p0002,size-combinations,substruct,substruct_smiles,Substruct raw SMILES,1,144071,253959,CCC(C)Br,N#Cc1cc2c(s1)CCNC2,5,11,16,5,11,16,6,4,12,0,2,ok,2.7903e-05,20,1.39515e-06,1395.150,has-match,0,0,,,,,Best SMILES-substructure baseline. Substructure has no direct completeRingsOnly option.,
p0002,size-combinations,substruct,substruct_elements_any_bond,Substruct elements/any bond,0,144071,253959,CCC(C)Br,N#Cc1cc2c(s1)CCNC2,5,11,16,5,11,16,6,4,12,0,2,ok,3.8579e-05,20,1.92895e-06,1928.950,has-match,0,0,,,,,Query keeps atom elements but uses generic bonds.,
p0002,size-combinations,substruct,substruct_any_atom_bond,Substruct any atoms/bonds,0,144071,253959,CCC(C)Br,N#Cc1cc2c(s1)CCNC2,5,11,16,5,11,16,6,4,12,0,2,ok,0.000122796,20,6.1398e-06,6139.800,has-match,1,1,,,,,"Query uses generic atoms and generic bonds, similar to CompareAny topology.",
p0002,size-combinations,substruct,substruct_ring_atoms,Substruct ring-chain atoms,0,144071,253959,CCC(C)Br,N#Cc1cc2c(s1)CCNC2,5,11,16,5,11,16,6,4,12,0,2,ok,1.7443e-05,20,8.7215e-07,872.150,has-match,0,0,,,,,Query adds ring/chain atom constraints; closest substruct analog to ringMatchesRingOnly.,
p0003,size-combinations,mcs,mcs_any_atom_bond,MCS CompareAny atoms/bonds,0,144071,2300057,CCC(C)Br,Cc1c(N(Cc2ccc(F)c(F)c2)S(=O)(=O)c2cn(C)cn2)sc2ccccc12,5,29,34,5,29,34,24,4,32,0,4,ok,6.1145e-05,1,6.1145e-05,61145.000,,,,5,4,0,"[#6]-[#6]-,:[#6](-[#6,#7])-,:[#35,#16]",Permissive MCS: any atom type and any bond type can match.,
p0003,size-combinations,mcs,mcs_elements_order,MCS elements/order,1,144071,2300057,CCC(C)Br,Cc1c(N(Cc2ccc(F)c(F)c2)S(=O)(=O)c2cn(C)cn2)sc2ccccc12,5,29,34,5,29,34,24,4,32,0,4,ok,4.8244e-05,1,4.8244e-05,48244.000,,,,4,3,0,"[#6]-[#6]-,:[#6]-,:[#6]",Closest MCS counterpart to a raw SMILES substructure query.,
p0003,size-combinations,mcs,mcs_elements_order_maximize_atoms,MCS elements/order maximize atoms,0,144071,2300057,CCC(C)Br,Cc1c(N(Cc2ccc(F)c(F)c2)S(=O)(=O)c2cn(C)cn2)sc2ccccc12,5,29,34,5,29,34,24,4,32,0,4,ok,4.398e-05,1,4.398e-05,43980.000,,,,4,3,0,"[#6]-[#6]-,:[#6]-,:[#6]","Same element/order comparison, but optimize atom count instead of bond count.",
p0003,size-combinations,mcs,mcs_elements_order_ring_atoms,MCS elements/order ring atoms,0,144071,2300057,CCC(C)Br,Cc1c(N(Cc2ccc(F)c(F)c2)S(=O)(=O)c2cn(C)cn2)sc2ccccc12,5,29,34,5,29,34,24,4,32,0,4,ok,3.4705e-05,1,3.4705e-05,34705.000,,,,1,0,0,[#6&!R],Ring atoms and ring bonds only match ring atoms and ring bonds.,
p0003,size-combinations,mcs,mcs_elements_order_whole_rings,MCS elements/order whole rings,0,144071,2300057,CCC(C)Br,Cc1c(N(Cc2ccc(F)c(F)c2)S(=O)(=O)c2cn(C)cn2)sc2ccccc12,5,29,34,5,29,34,24,4,32,0,4,ok,3.9348e-05,1,3.9348e-05,39348.000,,,,2,1,0,[#6]-&!@[#6],MCS completeRingsOnly=True; partial ring MCS results are rejected.,
p0003,size-combinations,mcs,mcs_elements_order_ring_atoms_whole_rings,MCS elements/order ring atoms + whole rings,0,144071,2300057,CCC(C)Br,Cc1c(N(Cc2ccc(F)c(F)c2)S(=O)(=O)c2cn(C)cn2)sc2ccccc12,5,29,34,5,29,34,24,4,32,0,4,ok,2.9285e-05,1,2.9285e-05,29285.000,,,,1,0,0,[#6&!R],Both ringMatchesRingOnly and completeRingsOnly are enabled.,
p0003,size-combinations,substruct,substruct_smiles,Substruct raw SMILES,1,144071,2300057,CCC(C)Br,Cc1c(N(Cc2ccc(F)c(F)c2)S(=O)(=O)c2cn(C)cn2)sc2ccccc12,5,29,34,5,29,34,24,4,32,0,4,ok,3.9366e-05,20,1.9683e-06,1968.300,has-match,0,0,,,,,Best SMILES-substructure baseline. Substructure has no direct completeRingsOnly option.,
p0003,size-combinations,substruct,substruct_elements_any_bond,Substruct elements/any bond,0,144071,2300057,CCC(C)Br,Cc1c(N(Cc2ccc(F)c(F)c2)S(=O)(=O)c2cn(C)cn2)sc2ccccc12,5,29,34,5,29,34,24,4,32,0,4,ok,8.0774e-05,20,4.0387e-06,4038.700,has-match,0,0,,,,,Query keeps atom elements but uses generic bonds.,
p0003,size-combinations,substruct,substruct_any_atom_bond,Substruct any atoms/bonds,0,144071,2300057,CCC(C)Br,Cc1c(N(Cc2ccc(F)c(F)c2)S(=O)(=O)c2cn(C)cn2)sc2ccccc12,5,29,34,5,29,34,24,4,32,0,4,ok,0.000524582,20,2.62291e-05,26229.100,has-match,1,1,,,,,"Query uses generic atoms and generic bonds, similar to CompareAny topology.",
p0003,size-combinations,substruct,substruct_ring_atoms,Substruct ring-chain atoms,0,144071,2300057,CCC(C)Br,Cc1c(N(Cc2ccc(F)c(F)c2)S(=O)(=O)c2cn(C)cn2)sc2ccccc12,5,29,34,5,29,34,24,4,32,0,4,ok,2.3858e-05,20,1.1929e-06,1192.900,has-match,0,0,,,,,Query adds ring/chain atom constraints; closest substruct analog to ringMatchesRingOnly.,
p0004,size-combinations,mcs,mcs_any_atom_bond,MCS CompareAny atoms/bonds,0,144071,330967,CCC(C)Br,CCCCc1nn(-c2ccccc2C(F)(F)F)c(C(=O)OCC)c1Cc1ccc(-c2ccccc2-c2nn[nH]n2)cc1,5,42,47,5,42,47,37,4,46,0,5,ok,7.1072e-05,1,7.1072e-05,71072.000,,,,5,4,0,"[#6]-[#6]-[#6](-,:[#6,#7])-,:[#35,#6]",Permissive MCS: any atom type and any bond type can match.,
p0004,size-combinations,mcs,mcs_elements_order,MCS elements/order,1,144071,330967,CCC(C)Br,CCCCc1nn(-c2ccccc2C(F)(F)F)c(C(=O)OCC)c1Cc1ccc(-c2ccccc2-c2nn[nH]n2)cc1,5,42,47,5,42,47,37,4,46,0,5,ok,5.7312e-05,1,5.7312e-05,57312.000,,,,4,3,0,[#6]-[#6]-[#6]-[#6],Closest MCS counterpart to a raw SMILES substructure query.,
p0004,size-combinations,mcs,mcs_elements_order_maximize_atoms,MCS elements/order maximize atoms,0,144071,330967,CCC(C)Br,CCCCc1nn(-c2ccccc2C(F)(F)F)c(C(=O)OCC)c1Cc1ccc(-c2ccccc2-c2nn[nH]n2)cc1,5,42,47,5,42,47,37,4,46,0,5,ok,4.6931e-05,1,4.6931e-05,46931.000,,,,4,3,0,[#6]-[#6]-[#6]-[#6],"Same element/order comparison, but optimize atom count instead of bond count.",
p0004,size-combinations,mcs,mcs_elements_order_ring_atoms,MCS elements/order ring atoms,0,144071,330967,CCC(C)Br,CCCCc1nn(-c2ccccc2C(F)(F)F)c(C(=O)OCC)c1Cc1ccc(-c2ccccc2-c2nn[nH]n2)cc1,5,42,47,5,42,47,37,4,46,0,5,ok,5.5371e-05,1,5.5371e-05,55371.000,,,,4,3,0,[#6&!R]-&!@[#6&!R]-&!@[#6&!R]-&!@[#6&!R],Ring atoms and ring bonds only match ring atoms and ring bonds.,
p0004,size-combinations,mcs,mcs_elements_order_whole_rings,MCS elements/order whole rings,0,144071,330967,CCC(C)Br,CCCCc1nn(-c2ccccc2C(F)(F)F)c(C(=O)OCC)c1Cc1ccc(-c2ccccc2-c2nn[nH]n2)cc1,5,42,47,5,42,47,37,4,46,0,5,ok,5.5009e-05,1,5.5009e-05,55009.000,,,,4,3,0,[#6]-&!@[#6]-&!@[#6]-&!@[#6],MCS completeRingsOnly=True; partial ring MCS results are rejected.,
p0004,size-combinations,mcs,mcs_elements_order_ring_atoms_whole_rings,MCS elements/order ring atoms + whole rings,0,144071,330967,CCC(C)Br,CCCCc1nn(-c2ccccc2C(F)(F)F)c(C(=O)OCC)c1Cc1ccc(-c2ccccc2-c2nn[nH]n2)cc1,5,42,47,5,42,47,37,4,46,0,5,ok,5.0369e-05,1,5.0369e-05,50369.000,,,,4,3,0,[#6&!R]-&!@[#6&!R]-&!@[#6&!R]-&!@[#6&!R],Both ringMatchesRingOnly and completeRingsOnly are enabled.,
p0004,size-combinations,substruct,substruct_smiles,Substruct raw SMILES,1,144071,330967,CCC(C)Br,CCCCc1nn(-c2ccccc2C(F)(F)F)c(C(=O)OCC)c1Cc1ccc(-c2ccccc2-c2nn[nH]n2)cc1,5,42,47,5,42,47,37,4,46,0,5,ok,6.5728e-05,20,3.2864e-06,3286.400,has-match,0,0,,,,,Best SMILES-substructure baseline. Substructure has no direct completeRingsOnly option.,
p0004,size-combinations,substruct,substruct_elements_any_bond,Substruct elements/any bond,0,144071,330967,CCC(C)Br,CCCCc1nn(-c2ccccc2C(F)(F)F)c(C(=O)OCC)c1Cc1ccc(-c2ccccc2-c2nn[nH]n2)cc1,5,42,47,5,42,47,37,4,46,0,5,ok,0.000139537,20,6.97685e-06,6976.850,has-match,0,0,,,,,Query keeps atom elements but uses generic bonds.,
p0004,size-combinations,substruct,substruct_any_atom_bond,Substruct any atoms/bonds,0,144071,330967,CCC(C)Br,CCCCc1nn(-c2ccccc2C(F)(F)F)c(C(=O)OCC)c1Cc1ccc(-c2ccccc2-c2nn[nH]n2)cc1,5,42,47,5,42,47,37,4,46,0,5,ok,0.00064109,20,3.20545e-05,32054.500,has-match,1,1,,,,,"Query uses generic atoms and generic bonds, similar to CompareAny topology.",
p0004,size-combinations,substruct,substruct_ring_atoms,Substruct ring-chain atoms,0,144071,330967,CCC(C)Br,CCCCc1nn(-c2ccccc2C(F)(F)F)c(C(=O)OCC)c1Cc1ccc(-c2ccccc2-c2nn[nH]n2)cc1,5,42,47,5,42,47,37,4,46,0,5,ok,4.283e-05,20,2.1415e-06,2141.500,has-match,0,0,,,,,Query adds ring/chain atom constraints; closest substruct analog to ringMatchesRingOnly.,
p0005,size-combinations,mcs,mcs_any_atom_bond,MCS CompareAny atoms/bonds,0,144071,763410,CCC(C)Br,COc1ccc2nc3ccc(N(CCCCCCCN(c4ccc5nc6ccc(OC)cc6c(N)c5c4)c4ccc5nc6ccc(OC)cc6c(N)c5c4)c4ccc5nc6ccc(OC)cc6c(N)c5c4)cc3c(N)c2c1,5,77,82,5,77,82,72,4,88,0,12,ok,9.4306e-05,1,9.4306e-05,94306.000,,,,5,4,0,"[#6]-[#6,#8]-[#6](-,:[#6])-,:[#35,#6]",Permissive MCS: any atom type and any bond type can match.,
p0005,size-combinations,mcs,mcs_elements_order,MCS elements/order,1,144071,763410,CCC(C)Br,COc1ccc2nc3ccc(N(CCCCCCCN(c4ccc5nc6ccc(OC)cc6c(N)c5c4)c4ccc5nc6ccc(OC)cc6c(N)c5c4)c4ccc5nc6ccc(OC)cc6c(N)c5c4)cc3c(N)c2c1,5,77,82,5,77,82,72,4,88,0,12,ok,8.8476e-05,1,8.8476e-05,88476.000,,,,4,3,0,"[#6]-,:[#6]-,:[#6]-,:[#6]",Closest MCS counterpart to a raw SMILES substructure query.,
p0005,size-combinations,mcs,mcs_elements_order_maximize_atoms,MCS elements/order maximize atoms,0,144071,763410,CCC(C)Br,COc1ccc2nc3ccc(N(CCCCCCCN(c4ccc5nc6ccc(OC)cc6c(N)c5c4)c4ccc5nc6ccc(OC)cc6c(N)c5c4)c4ccc5nc6ccc(OC)cc6c(N)c5c4)cc3c(N)c2c1,5,77,82,5,77,82,72,4,88,0,12,ok,7.3053e-05,1,7.3053e-05,73053.000,,,,4,3,0,"[#6]-,:[#6]-,:[#6]-,:[#6]","Same element/order comparison, but optimize atom count instead of bond count.",
p0005,size-combinations,mcs,mcs_elements_order_ring_atoms,MCS elements/order ring atoms,0,144071,763410,CCC(C)Br,COc1ccc2nc3ccc(N(CCCCCCCN(c4ccc5nc6ccc(OC)cc6c(N)c5c4)c4ccc5nc6ccc(OC)cc6c(N)c5c4)c4ccc5nc6ccc(OC)cc6c(N)c5c4)cc3c(N)c2c1,5,77,82,5,77,82,72,4,88,0,12,ok,8.3479e-05,1,8.3479e-05,83479.000,,,,4,3,0,[#6&!R]-&!@[#6&!R]-&!@[#6&!R]-&!@[#6&!R],Ring atoms and ring bonds only match ring atoms and ring bonds.,
p0005,size-combinations,mcs,mcs_elements_order_whole_rings,MCS elements/order whole rings,0,144071,763410,CCC(C)Br,COc1ccc2nc3ccc(N(CCCCCCCN(c4ccc5nc6ccc(OC)cc6c(N)c5c4)c4ccc5nc6ccc(OC)cc6c(N)c5c4)c4ccc5nc6ccc(OC)cc6c(N)c5c4)cc3c(N)c2c1,5,77,82,5,77,82,72,4,88,0,12,ok,7.5863e-05,1,7.5863e-05,75863.000,,,,4,3,0,[#6]-&!@[#6]-&!@[#6]-&!@[#6],MCS completeRingsOnly=True; partial ring MCS results are rejected.,
p0005,size-combinations,mcs,mcs_elements_order_ring_atoms_whole_rings,MCS elements/order ring atoms + whole rings,0,144071,763410,CCC(C)Br,COc1ccc2nc3ccc(N(CCCCCCCN(c4ccc5nc6ccc(OC)cc6c(N)c5c4)c4ccc5nc6ccc(OC)cc6c(N)c5c4)c4ccc5nc6ccc(OC)cc6c(N)c5c4)cc3c(N)c2c1,5,77,82,5,77,82,72,4,88,0,12,ok,8.2421e-05,1,8.2421e-05,82421.000,,,,4,3,0,[#6&!R]-&!@[#6&!R]-&!@[#6&!R]-&!@[#6&!R],Both ringMatchesRingOnly and completeRingsOnly are enabled.,
p0005,size-combinations,substruct,substruct_smiles,Substruct raw SMILES,1,144071,763410,CCC(C)Br,COc1ccc2nc3ccc(N(CCCCCCCN(c4ccc5nc6ccc(OC)cc6c(N)c5c4)c4ccc5nc6ccc(OC)cc6c(N)c5c4)c4ccc5nc6ccc(OC)cc6c(N)c5c4)cc3c(N)c2c1,5,77,82,5,77,82,72,4,88,0,12,ok,9.0074e-05,20,4.5037e-06,4503.700,has-match,0,0,,,,,Best SMILES-substructure baseline. Substructure has no direct completeRingsOnly option.,
p0005,size-combinations,substruct,substruct_elements_any_bond,Substruct elements/any bond,0,144071,763410,CCC(C)Br,COc1ccc2nc3ccc(N(CCCCCCCN(c4ccc5nc6ccc(OC)cc6c(N)c5c4)c4ccc5nc6ccc(OC)cc6c(N)c5c4)c4ccc5nc6ccc(OC)cc6c(N)c5c4)cc3c(N)c2c1,5,77,82,5,77,82,72,4,88,0,12,ok,0.00027187,20,1.35935e-05,13593.500,has-match,0,0,,,,,Query keeps atom elements but uses generic bonds.,
p0005,size-combinations,substruct,substruct_any_atom_bond,Substruct any atoms/bonds,0,144071,763410,CCC(C)Br,COc1ccc2nc3ccc(N(CCCCCCCN(c4ccc5nc6ccc(OC)cc6c(N)c5c4)c4ccc5nc6ccc(OC)cc6c(N)c5c4)c4ccc5nc6ccc(OC)cc6c(N)c5c4)cc3c(N)c2c1,5,77,82,5,77,82,72,4,88,0,12,ok,0.00133021,20,6.65105e-05,66510.500,has-match,1,1,,,,,"Query uses generic atoms and generic bonds, similar to CompareAny topology.",
p0005,size-combinations,substruct,substruct_ring_atoms,Substruct ring-chain atoms,0,144071,763410,CCC(C)Br,COc1ccc2nc3ccc(N(CCCCCCCN(c4ccc5nc6ccc(OC)cc6c(N)c5c4)c4ccc5nc6ccc(OC)cc6c(N)c5c4)c4ccc5nc6ccc(OC)cc6c(N)c5c4)cc3c(N)c2c1,5,77,82,5,77,82,72,4,88,0,12,ok,8.6385e-05,20,4.31925e-06,4319.250,has-match,0,0,,,,,Query adds ring/chain atom constraints; closest substruct analog to ringMatchesRingOnly.,
p0006,size-combinations,mcs,mcs_any_atom_bond,MCS CompareAny atoms/bonds,0,1627824,729020,O=C/C(Cl)=C(/Cl)C(=O)O,COC(=O)N[C@H](C(=O)N1CCC[C@H]1c1ncc(-c2cc(F)c3c(c2)OC(c2ccc4c(c2)OCCC42CC2)n2c-3cc3cc(-c4cnc([C@@H]5CCCN5C(=O)[C@@H](NC(=O)OC)C(C)C)[nH]4)ccc32)[nH]1)C(C)C.O=C(O)C(F)(F)F.O=C(O)C(F)(F)F,9,86,95,9,86,95,77,8,94,0,11,ok,0.000167131,1,0.000167131,167131.000,,,,9,8,0,"[#8,#6]=,-[#6,#7]-[#6](-[#17,#6])=,-[#6](-,=[#17,#8])-[#6,#7](=,-[#8,#6])-[#8,#6]",Permissive MCS: any atom type and any bond type can match.,
p0006,size-combinations,mcs,mcs_elements_order,MCS elements/order,1,1627824,729020,O=C/C(Cl)=C(/Cl)C(=O)O,COC(=O)N[C@H](C(=O)N1CCC[C@H]1c1ncc(-c2cc(F)c3c(c2)OC(c2ccc4c(c2)OCCC42CC2)n2c-3cc3cc(-c4cnc([C@@H]5CCCN5C(=O)[C@@H](NC(=O)OC)C(C)C)[nH]4)ccc32)[nH]1)C(C)C.O=C(O)C(F)(F)F.O=C(O)C(F)(F)F,9,86,95,9,86,95,77,8,94,0,11,ok,0.000186409,1,0.000186409,186409.000,,,,4,3,0,[#6]-[#6](=[#8])-[#8],Closest MCS counterpart to a raw SMILES substructure query.,
p0006,size-combinations,mcs,mcs_elements_order_maximize_atoms,MCS elements/order maximize atoms,0,1627824,729020,O=C/C(Cl)=C(/Cl)C(=O)O,COC(=O)N[C@H](C(=O)N1CCC[C@H]1c1ncc(-c2cc(F)c3c(c2)OC(c2ccc4c(c2)OCCC42CC2)n2c-3cc3cc(-c4cnc([C@@H]5CCCN5C(=O)[C@@H](NC(=O)OC)C(C)C)[nH]4)ccc32)[nH]1)C(C)C.O=C(O)C(F)(F)F.O=C(O)C(F)(F)F,9,86,95,9,86,95,77,8,94,0,11,ok,0.000169636,1,0.000169636,169636.000,,,,4,3,0,[#6]-[#6](=[#8])-[#8],"Same element/order comparison, but optimize atom count instead of bond count.",
p0006,size-combinations,mcs,mcs_elements_order_ring_atoms,MCS elements/order ring atoms,0,1627824,729020,O=C/C(Cl)=C(/Cl)C(=O)O,COC(=O)N[C@H](C(=O)N1CCC[C@H]1c1ncc(-c2cc(F)c3c(c2)OC(c2ccc4c(c2)OCCC42CC2)n2c-3cc3cc(-c4cnc([C@@H]5CCCN5C(=O)[C@@H](NC(=O)OC)C(C)C)[nH]4)ccc32)[nH]1)C(C)C.O=C(O)C(F)(F)F.O=C(O)C(F)(F)F,9,86,95,9,86,95,77,8,94,0,11,ok,0.000165894,1,0.000165894,165894.000,,,,4,3,0,[#6&!R]-&!@[#6&!R](=&!@[#8&!R])-&!@[#8&!R],Ring atoms and ring bonds only match ring atoms and ring bonds.,
p0006,size-combinations,mcs,mcs_elements_order_whole_rings,MCS elements/order whole rings,0,1627824,729020,O=C/C(Cl)=C(/Cl)C(=O)O,COC(=O)N[C@H](C(=O)N1CCC[C@H]1c1ncc(-c2cc(F)c3c(c2)OC(c2ccc4c(c2)OCCC42CC2)n2c-3cc3cc(-c4cnc([C@@H]5CCCN5C(=O)[C@@H](NC(=O)OC)C(C)C)[nH]4)ccc32)[nH]1)C(C)C.O=C(O)C(F)(F)F.O=C(O)C(F)(F)F,9,86,95,9,86,95,77,8,94,0,11,ok,0.000160857,1,0.000160857,160857.000,,,,4,3,0,[#6]-&!@[#6](=&!@[#8])-&!@[#8],MCS completeRingsOnly=True; partial ring MCS results are rejected.,
p0006,size-combinations,mcs,mcs_elements_order_ring_atoms_whole_rings,MCS elements/order ring atoms + whole rings,0,1627824,729020,O=C/C(Cl)=C(/Cl)C(=O)O,COC(=O)N[C@H](C(=O)N1CCC[C@H]1c1ncc(-c2cc(F)c3c(c2)OC(c2ccc4c(c2)OCCC42CC2)n2c-3cc3cc(-c4cnc([C@@H]5CCCN5C(=O)[C@@H](NC(=O)OC)C(C)C)[nH]4)ccc32)[nH]1)C(C)C.O=C(O)C(F)(F)F.O=C(O)C(F)(F)F,9,86,95,9,86,95,77,8,94,0,11,ok,0.00013691,1,0.00013691,136910.000,,,,4,3,0,[#6&!R]-&!@[#6&!R](=&!@[#8&!R])-&!@[#8&!R],Both ringMatchesRingOnly and completeRingsOnly are enabled.,
p0006,size-combinations,substruct,substruct_smiles,Substruct raw SMILES,1,1627824,729020,O=C/C(Cl)=C(/Cl)C(=O)O,COC(=O)N[C@H](C(=O)N1CCC[C@H]1c1ncc(-c2cc(F)c3c(c2)OC(c2ccc4c(c2)OCCC42CC2)n2c-3cc3cc(-c4cnc([C@@H]5CCCN5C(=O)[C@@H](NC(=O)OC)C(C)C)[nH]4)ccc32)[nH]1)C(C)C.O=C(O)C(F)(F)F.O=C(O)C(F)(F)F,9,86,95,9,86,95,77,8,94,0,11,ok,4.6451e-05,20,2.32255e-06,2322.550,has-match,0,0,,,,,Best SMILES-substructure baseline. Substructure has no direct completeRingsOnly option.,
p0006,size-combinations,substruct,substruct_elements_any_bond,Substruct elements/any bond,0,1627824,729020,O=C/C(Cl)=C(/Cl)C(=O)O,COC(=O)N[C@H](C(=O)N1CCC[C@H]1c1ncc(-c2cc(F)c3c(c2)OC(c2ccc4c(c2)OCCC42CC2)n2c-3cc3cc(-c4cnc([C@@H]5CCCN5C(=O)[C@@H](NC(=O)OC)C(C)C)[nH]4)ccc32)[nH]1)C(C)C.O=C(O)C(F)(F)F.O=C(O)C(F)(F)F,9,86,95,9,86,95,77,8,94,0,11,ok,5.0693e-05,20,2.53465e-06,2534.650,has-match,0,0,,,,,Query keeps atom elements but uses generic bonds.,
p0006,size-combinations,substruct,substruct_any_atom_bond,Substruct any atoms/bonds,0,1627824,729020,O=C/C(Cl)=C(/Cl)C(=O)O,COC(=O)N[C@H](C(=O)N1CCC[C@H]1c1ncc(-c2cc(F)c3c(c2)OC(c2ccc4c(c2)OCCC42CC2)n2c-3cc3cc(-c4cnc([C@@H]5CCCN5C(=O)[C@@H](NC(=O)OC)C(C)C)[nH]4)ccc32)[nH]1)C(C)C.O=C(O)C(F)(F)F.O=C(O)C(F)(F)F,9,86,95,9,86,95,77,8,94,0,11,ok,0.001822968,20,9.11484e-05,91148.400,has-match,1,1,,,,,"Query uses generic atoms and generic bonds, similar to CompareAny topology.",
p0006,size-combinations,substruct,substruct_ring_atoms,Substruct ring-chain atoms,0,1627824,729020,O=C/C(Cl)=C(/Cl)C(=O)O,COC(=O)N[C@H](C(=O)N1CCC[C@H]1c1ncc(-c2cc(F)c3c(c2)OC(c2ccc4c(c2)OCCC42CC2)n2c-3cc3cc(-c4cnc([C@@H]5CCCN5C(=O)[C@@H](NC(=O)OC)C(C)C)[nH]4)ccc32)[nH]1)C(C)C.O=C(O)C(F)(F)F.O=C(O)C(F)(F)F,9,86,95,9,86,95,77,8,94,0,11,ok,5.4148e-05,20,2.7074e-06,2707.400,has-match,0,0,,,,,Query adds ring/chain atom constraints; closest substruct analog to ringMatchesRingOnly.,
p0007,size-combinations,mcs,mcs_any_atom_bond,MCS CompareAny atoms/bonds,0,122720,1669084,O/N=C/c1ccc(Cl)cc1,OC[C@H]1[C@@H](O)[C@H](O)[C@@H](O)CN1CCCCCOCc1ccc2ccccc2c1,10,28,38,10,28,38,18,10,30,1,3,ok,0.000143513,1,0.000143513,143513.000,,,,10,10,0,"[#8,#6]-[#7,#6]=,-[#6]-[#6,#7]1:,-[#6]:,-[#6]:,-[#6](:,-[#6]:,-[#6]:,-1)-[#17,#8]",Permissive MCS: any atom type and any bond type can match.,
p0007,size-combinations,mcs,mcs_elements_order,MCS elements/order,1,122720,1669084,O/N=C/c1ccc(Cl)cc1,OC[C@H]1[C@@H](O)[C@H](O)[C@@H](O)CN1CCCCCOCc1ccc2ccccc2c1,10,28,38,10,28,38,18,10,30,1,3,ok,9.0202e-05,1,9.0202e-05,90202.000,,,,7,7,0,[#6]-[#6]1:[#6]:[#6]:[#6]:[#6]:[#6]:1,Closest MCS counterpart to a raw SMILES substructure query.,
p0007,size-combinations,mcs,mcs_elements_order_maximize_atoms,MCS elements/order maximize atoms,0,122720,1669084,O/N=C/c1ccc(Cl)cc1,OC[C@H]1[C@@H](O)[C@H](O)[C@@H](O)CN1CCCCCOCc1ccc2ccccc2c1,10,28,38,10,28,38,18,10,30,1,3,ok,7.7301e-05,1,7.7301e-05,77301.000,,,,7,7,0,[#6]-[#6]1:[#6]:[#6]:[#6]:[#6]:[#6]:1,"Same element/order comparison, but optimize atom count instead of bond count.",
p0007,size-combinations,mcs,mcs_elements_order_ring_atoms,MCS elements/order ring atoms,0,122720,1669084,O/N=C/c1ccc(Cl)cc1,OC[C@H]1[C@@H](O)[C@H](O)[C@@H](O)CN1CCCCCOCc1ccc2ccccc2c1,10,28,38,10,28,38,18,10,30,1,3,ok,9.1399e-05,1,9.1399e-05,91399.000,,,,7,7,0,[#6&!R]-&!@[#6]1:&@[#6]:&@[#6]:&@[#6]:&@[#6]:&@[#6]:&@1,Ring atoms and ring bonds only match ring atoms and ring bonds.,
p0007,size-combinations,mcs,mcs_elements_order_whole_rings,MCS elements/order whole rings,0,122720,1669084,O/N=C/c1ccc(Cl)cc1,OC[C@H]1[C@@H](O)[C@H](O)[C@@H](O)CN1CCCCCOCc1ccc2ccccc2c1,10,28,38,10,28,38,18,10,30,1,3,ok,0.000119164,1,0.000119164,119164.000,,,,7,7,0,[#6]-&!@[#6]1:&@[#6]:&@[#6]:&@[#6]:&@[#6]:&@[#6]:&@1,MCS completeRingsOnly=True; partial ring MCS results are rejected.,
p0007,size-combinations,mcs,mcs_elements_order_ring_atoms_whole_rings,MCS elements/order ring atoms + whole rings,0,122720,1669084,O/N=C/c1ccc(Cl)cc1,OC[C@H]1[C@@H](O)[C@H](O)[C@@H](O)CN1CCCCCOCc1ccc2ccccc2c1,10,28,38,10,28,38,18,10,30,1,3,ok,0.00011184,1,0.00011184,111840.000,,,,7,7,0,[#6&!R]-&!@[#6]1:&@[#6]:&@[#6]:&@[#6]:&@[#6]:&@[#6]:&@1,Both ringMatchesRingOnly and completeRingsOnly are enabled.,
p0007,size-combinations,substruct,substruct_smiles,Substruct raw SMILES,1,122720,1669084,O/N=C/c1ccc(Cl)cc1,OC[C@H]1[C@@H](O)[C@H](O)[C@@H](O)CN1CCCCCOCc1ccc2ccccc2c1,10,28,38,10,28,38,18,10,30,1,3,ok,2.0414e-05,20,1.0207e-06,1020.700,has-match,0,0,,,,,Best SMILES-substructure baseline. Substructure has no direct completeRingsOnly option.,
p0007,size-combinations,substruct,substruct_elements_any_bond,Substruct elements/any bond,0,122720,1669084,O/N=C/c1ccc(Cl)cc1,OC[C@H]1[C@@H](O)[C@H](O)[C@@H](O)CN1CCCCCOCc1ccc2ccccc2c1,10,28,38,10,28,38,18,10,30,1,3,ok,1.8123e-05,20,9.0615e-07,906.150,has-match,0,0,,,,,Query keeps atom elements but uses generic bonds.,
p0007,size-combinations,substruct,substruct_any_atom_bond,Substruct any atoms/bonds,0,122720,1669084,O/N=C/c1ccc(Cl)cc1,OC[C@H]1[C@@H](O)[C@H](O)[C@@H](O)CN1CCCCCOCc1ccc2ccccc2c1,10,28,38,10,28,38,18,10,30,1,3,ok,0.000343477,20,1.717385e-05,17173.850,has-match,1,1,,,,,"Query uses generic atoms and generic bonds, similar to CompareAny topology.",
p0007,size-combinations,substruct,substruct_ring_atoms,Substruct ring-chain atoms,0,122720,1669084,O/N=C/c1ccc(Cl)cc1,OC[C@H]1[C@@H](O)[C@H](O)[C@@H](O)CN1CCCCCOCc1ccc2ccccc2c1,10,28,38,10,28,38,18,10,30,1,3,ok,2.4547e-05,20,1.22735e-06,1227.350,has-match,0,0,,,,,Query adds ring/chain atom constraints; closest substruct analog to ringMatchesRingOnly.,
p0008,size-combinations,mcs,mcs_any_atom_bond,MCS CompareAny atoms/bonds,0,122720,330967,O/N=C/c1ccc(Cl)cc1,CCCCc1nn(-c2ccccc2C(F)(F)F)c(C(=O)OCC)c1Cc1ccc(-c2ccccc2-c2nn[nH]n2)cc1,10,42,52,10,42,52,32,10,46,1,5,ok,0.000143714,1,0.000143714,143714.000,,,,10,10,0,"[#8,#6]-,:[#7,#6]=,-[#6]-[#6]1:[#6]:[#6]:[#6](:[#6]:[#6]:1)-[#17,#6]",Permissive MCS: any atom type and any bond type can match.,
p0008,size-combinations,mcs,mcs_elements_order,MCS elements/order,1,122720,330967,O/N=C/c1ccc(Cl)cc1,CCCCc1nn(-c2ccccc2C(F)(F)F)c(C(=O)OCC)c1Cc1ccc(-c2ccccc2-c2nn[nH]n2)cc1,10,42,52,10,42,52,32,10,46,1,5,ok,0.000101006,1,0.000101006,101006.000,,,,7,7,0,[#6]-[#6]1:[#6]:[#6]:[#6]:[#6]:[#6]:1,Closest MCS counterpart to a raw SMILES substructure query.,
p0008,size-combinations,mcs,mcs_elements_order_maximize_atoms,MCS elements/order maximize atoms,0,122720,330967,O/N=C/c1ccc(Cl)cc1,CCCCc1nn(-c2ccccc2C(F)(F)F)c(C(=O)OCC)c1Cc1ccc(-c2ccccc2-c2nn[nH]n2)cc1,10,42,52,10,42,52,32,10,46,1,5,ok,9.1921e-05,1,9.1921e-05,91921.000,,,,7,7,0,[#6]-[#6]1:[#6]:[#6]:[#6]:[#6]:[#6]:1,"Same element/order comparison, but optimize atom count instead of bond count.",
p0008,size-combinations,mcs,mcs_elements_order_ring_atoms,MCS elements/order ring atoms,0,122720,330967,O/N=C/c1ccc(Cl)cc1,CCCCc1nn(-c2ccccc2C(F)(F)F)c(C(=O)OCC)c1Cc1ccc(-c2ccccc2-c2nn[nH]n2)cc1,10,42,52,10,42,52,32,10,46,1,5,ok,0.000105634,1,0.000105634,105634.000,,,,7,7,0,[#6&!R]-&!@[#6]1:&@[#6]:&@[#6]:&@[#6]:&@[#6]:&@[#6]:&@1,Ring atoms and ring bonds only match ring atoms and ring bonds.,
p0008,size-combinations,mcs,mcs_elements_order_whole_rings,MCS elements/order whole rings,0,122720,330967,O/N=C/c1ccc(Cl)cc1,CCCCc1nn(-c2ccccc2C(F)(F)F)c(C(=O)OCC)c1Cc1ccc(-c2ccccc2-c2nn[nH]n2)cc1,10,42,52,10,42,52,32,10,46,1,5,ok,0.000131097,1,0.000131097,131097.000,,,,7,7,0,[#6]-&!@[#6]1:&@[#6]:&@[#6]:&@[#6]:&@[#6]:&@[#6]:&@1,MCS completeRingsOnly=True; partial ring MCS results are rejected.,
p0008,size-combinations,mcs,mcs_elements_order_ring_atoms_whole_rings,MCS elements/order ring atoms + whole rings,0,122720,330967,O/N=C/c1ccc(Cl)cc1,CCCCc1nn(-c2ccccc2C(F)(F)F)c(C(=O)OCC)c1Cc1ccc(-c2ccccc2-c2nn[nH]n2)cc1,10,42,52,10,42,52,32,10,46,1,5,ok,0.000124241,1,0.000124241,124241.000,,,,7,7,0,[#6&!R]-&!@[#6]1:&@[#6]:&@[#6]:&@[#6]:&@[#6]:&@[#6]:&@1,Both ringMatchesRingOnly and completeRingsOnly are enabled.,
p0008,size-combinations,substruct,substruct_smiles,Substruct raw SMILES,1,122720,330967,O/N=C/c1ccc(Cl)cc1,CCCCc1nn(-c2ccccc2C(F)(F)F)c(C(=O)OCC)c1Cc1ccc(-c2ccccc2-c2nn[nH]n2)cc1,10,42,52,10,42,52,32,10,46,1,5,ok,2.0994e-05,20,1.0497e-06,1049.700,has-match,0,0,,,,,Best SMILES-substructure baseline. Substructure has no direct completeRingsOnly option.,
p0008,size-combinations,substruct,substruct_elements_any_bond,Substruct elements/any bond,0,122720,330967,O/N=C/c1ccc(Cl)cc1,CCCCc1nn(-c2ccccc2C(F)(F)F)c(C(=O)OCC)c1Cc1ccc(-c2ccccc2-c2nn[nH]n2)cc1,10,42,52,10,42,52,32,10,46,1,5,ok,1.8882e-05,20,9.441e-07,944.100,has-match,0,0,,,,,Query keeps atom elements but uses generic bonds.,
p0008,size-combinations,substruct,substruct_any_atom_bond,Substruct any atoms/bonds,0,122720,330967,O/N=C/c1ccc(Cl)cc1,CCCCc1nn(-c2ccccc2C(F)(F)F)c(C(=O)OCC)c1Cc1ccc(-c2ccccc2-c2nn[nH]n2)cc1,10,42,52,10,42,52,32,10,46,1,5,ok,0.000913588,20,4.56794e-05,45679.400,has-match,1,1,,,,,"Query uses generic atoms and generic bonds, similar to CompareAny topology.",
p0008,size-combinations,substruct,substruct_ring_atoms,Substruct ring-chain atoms,0,122720,330967,O/N=C/c1ccc(Cl)cc1,CCCCc1nn(-c2ccccc2C(F)(F)F)c(C(=O)OCC)c1Cc1ccc(-c2ccccc2-c2nn[nH]n2)cc1,10,42,52,10,42,52,32,10,46,1,5,ok,2.5212e-05,20,1.2606e-06,1260.600,has-match,0,0,,,,,Query adds ring/chain atom constraints; closest substruct analog to ringMatchesRingOnly.,
p0009,size-combinations,mcs,mcs_any_atom_bond,MCS CompareAny atoms/bonds,0,122720,1722387,O/N=C/c1ccc(Cl)cc1,N=C(N)NCCC[C@@H](NC(=O)[C@@H](CCCNC(=N)N)NC(=O)CCCCCNC(=O)[C@@H](CCCCN)NC(=O)CCCCCCCN1CCCN(S(=O)(=O)c2cccc3cnccc23)CC1)C(N)=O,10,69,79,10,69,79,59,10,71,1,3,ok,0.000321283,1,0.000321283,321283.000,,,,10,9,0,"[#8,#6]-[#7,#6]=,-[#6]-[#6](:,-[#6,#7]:,-[#6]:,-[#6]-[#17,#6]):,-[#6]:,-[#6,#7]",Permissive MCS: any atom type and any bond type can match.,
p0009,size-combinations,mcs,mcs_elements_order,MCS elements/order,1,122720,1722387,O/N=C/c1ccc(Cl)cc1,N=C(N)NCCC[C@@H](NC(=O)[C@@H](CCCNC(=N)N)NC(=O)CCCCCNC(=O)[C@@H](CCCCN)NC(=O)CCCCCCCN1CCCN(S(=O)(=O)c2cccc3cnccc23)CC1)C(N)=O,10,69,79,10,69,79,59,10,71,1,3,ok,0.000155274,1,0.000155274,155274.000,,,,7,7,0,"[#6]-,:[#6]1:[#6]:[#6]:[#6]:[#6]:[#6]:1",Closest MCS counterpart to a raw SMILES substructure query.,
p0009,size-combinations,mcs,mcs_elements_order_maximize_atoms,MCS elements/order maximize atoms,0,122720,1722387,O/N=C/c1ccc(Cl)cc1,N=C(N)NCCC[C@@H](NC(=O)[C@@H](CCCNC(=N)N)NC(=O)CCCCCNC(=O)[C@@H](CCCCN)NC(=O)CCCCCCCN1CCCN(S(=O)(=O)c2cccc3cnccc23)CC1)C(N)=O,10,69,79,10,69,79,59,10,71,1,3,ok,0.000138542,1,0.000138542,138542.000,,,,7,7,0,"[#6]-,:[#6]1:[#6]:[#6]:[#6]:[#6]:[#6]:1","Same element/order comparison, but optimize atom count instead of bond count.",
p0009,size-combinations,mcs,mcs_elements_order_ring_atoms,MCS elements/order ring atoms,0,122720,1722387,O/N=C/c1ccc(Cl)cc1,N=C(N)NCCC[C@@H](NC(=O)[C@@H](CCCNC(=N)N)NC(=O)CCCCCNC(=O)[C@@H](CCCCN)NC(=O)CCCCCCCN1CCCN(S(=O)(=O)c2cccc3cnccc23)CC1)C(N)=O,10,69,79,10,69,79,59,10,71,1,3,ok,0.000148918,1,0.000148918,148918.000,,,,6,6,0,[#6]1:&@[#6]:&@[#6]:&@[#6]:&@[#6]:&@[#6]:&@1,Ring atoms and ring bonds only match ring atoms and ring bonds.,
p0009,size-combinations,mcs,mcs_elements_order_whole_rings,MCS elements/order whole rings,0,122720,1722387,O/N=C/c1ccc(Cl)cc1,N=C(N)NCCC[C@@H](NC(=O)[C@@H](CCCNC(=N)N)NC(=O)CCCCCNC(=O)[C@@H](CCCCN)NC(=O)CCCCCCCN1CCCN(S(=O)(=O)c2cccc3cnccc23)CC1)C(N)=O,10,69,79,10,69,79,59,10,71,1,3,ok,0.000207586,1,0.000207586,207586.000,,,,6,6,0,[#6]1:&@[#6]:&@[#6]:&@[#6]:&@[#6]:&@[#6]:&@1,MCS completeRingsOnly=True; partial ring MCS results are rejected.,
p0009,size-combinations,mcs,mcs_elements_order_ring_atoms_whole_rings,MCS elements/order ring atoms + whole rings,0,122720,1722387,O/N=C/c1ccc(Cl)cc1,N=C(N)NCCC[C@@H](NC(=O)[C@@H](CCCNC(=N)N)NC(=O)CCCCCNC(=O)[C@@H](CCCCN)NC(=O)CCCCCCCN1CCCN(S(=O)(=O)c2cccc3cnccc23)CC1)C(N)=O,10,69,79,10,69,79,59,10,71,1,3,ok,0.00017413,1,0.00017413,174130.000,,,,6,6,0,[#6]1:&@[#6]:&@[#6]:&@[#6]:&@[#6]:&@[#6]:&@1,Both ringMatchesRingOnly and completeRingsOnly are enabled.,
p0009,size-combinations,substruct,substruct_smiles,Substruct raw SMILES,1,122720,1722387,O/N=C/c1ccc(Cl)cc1,N=C(N)NCCC[C@@H](NC(=O)[C@@H](CCCNC(=N)N)NC(=O)CCCCCNC(=O)[C@@H](CCCCN)NC(=O)CCCCCCCN1CCCN(S(=O)(=O)c2cccc3cnccc23)CC1)C(N)=O,10,69,79,10,69,79,59,10,71,1,3,ok,2.9349e-05,20,1.46745e-06,1467.450,has-match,0,0,,,,,Best SMILES-substructure baseline. Substructure has no direct completeRingsOnly option.,
p0009,size-combinations,substruct,substruct_elements_any_bond,Substruct elements/any bond,0,122720,1722387,O/N=C/c1ccc(Cl)cc1,N=C(N)NCCC[C@@H](NC(=O)[C@@H](CCCNC(=N)N)NC(=O)CCCCCNC(=O)[C@@H](CCCCN)NC(=O)CCCCCCCN1CCCN(S(=O)(=O)c2cccc3cnccc23)CC1)C(N)=O,10,69,79,10,69,79,59,10,71,1,3,ok,2.5843e-05,20,1.29215e-06,1292.150,has-match,0,0,,,,,Query keeps atom elements but uses generic bonds.,
p0009,size-combinations,substruct,substruct_any_atom_bond,Substruct any atoms/bonds,0,122720,1722387,O/N=C/c1ccc(Cl)cc1,N=C(N)NCCC[C@@H](NC(=O)[C@@H](CCCNC(=N)N)NC(=O)CCCCCNC(=O)[C@@H](CCCCN)NC(=O)CCCCCCCN1CCCN(S(=O)(=O)c2cccc3cnccc23)CC1)C(N)=O,10,69,79,10,69,79,59,10,71,1,3,ok,0.000592531,20,2.962655e-05,29626.550,has-match,0,0,,,,,"Query uses generic atoms and generic bonds, similar to CompareAny topology.",
p0009,size-combinations,substruct,substruct_ring_atoms,Substruct ring-chain atoms,0,122720,1722387,O/N=C/c1ccc(Cl)cc1,N=C(N)NCCC[C@@H](NC(=O)[C@@H](CCCNC(=N)N)NC(=O)CCCCCNC(=O)[C@@H](CCCCN)NC(=O)CCCCCCCN1CCCN(S(=O)(=O)c2cccc3cnccc23)CC1)C(N)=O,10,69,79,10,69,79,59,10,71,1,3,ok,3.4451e-05,20,1.72255e-06,1722.550,has-match,0,0,,,,,Query adds ring/chain atom constraints; closest substruct analog to ringMatchesRingOnly.,
p0010,size-combinations,mcs,mcs_any_atom_bond,MCS CompareAny atoms/bonds,0,2253626,358758,OCC#CC(O)c1ccccc1,Cc1ccc2oc(-c3ccc(OCCCCc4cn(CCN(CCOc5ccc6c(=O)cc(-c7ccccc7)oc6c5)Cc5ccccc5)nn4)cc3)cc(=O)c2c1,12,58,70,12,58,70,46,12,65,1,8,ok,0.000167076,1,0.000167076,167076.000,,,,12,12,0,"[#8,#6]-,:[#6]-,:[#6]#,:[#6,#8]-,:[#6](-,:[#8,#6])-[#6]1:[#6]:[#6]:[#6]:[#6]:[#6]:1",Permissive MCS: any atom type and any bond type can match.,
p0010,size-combinations,mcs,mcs_elements_order,MCS elements/order,1,2253626,358758,OCC#CC(O)c1ccccc1,Cc1ccc2oc(-c3ccc(OCCCCc4cn(CCN(CCOc5ccc6c(=O)cc(-c7ccccc7)oc6c5)Cc5ccccc5)nn4)cc3)cc(=O)c2c1,12,58,70,12,58,70,46,12,65,1,8,ok,0.000158902,1,0.000158902,158902.000,,,,9,9,0,"[#6]-,:[#6](-,:[#8])-[#6]1:[#6]:[#6]:[#6]:[#6]:[#6]:1",Closest MCS counterpart to a raw SMILES substructure query.,
p0010,size-combinations,mcs,mcs_elements_order_maximize_atoms,MCS elements/order maximize atoms,0,2253626,358758,OCC#CC(O)c1ccccc1,Cc1ccc2oc(-c3ccc(OCCCCc4cn(CCN(CCOc5ccc6c(=O)cc(-c7ccccc7)oc6c5)Cc5ccccc5)nn4)cc3)cc(=O)c2c1,12,58,70,12,58,70,46,12,65,1,8,ok,0.000134435,1,0.000134435,134435.000,,,,9,9,0,"[#6]-,:[#6](-,:[#8])-[#6]1:[#6]:[#6]:[#6]:[#6]:[#6]:1","Same element/order comparison, but optimize atom count instead of bond count.",
p0010,size-combinations,mcs,mcs_elements_order_ring_atoms,MCS elements/order ring atoms,0,2253626,358758,OCC#CC(O)c1ccccc1,Cc1ccc2oc(-c3ccc(OCCCCc4cn(CCN(CCOc5ccc6c(=O)cc(-c7ccccc7)oc6c5)Cc5ccccc5)nn4)cc3)cc(=O)c2c1,12,58,70,12,58,70,46,12,65,1,8,ok,0.00016826,1,0.00016826,168260.000,,,,7,7,0,[#6&!R]-&!@[#6]1:&@[#6]:&@[#6]:&@[#6]:&@[#6]:&@[#6]:&@1,Ring atoms and ring bonds only match ring atoms and ring bonds.,
p0010,size-combinations,mcs,mcs_elements_order_whole_rings,MCS elements/order whole rings,0,2253626,358758,OCC#CC(O)c1ccccc1,Cc1ccc2oc(-c3ccc(OCCCCc4cn(CCN(CCOc5ccc6c(=O)cc(-c7ccccc7)oc6c5)Cc5ccccc5)nn4)cc3)cc(=O)c2c1,12,58,70,12,58,70,46,12,65,1,8,ok,0.000207623,1,0.000207623,207623.000,,,,7,7,0,[#6]-&!@[#6]1:&@[#6]:&@[#6]:&@[#6]:&@[#6]:&@[#6]:&@1,MCS completeRingsOnly=True; partial ring MCS results are rejected.,
p0010,size-combinations,mcs,mcs_elements_order_ring_atoms_whole_rings,MCS elements/order ring atoms + whole rings,0,2253626,358758,OCC#CC(O)c1ccccc1,Cc1ccc2oc(-c3ccc(OCCCCc4cn(CCN(CCOc5ccc6c(=O)cc(-c7ccccc7)oc6c5)Cc5ccccc5)nn4)cc3)cc(=O)c2c1,12,58,70,12,58,70,46,12,65,1,8,ok,0.000191136,1,0.000191136,191136.000,,,,7,7,0,[#6&!R]-&!@[#6]1:&@[#6]:&@[#6]:&@[#6]:&@[#6]:&@[#6]:&@1,Both ringMatchesRingOnly and completeRingsOnly are enabled.,
p0010,size-combinations,substruct,substruct_smiles,Substruct raw SMILES,1,2253626,358758,OCC#CC(O)c1ccccc1,Cc1ccc2oc(-c3ccc(OCCCCc4cn(CCN(CCOc5ccc6c(=O)cc(-c7ccccc7)oc6c5)Cc5ccccc5)nn4)cc3)cc(=O)c2c1,12,58,70,12,58,70,46,12,65,1,8,ok,3.5644e-05,20,1.7822e-06,1782.200,has-match,0,0,,,,,Best SMILES-substructure baseline. Substructure has no direct completeRingsOnly option.,
p0010,size-combinations,substruct,substruct_elements_any_bond,Substruct elements/any bond,0,2253626,358758,OCC#CC(O)c1ccccc1,Cc1ccc2oc(-c3ccc(OCCCCc4cn(CCN(CCOc5ccc6c(=O)cc(-c7ccccc7)oc6c5)Cc5ccccc5)nn4)cc3)cc(=O)c2c1,12,58,70,12,58,70,46,12,65,1,8,ok,7.3206e-05,20,3.6603e-06,3660.300,has-match,0,0,,,,,Query keeps atom elements but uses generic bonds.,
p0010,size-combinations,substruct,substruct_any_atom_bond,Substruct any atoms/bonds,0,2253626,358758,OCC#CC(O)c1ccccc1,Cc1ccc2oc(-c3ccc(OCCCCc4cn(CCN(CCOc5ccc6c(=O)cc(-c7ccccc7)oc6c5)Cc5ccccc5)nn4)cc3)cc(=O)c2c1,12,58,70,12,58,70,46,12,65,1,8,ok,0.001252424,20,6.26212e-05,62621.200,has-match,1,1,,,,,"Query uses generic atoms and generic bonds, similar to CompareAny topology.",
p0010,size-combinations,substruct,substruct_ring_atoms,Substruct ring-chain atoms,0,2253626,358758,OCC#CC(O)c1ccccc1,Cc1ccc2oc(-c3ccc(OCCCCc4cn(CCN(CCOc5ccc6c(=O)cc(-c7ccccc7)oc6c5)Cc5ccccc5)nn4)cc3)cc(=O)c2c1,12,58,70,12,58,70,46,12,65,1,8,ok,3.8896e-05,20,1.9448e-06,1944.800,has-match,0,0,,,,,Query adds ring/chain atom constraints; closest substruct analog to ringMatchesRingOnly.,
p0011,size-combinations,mcs,mcs_any_atom_bond,MCS CompareAny atoms/bonds,0,1657621,692963,C1CN(Cc2nnn[nH]2)CCO1.Cl,CN[C@@](C)(CO[C@H]1[C@H](n2ncnc2-c2ccncc2)C[C@@]23COC[C@]1(C)[C@@H]2CC[C@H]1C3=CC[C@@]2(C)[C@H](C(=O)O)[C@@](C)([C@H](C)C(C)C)CC[C@]12C)C(C)C,13,53,66,13,53,66,40,13,59,2,7,ok,0.000690759,1,0.000690759,690759.000,,,,12,12,0,"[#6]1-[#6]-[#7,#6](-[#6]-[#6](:,-[#7,#6]:,-[#7,#6]):,-[#7,#6]:,-[#7,#6])-[#6]-[#6]-[#8,#6]-1",Permissive MCS: any atom type and any bond type can match.,
p0011,size-combinations,mcs,mcs_elements_order,MCS elements/order,1,1657621,692963,C1CN(Cc2nnn[nH]2)CCO1.Cl,CN[C@@](C)(CO[C@H]1[C@H](n2ncnc2-c2ccncc2)C[C@@]23COC[C@]1(C)[C@@H]2CC[C@H]1C3=CC[C@@]2(C)[C@H](C(=O)O)[C@@](C)([C@H](C)C(C)C)CC[C@]12C)C(C)C,13,53,66,13,53,66,40,13,59,2,7,ok,0.0003976,1,0.0003976,397600.000,,,,8,7,0,"[#6](-[#6]-[#7]-,:[#6]-[#6])-[#8]-[#6]-[#6]",Closest MCS counterpart to a raw SMILES substructure query.,
p0011,size-combinations,mcs,mcs_elements_order_maximize_atoms,MCS elements/order maximize atoms,0,1657621,692963,C1CN(Cc2nnn[nH]2)CCO1.Cl,CN[C@@](C)(CO[C@H]1[C@H](n2ncnc2-c2ccncc2)C[C@@]23COC[C@]1(C)[C@@H]2CC[C@H]1C3=CC[C@@]2(C)[C@H](C(=O)O)[C@@](C)([C@H](C)C(C)C)CC[C@]12C)C(C)C,13,53,66,13,53,66,40,13,59,2,7,ok,0.000381889,1,0.000381889,381889.000,,,,8,7,0,"[#6](-[#6]-[#7]-,:[#6]-[#6])-[#8]-[#6]-[#6]","Same element/order comparison, but optimize atom count instead of bond count.",
p0011,size-combinations,mcs,mcs_elements_order_ring_atoms,MCS elements/order ring atoms,0,1657621,692963,C1CN(Cc2nnn[nH]2)CCO1.Cl,CN[C@@](C)(CO[C@H]1[C@H](n2ncnc2-c2ccncc2)C[C@@]23COC[C@]1(C)[C@@H]2CC[C@H]1C3=CC[C@@]2(C)[C@H](C(=O)O)[C@@](C)([C@H](C)C(C)C)CC[C@]12C)C(C)C,13,53,66,13,53,66,40,13,59,2,7,ok,0.000220469,1,0.000220469,220469.000,,,,5,4,0,[#6&R](-&@[#6&R])-&@[#8&R]-&@[#6&R]-&@[#6&R],Ring atoms and ring bonds only match ring atoms and ring bonds.,
p0011,size-combinations,mcs,mcs_elements_order_whole_rings,MCS elements/order whole rings,0,1657621,692963,C1CN(Cc2nnn[nH]2)CCO1.Cl,CN[C@@](C)(CO[C@H]1[C@H](n2ncnc2-c2ccncc2)C[C@@]23COC[C@]1(C)[C@@H]2CC[C@H]1C3=CC[C@@]2(C)[C@H](C(=O)O)[C@@](C)([C@H](C)C(C)C)CC[C@]12C)C(C)C,13,53,66,13,53,66,40,13,59,2,7,ok,0.000215145,1,0.000215145,215145.000,,,,3,2,0,[#7]-&!@[#6]-&!@[#6],MCS completeRingsOnly=True; partial ring MCS results are rejected.,
p0011,size-combinations,mcs,mcs_elements_order_ring_atoms_whole_rings,MCS elements/order ring atoms + whole rings,0,1657621,692963,C1CN(Cc2nnn[nH]2)CCO1.Cl,CN[C@@](C)(CO[C@H]1[C@H](n2ncnc2-c2ccncc2)C[C@@]23COC[C@]1(C)[C@@H]2CC[C@H]1C3=CC[C@@]2(C)[C@H](C(=O)O)[C@@](C)([C@H](C)C(C)C)CC[C@]12C)C(C)C,13,53,66,13,53,66,40,13,59,2,7,ok,0.000185401,1,0.000185401,185401.000,,,,2,1,0,[#6&!R]-&!@[#6&R],Both ringMatchesRingOnly and completeRingsOnly are enabled.,
p0011,size-combinations,substruct,substruct_smiles,Substruct raw SMILES,1,1657621,692963,C1CN(Cc2nnn[nH]2)CCO1.Cl,CN[C@@](C)(CO[C@H]1[C@H](n2ncnc2-c2ccncc2)C[C@@]23COC[C@]1(C)[C@@H]2CC[C@H]1C3=CC[C@@]2(C)[C@H](C(=O)O)[C@@](C)([C@H](C)C(C)C)CC[C@]12C)C(C)C,13,53,66,13,53,66,40,13,59,2,7,ok,9.3834e-05,20,4.6917e-06,4691.700,has-match,0,0,,,,,Best SMILES-substructure baseline. Substructure has no direct completeRingsOnly option.,
p0011,size-combinations,substruct,substruct_elements_any_bond,Substruct elements/any bond,0,1657621,692963,C1CN(Cc2nnn[nH]2)CCO1.Cl,CN[C@@](C)(CO[C@H]1[C@H](n2ncnc2-c2ccncc2)C[C@@]23COC[C@]1(C)[C@@H]2CC[C@H]1C3=CC[C@@]2(C)[C@H](C(=O)O)[C@@](C)([C@H](C)C(C)C)CC[C@]12C)C(C)C,13,53,66,13,53,66,40,13,59,2,7,ok,0.00010986,20,5.493e-06,5493.000,has-match,0,0,,,,,Query keeps atom elements but uses generic bonds.,
p0011,size-combinations,substruct,substruct_any_atom_bond,Substruct any atoms/bonds,0,1657621,692963,C1CN(Cc2nnn[nH]2)CCO1.Cl,CN[C@@](C)(CO[C@H]1[C@H](n2ncnc2-c2ccncc2)C[C@@]23COC[C@]1(C)[C@@H]2CC[C@H]1C3=CC[C@@]2(C)[C@H](C(=O)O)[C@@](C)([C@H](C)C(C)C)CC[C@]12C)C(C)C,13,53,66,13,53,66,40,13,59,2,7,ok,0.001231807,20,6.159035e-05,61590.350,has-match,0,0,,,,,"Query uses generic atoms and generic bonds, similar to CompareAny topology.",
p0011,size-combinations,substruct,substruct_ring_atoms,Substruct ring-chain atoms,0,1657621,692963,C1CN(Cc2nnn[nH]2)CCO1.Cl,CN[C@@](C)(CO[C@H]1[C@H](n2ncnc2-c2ccncc2)C[C@@]23COC[C@]1(C)[C@@H]2CC[C@H]1C3=CC[C@@]2(C)[C@H](C(=O)O)[C@@](C)([C@H](C)C(C)C)CC[C@]12C)C(C)C,13,53,66,13,53,66,40,13,59,2,7,ok,0.000110007,20,5.50035e-06,5500.350,has-match,0,0,,,,,Query adds ring/chain atom constraints; closest substruct analog to ringMatchesRingOnly.,
p0012,size-combinations,mcs,mcs_any_atom_bond,MCS CompareAny atoms/bonds,0,1657621,1835593,C1CN(Cc2nnn[nH]2)CCO1.Cl,CCC[C@H](NC(=O)[C@@H]1C[C@@H](OC(=O)N2CCc3ccccc3C2)CN1C(=O)[C@@H](NC(=O)[C@@H](NC(=O)CCCCn1cnnn1)C(C)C)C(C)C)C(=O)C(=O)NC(=O)CN,13,59,72,13,59,72,46,13,62,2,4,ok,0.000665498,1,0.000665498,665498.000,,,,12,12,0,"[#6]1-,:[#6]-,:[#7,#6](-[#6]-[#6,#7](:,-[#7,#6]:,-[#7,#8]):,-[#7,#6]:,-[#7,#6])-,:[#6]-,:[#6]-,:[#8,#6]-,:1",Permissive MCS: any atom type and any bond type can match.,
p0012,size-combinations,mcs,mcs_elements_order,MCS elements/order,1,1657621,1835593,C1CN(Cc2nnn[nH]2)CCO1.Cl,CCC[C@H](NC(=O)[C@@H]1C[C@@H](OC(=O)N2CCc3ccccc3C2)CN1C(=O)[C@@H](NC(=O)[C@@H](NC(=O)CCCCn1cnnn1)C(C)C)C(C)C)C(=O)C(=O)NC(=O)CN,13,59,72,13,59,72,46,13,62,2,4,ok,0.00075967,1,0.00075967,759670.000,,,,9,8,0,"[#6](-[#6]-[#7](-[#6]-[#6]:,-[#7])-[#6])-[#8]-[#6]",Closest MCS counterpart to a raw SMILES substructure query.,
p0012,size-combinations,mcs,mcs_elements_order_maximize_atoms,MCS elements/order maximize atoms,0,1657621,1835593,C1CN(Cc2nnn[nH]2)CCO1.Cl,CCC[C@H](NC(=O)[C@@H]1C[C@@H](OC(=O)N2CCc3ccccc3C2)CN1C(=O)[C@@H](NC(=O)[C@@H](NC(=O)CCCCn1cnnn1)C(C)C)C(C)C)C(=O)C(=O)NC(=O)CN,13,59,72,13,59,72,46,13,62,2,4,ok,0.00074349,1,0.00074349,743490.000,,,,9,8,0,"[#6](-[#6]-[#7](-[#6]-[#6]:,-[#7])-[#6])-[#8]-[#6]","Same element/order comparison, but optimize atom count instead of bond count.",
p0012,size-combinations,mcs,mcs_elements_order_ring_atoms,MCS elements/order ring atoms,0,1657621,1835593,C1CN(Cc2nnn[nH]2)CCO1.Cl,CCC[C@H](NC(=O)[C@@H]1C[C@@H](OC(=O)N2CCc3ccccc3C2)CN1C(=O)[C@@H](NC(=O)[C@@H](NC(=O)CCCCn1cnnn1)C(C)C)C(C)C)C(=O)C(=O)NC(=O)CN,13,59,72,13,59,72,46,13,62,2,4,ok,0.000227866,1,0.000227866,227866.000,,,,6,5,0,[#6&R]-&@[#6&R]-&@[#7&R](-&!@[#6&!R])-&@[#6&R]-&@[#6&R],Ring atoms and ring bonds only match ring atoms and ring bonds.,
p0012,size-combinations,mcs,mcs_elements_order_whole_rings,MCS elements/order whole rings,0,1657621,1835593,C1CN(Cc2nnn[nH]2)CCO1.Cl,CCC[C@H](NC(=O)[C@@H]1C[C@@H](OC(=O)N2CCc3ccccc3C2)CN1C(=O)[C@@H](NC(=O)[C@@H](NC(=O)CCCCn1cnnn1)C(C)C)C(C)C)C(=O)C(=O)NC(=O)CN,13,59,72,13,59,72,46,13,62,2,4,ok,0.000279448,1,0.000279448,279448.000,,,,5,5,0,[#6]1:&@[#7]:&@[#7]:&@[#7]:&@[#7]:&@1,MCS completeRingsOnly=True; partial ring MCS results are rejected.,
p0012,size-combinations,mcs,mcs_elements_order_ring_atoms_whole_rings,MCS elements/order ring atoms + whole rings,0,1657621,1835593,C1CN(Cc2nnn[nH]2)CCO1.Cl,CCC[C@H](NC(=O)[C@@H]1C[C@@H](OC(=O)N2CCc3ccccc3C2)CN1C(=O)[C@@H](NC(=O)[C@@H](NC(=O)CCCCn1cnnn1)C(C)C)C(C)C)C(=O)C(=O)NC(=O)CN,13,59,72,13,59,72,46,13,62,2,4,ok,0.000247389,1,0.000247389,247389.000,,,,5,5,0,[#6]1:&@[#7]:&@[#7]:&@[#7]:&@[#7]:&@1,Both ringMatchesRingOnly and completeRingsOnly are enabled.,
p0012,size-combinations,substruct,substruct_smiles,Substruct raw SMILES,1,1657621,1835593,C1CN(Cc2nnn[nH]2)CCO1.Cl,CCC[C@H](NC(=O)[C@@H]1C[C@@H](OC(=O)N2CCc3ccccc3C2)CN1C(=O)[C@@H](NC(=O)[C@@H](NC(=O)CCCCn1cnnn1)C(C)C)C(C)C)C(=O)C(=O)NC(=O)CN,13,59,72,13,59,72,46,13,62,2,4,ok,0.000101364,20,5.0682e-06,5068.200,has-match,0,0,,,,,Best SMILES-substructure baseline. Substructure has no direct completeRingsOnly option.,
p0012,size-combinations,substruct,substruct_elements_any_bond,Substruct elements/any bond,0,1657621,1835593,C1CN(Cc2nnn[nH]2)CCO1.Cl,CCC[C@H](NC(=O)[C@@H]1C[C@@H](OC(=O)N2CCc3ccccc3C2)CN1C(=O)[C@@H](NC(=O)[C@@H](NC(=O)CCCCn1cnnn1)C(C)C)C(C)C)C(=O)C(=O)NC(=O)CN,13,59,72,13,59,72,46,13,62,2,4,ok,0.000109913,20,5.49565e-06,5495.650,has-match,0,0,,,,,Query keeps atom elements but uses generic bonds.,
p0012,size-combinations,substruct,substruct_any_atom_bond,Substruct any atoms/bonds,0,1657621,1835593,C1CN(Cc2nnn[nH]2)CCO1.Cl,CCC[C@H](NC(=O)[C@@H]1C[C@@H](OC(=O)N2CCc3ccccc3C2)CN1C(=O)[C@@H](NC(=O)[C@@H](NC(=O)CCCCn1cnnn1)C(C)C)C(C)C)C(=O)C(=O)NC(=O)CN,13,59,72,13,59,72,46,13,62,2,4,ok,0.000488053,20,2.440265e-05,24402.650,has-match,0,0,,,,,"Query uses generic atoms and generic bonds, similar to CompareAny topology.",
p0012,size-combinations,substruct,substruct_ring_atoms,Substruct ring-chain atoms,0,1657621,1835593,C1CN(Cc2nnn[nH]2)CCO1.Cl,CCC[C@H](NC(=O)[C@@H]1C[C@@H](OC(=O)N2CCc3ccccc3C2)CN1C(=O)[C@@H](NC(=O)[C@@H](NC(=O)CCCCn1cnnn1)C(C)C)C(C)C)C(=O)C(=O)NC(=O)CN,13,59,72,13,59,72,46,13,62,2,4,ok,6.8085e-05,20,3.40425e-06,3404.250,has-match,0,0,,,,,Query adds ring/chain atom constraints; closest substruct analog to ringMatchesRingOnly.,
p0013,size-combinations,mcs,mcs_any_atom_bond,MCS CompareAny atoms/bonds,0,1554990,304880,CC(=O)Nc1ccc2c(c1Br)Cc1ccccc1-2,CO[C@@H]1[C@H](NCCOCCOCCOCCNC(=O)CCC2=[N+]3C(=Cc4c(C)cc(C)n4[B-]3(F)F)C=C2)C[C@H]2O[C@]1(C)n1c3ccccc3c3c4c(c5c6ccccc6n2c5c31)C(=O)NC4,18,66,84,18,66,84,48,20,76,3,11,ok,0.00798535,1,0.00798535,7985350.000,,,,18,19,0,"[#6,#7]-,:[#6](=,:[#8,#6])-,:[#7,#6]-,:[#6]1:[#6]:[#6]:[#6](:[#6](:[#6]:1-[#35,#6])-[#6])-,:[#6]1:[#6]:[#6]:[#6]:[#6]:[#6]:1",Permissive MCS: any atom type and any bond type can match.,
p0013,size-combinations,mcs,mcs_elements_order,MCS elements/order,1,1554990,304880,CC(=O)Nc1ccc2c(c1Br)Cc1ccccc1-2,CO[C@@H]1[C@H](NCCOCCOCCOCCNC(=O)CCC2=[N+]3C(=Cc4c(C)cc(C)n4[B-]3(F)F)C=C2)C[C@H]2O[C@]1(C)n1c3ccccc3c3c4c(c5c6ccccc6n2c5c31)C(=O)NC4,18,66,84,18,66,84,48,20,76,3,11,ok,0.011095468,1,0.011095468,11095468.000,,,,17,16,0,"[#6]-[#6](=[#8])-[#7]-[#6]:,-[#6]:[#6](:[#6](:[#6]:[#6])-,:[#6]:[#6]:[#6])-,:[#6]-,:[#6]:[#6]:[#6]",Closest MCS counterpart to a raw SMILES substructure query.,
p0013,size-combinations,mcs,mcs_elements_order_maximize_atoms,MCS elements/order maximize atoms,0,1554990,304880,CC(=O)Nc1ccc2c(c1Br)Cc1ccccc1-2,CO[C@@H]1[C@H](NCCOCCOCCOCCNC(=O)CCC2=[N+]3C(=Cc4c(C)cc(C)n4[B-]3(F)F)C=C2)C[C@H]2O[C@]1(C)n1c3ccccc3c3c4c(c5c6ccccc6n2c5c31)C(=O)NC4,18,66,84,18,66,84,48,20,76,3,11,ok,0.011219257,1,0.011219257,11219257.000,,,,17,16,0,"[#6]-[#6](=[#8])-[#7]-[#6]:,-[#6]:[#6](:[#6](:[#6]:[#6])-,:[#6]:[#6]:[#6])-,:[#6]-,:[#6]:[#6]:[#6]","Same element/order comparison, but optimize atom count instead of bond count.",
p0013,size-combinations,mcs,mcs_elements_order_ring_atoms,MCS elements/order ring atoms,0,1554990,304880,CC(=O)Nc1ccc2c(c1Br)Cc1ccccc1-2,CO[C@@H]1[C@H](NCCOCCOCCOCCNC(=O)CCC2=[N+]3C(=Cc4c(C)cc(C)n4[B-]3(F)F)C=C2)C[C@H]2O[C@]1(C)n1c3ccccc3c3c4c(c5c6ccccc6n2c5c31)C(=O)NC4,18,66,84,18,66,84,48,20,76,3,11,ok,0.003722811,1,0.003722811,3722811.000,,,,13,14,0,"[#6]1:&@[#6]:&@[#6]:&@[#6](:&@[#6](:&@[#6]:&@1)-&@[#6&R])-,:;@[#6]1:&@[#6]:&@[#6]:&@[#6]:&@[#6]:&@[#6]:&@1",Ring atoms and ring bonds only match ring atoms and ring bonds.,
p0013,size-combinations,mcs,mcs_elements_order_whole_rings,MCS elements/order whole rings,0,1554990,304880,CC(=O)Nc1ccc2c(c1Br)Cc1ccccc1-2,CO[C@@H]1[C@H](NCCOCCOCCOCCNC(=O)CCC2=[N+]3C(=Cc4c(C)cc(C)n4[B-]3(F)F)C=C2)C[C@H]2O[C@]1(C)n1c3ccccc3c3c4c(c5c6ccccc6n2c5c31)C(=O)NC4,18,66,84,18,66,84,48,20,76,3,11,ok,0.038393037,1,0.038393037,38393037.000,,,,6,6,0,[#6]1:&@[#6]:&@[#6]:&@[#6]:&@[#6]:&@[#6]:&@1,MCS completeRingsOnly=True; partial ring MCS results are rejected.,
p0013,size-combinations,mcs,mcs_elements_order_ring_atoms_whole_rings,MCS elements/order ring atoms + whole rings,0,1554990,304880,CC(=O)Nc1ccc2c(c1Br)Cc1ccccc1-2,CO[C@@H]1[C@H](NCCOCCOCCOCCNC(=O)CCC2=[N+]3C(=Cc4c(C)cc(C)n4[B-]3(F)F)C=C2)C[C@H]2O[C@]1(C)n1c3ccccc3c3c4c(c5c6ccccc6n2c5c31)C(=O)NC4,18,66,84,18,66,84,48,20,76,3,11,ok,0.037634237,1,0.037634237,37634237.000,,,,6,6,0,[#6]1:&@[#6]:&@[#6]:&@[#6]:&@[#6]:&@[#6]:&@1,Both ringMatchesRingOnly and completeRingsOnly are enabled.,
p0013,size-combinations,substruct,substruct_smiles,Substruct raw SMILES,1,1554990,304880,CC(=O)Nc1ccc2c(c1Br)Cc1ccccc1-2,CO[C@@H]1[C@H](NCCOCCOCCOCCNC(=O)CCC2=[N+]3C(=Cc4c(C)cc(C)n4[B-]3(F)F)C=C2)C[C@H]2O[C@]1(C)n1c3ccccc3c3c4c(c5c6ccccc6n2c5c31)C(=O)NC4,18,66,84,18,66,84,48,20,76,3,11,ok,9.0517e-05,20,4.52585e-06,4525.850,has-match,0,0,,,,,Best SMILES-substructure baseline. Substructure has no direct completeRingsOnly option.,
p0013,size-combinations,substruct,substruct_elements_any_bond,Substruct elements/any bond,0,1554990,304880,CC(=O)Nc1ccc2c(c1Br)Cc1ccccc1-2,CO[C@@H]1[C@H](NCCOCCOCCOCCNC(=O)CCC2=[N+]3C(=Cc4c(C)cc(C)n4[B-]3(F)F)C=C2)C[C@H]2O[C@]1(C)n1c3ccccc3c3c4c(c5c6ccccc6n2c5c31)C(=O)NC4,18,66,84,18,66,84,48,20,76,3,11,ok,0.000174399,20,8.71995e-06,8719.950,has-match,0,0,,,,,Query keeps atom elements but uses generic bonds.,
p0013,size-combinations,substruct,substruct_any_atom_bond,Substruct any atoms/bonds,0,1554990,304880,CC(=O)Nc1ccc2c(c1Br)Cc1ccccc1-2,CO[C@@H]1[C@H](NCCOCCOCCOCCNC(=O)CCC2=[N+]3C(=Cc4c(C)cc(C)n4[B-]3(F)F)C=C2)C[C@H]2O[C@]1(C)n1c3ccccc3c3c4c(c5c6ccccc6n2c5c31)C(=O)NC4,18,66,84,18,66,84,48,20,76,3,11,ok,0.002616698,20,0.0001308349,130834.900,has-match,0,0,,,,,"Query uses generic atoms and generic bonds, similar to CompareAny topology.",
p0013,size-combinations,substruct,substruct_ring_atoms,Substruct ring-chain atoms,0,1554990,304880,CC(=O)Nc1ccc2c(c1Br)Cc1ccccc1-2,CO[C@@H]1[C@H](NCCOCCOCCOCCNC(=O)CCC2=[N+]3C(=Cc4c(C)cc(C)n4[B-]3(F)F)C=C2)C[C@H]2O[C@]1(C)n1c3ccccc3c3c4c(c5c6ccccc6n2c5c31)C(=O)NC4,18,66,84,18,66,84,48,20,76,3,11,ok,5.211e-05,20,2.6055e-06,2605.500,has-match,0,0,,,,,Query adds ring/chain atom constraints; closest substruct analog to ringMatchesRingOnly.,
p0014,size-combinations,mcs,mcs_any_atom_bond,MCS CompareAny atoms/bonds,0,1554990,914449,CC(=O)Nc1ccc2c(c1Br)Cc1ccccc1-2,C[C@@H]1O[C@@H](O[C@H]2[C@H](O[C@H]3[C@@H](O)[C@@H](CO)O[C@@H](O[C@H]4[C@@H](O)[C@@H](CO)O[C@H](O[C@@H]5[C@H](O)[C@@H](O)[C@H](O[C@H]6[C@H](O)[C@@H](O)[C@H](OCCCCCN)O[C@@H]6CO)O[C@@H]5CO)[C@@H]4O)[C@@H]3NC(=O)C(F)(F)F)O[C@H](CO)[C@H](O)[C@@H]2O)[C@@H](O)[C@H](O)[C@@H]1O,18,78,96,18,78,96,60,20,83,3,6,ok,0.006403289,1,0.006403289,6403289.000,,,,18,19,0,"[#6]-[#6](=,-[#8])-[#7,#8]-[#6]1:,-[#6]:,-[#6]:,-[#6,#8]:,-[#6](:,-[#6]:,-1-[#35,#7])-[#6,#8]-[#6]1:,-[#6]:,-[#6]:,-[#6,#8]:,-[#6]:,-[#6]:,-1",Permissive MCS: any atom type and any bond type can match.,
p0014,size-combinations,mcs,mcs_elements_order,MCS elements/order,1,1554990,914449,CC(=O)Nc1ccc2c(c1Br)Cc1ccccc1-2,C[C@@H]1O[C@@H](O[C@H]2[C@H](O[C@H]3[C@@H](O)[C@@H](CO)O[C@@H](O[C@H]4[C@@H](O)[C@@H](CO)O[C@H](O[C@@H]5[C@H](O)[C@@H](O)[C@H](O[C@H]6[C@H](O)[C@@H](O)[C@H](OCCCCCN)O[C@@H]6CO)O[C@@H]5CO)[C@@H]4O)[C@@H]3NC(=O)C(F)(F)F)O[C@H](CO)[C@H](O)[C@@H]2O)[C@@H](O)[C@H](O)[C@@H]1O,18,78,96,18,78,96,60,20,83,3,6,ok,0.002669341,1,0.002669341,2669341.000,,,,10,9,0,"[#6]-[#6](=[#8])-[#7]-[#6](:,-[#6]:,-[#6]:,-[#6]:,-[#6]):,-[#6]",Closest MCS counterpart to a raw SMILES substructure query.,
p0014,size-combinations,mcs,mcs_elements_order_maximize_atoms,MCS elements/order maximize atoms,0,1554990,914449,CC(=O)Nc1ccc2c(c1Br)Cc1ccccc1-2,C[C@@H]1O[C@@H](O[C@H]2[C@H](O[C@H]3[C@@H](O)[C@@H](CO)O[C@@H](O[C@H]4[C@@H](O)[C@@H](CO)O[C@H](O[C@@H]5[C@H](O)[C@@H](O)[C@H](O[C@H]6[C@H](O)[C@@H](O)[C@H](OCCCCCN)O[C@@H]6CO)O[C@@H]5CO)[C@@H]4O)[C@@H]3NC(=O)C(F)(F)F)O[C@H](CO)[C@H](O)[C@@H]2O)[C@@H](O)[C@H](O)[C@@H]1O,18,78,96,18,78,96,60,20,83,3,6,ok,0.002674161,1,0.002674161,2674161.000,,,,10,9,0,"[#6]-[#6](=[#8])-[#7]-[#6](:,-[#6]:,-[#6]:,-[#6]:,-[#6]):,-[#6]","Same element/order comparison, but optimize atom count instead of bond count.",
p0014,size-combinations,mcs,mcs_elements_order_ring_atoms,MCS elements/order ring atoms,0,1554990,914449,CC(=O)Nc1ccc2c(c1Br)Cc1ccccc1-2,C[C@@H]1O[C@@H](O[C@H]2[C@H](O[C@H]3[C@@H](O)[C@@H](CO)O[C@@H](O[C@H]4[C@@H](O)[C@@H](CO)O[C@H](O[C@@H]5[C@H](O)[C@@H](O)[C@H](O[C@H]6[C@H](O)[C@@H](O)[C@H](OCCCCCN)O[C@@H]6CO)O[C@@H]5CO)[C@@H]4O)[C@@H]3NC(=O)C(F)(F)F)O[C@H](CO)[C@H](O)[C@@H]2O)[C@@H](O)[C@H](O)[C@@H]1O,18,78,96,18,78,96,60,20,83,3,6,ok,0.00158929,1,0.00158929,1589290.000,,,,9,8,0,"[#6&!R]-&!@[#6&!R](=&!@[#8&!R])-&!@[#7&!R]-&!@[#6&R](:,-;@[#6&R]:,-;@[#6&R]:,-;@[#6&R]):,-;@[#6&R]",Ring atoms and ring bonds only match ring atoms and ring bonds.,
p0014,size-combinations,mcs,mcs_elements_order_whole_rings,MCS elements/order whole rings,0,1554990,914449,CC(=O)Nc1ccc2c(c1Br)Cc1ccccc1-2,C[C@@H]1O[C@@H](O[C@H]2[C@H](O[C@H]3[C@@H](O)[C@@H](CO)O[C@@H](O[C@H]4[C@@H](O)[C@@H](CO)O[C@H](O[C@@H]5[C@H](O)[C@@H](O)[C@H](O[C@H]6[C@H](O)[C@@H](O)[C@H](OCCCCCN)O[C@@H]6CO)O[C@@H]5CO)[C@@H]4O)[C@@H]3NC(=O)C(F)(F)F)O[C@H](CO)[C@H](O)[C@@H]2O)[C@@H](O)[C@H](O)[C@@H]1O,18,78,96,18,78,96,60,20,83,3,6,ok,0.001083921,1,0.001083921,1083921.000,,,,5,4,0,[#6]-&!@[#6](=&!@[#8])-&!@[#7]-&!@[#6],MCS completeRingsOnly=True; partial ring MCS results are rejected.,
p0014,size-combinations,mcs,mcs_elements_order_ring_atoms_whole_rings,MCS elements/order ring atoms + whole rings,0,1554990,914449,CC(=O)Nc1ccc2c(c1Br)Cc1ccccc1-2,C[C@@H]1O[C@@H](O[C@H]2[C@H](O[C@H]3[C@@H](O)[C@@H](CO)O[C@@H](O[C@H]4[C@@H](O)[C@@H](CO)O[C@H](O[C@@H]5[C@H](O)[C@@H](O)[C@H](O[C@H]6[C@H](O)[C@@H](O)[C@H](OCCCCCN)O[C@@H]6CO)O[C@@H]5CO)[C@@H]4O)[C@@H]3NC(=O)C(F)(F)F)O[C@H](CO)[C@H](O)[C@@H]2O)[C@@H](O)[C@H](O)[C@@H]1O,18,78,96,18,78,96,60,20,83,3,6,ok,0.000999308,1,0.000999308,999308.000,,,,5,4,0,[#6&!R]-&!@[#6&!R](=&!@[#8&!R])-&!@[#7&!R]-&!@[#6&R],Both ringMatchesRingOnly and completeRingsOnly are enabled.,
p0014,size-combinations,substruct,substruct_smiles,Substruct raw SMILES,1,1554990,914449,CC(=O)Nc1ccc2c(c1Br)Cc1ccccc1-2,C[C@@H]1O[C@@H](O[C@H]2[C@H](O[C@H]3[C@@H](O)[C@@H](CO)O[C@@H](O[C@H]4[C@@H](O)[C@@H](CO)O[C@H](O[C@@H]5[C@H](O)[C@@H](O)[C@H](O[C@H]6[C@H](O)[C@@H](O)[C@H](OCCCCCN)O[C@@H]6CO)O[C@@H]5CO)[C@@H]4O)[C@@H]3NC(=O)C(F)(F)F)O[C@H](CO)[C@H](O)[C@@H]2O)[C@@H](O)[C@H](O)[C@@H]1O,18,78,96,18,78,96,60,20,83,3,6,ok,0.000121103,20,6.05515e-06,6055.150,has-match,0,0,,,,,Best SMILES-substructure baseline. Substructure has no direct completeRingsOnly option.,
p0014,size-combinations,substruct,substruct_elements_any_bond,Substruct elements/any bond,0,1554990,914449,CC(=O)Nc1ccc2c(c1Br)Cc1ccccc1-2,C[C@@H]1O[C@@H](O[C@H]2[C@H](O[C@H]3[C@@H](O)[C@@H](CO)O[C@@H](O[C@H]4[C@@H](O)[C@@H](CO)O[C@H](O[C@@H]5[C@H](O)[C@@H](O)[C@H](O[C@H]6[C@H](O)[C@@H](O)[C@H](OCCCCCN)O[C@@H]6CO)O[C@@H]5CO)[C@@H]4O)[C@@H]3NC(=O)C(F)(F)F)O[C@H](CO)[C@H](O)[C@@H]2O)[C@@H](O)[C@H](O)[C@@H]1O,18,78,96,18,78,96,60,20,83,3,6,ok,0.000148156,20,7.4078e-06,7407.800,has-match,0,0,,,,,Query keeps atom elements but uses generic bonds.,
p0014,size-combinations,substruct,substruct_any_atom_bond,Substruct any atoms/bonds,0,1554990,914449,CC(=O)Nc1ccc2c(c1Br)Cc1ccccc1-2,C[C@@H]1O[C@@H](O[C@H]2[C@H](O[C@H]3[C@@H](O)[C@@H](CO)O[C@@H](O[C@H]4[C@@H](O)[C@@H](CO)O[C@H](O[C@@H]5[C@H](O)[C@@H](O)[C@H](O[C@H]6[C@H](O)[C@@H](O)[C@H](OCCCCCN)O[C@@H]6CO)O[C@@H]5CO)[C@@H]4O)[C@@H]3NC(=O)C(F)(F)F)O[C@H](CO)[C@H](O)[C@@H]2O)[C@@H](O)[C@H](O)[C@@H]1O,18,78,96,18,78,96,60,20,83,3,6,ok,0.001617782,20,8.08891e-05,80889.100,has-match,0,0,,,,,"Query uses generic atoms and generic bonds, similar to CompareAny topology.",
p0014,size-combinations,substruct,substruct_ring_atoms,Substruct ring-chain atoms,0,1554990,914449,CC(=O)Nc1ccc2c(c1Br)Cc1ccccc1-2,C[C@@H]1O[C@@H](O[C@H]2[C@H](O[C@H]3[C@@H](O)[C@@H](CO)O[C@@H](O[C@H]4[C@@H](O)[C@@H](CO)O[C@H](O[C@@H]5[C@H](O)[C@@H](O)[C@H](O[C@H]6[C@H](O)[C@@H](O)[C@H](OCCCCCN)O[C@@H]6CO)O[C@@H]5CO)[C@@H]4O)[C@@H]3NC(=O)C(F)(F)F)O[C@H](CO)[C@H](O)[C@@H]2O)[C@@H](O)[C@H](O)[C@@H]1O,18,78,96,18,78,96,60,20,83,3,6,ok,6.1906e-05,20,3.0953e-06,3095.300,has-match,0,0,,,,,Query adds ring/chain atom constraints; closest substruct analog to ringMatchesRingOnly.,
p0015,size-combinations,mcs,mcs_any_atom_bond,MCS CompareAny atoms/bonds,0,906861,934751,N=C(N)Nc1ccc(C(=O)c2ccc(N)cc2)cc1,CN(CCCN)CCCNC(=O)c1cc(NC(=O)c2cc(NC(=O)c3cc(NC(=O)c4nc(NC(=O)[C@H](N)CCNC(=O)c5nc(NC(=O)c6cc(NC(=O)c7nc(NC(=O)c8nccn8C)cn7C)cn6C)cn5C)cn4C)cn3C)cn2C)cn1C,19,88,107,19,88,107,69,20,95,2,8,ok,0.003155314,1,0.003155314,3155314.000,,,,19,18,0,"[#7,#6]=,-[#6](-,:[#7])-,:[#7,#6]-,:[#6](:,-[#6,#7]:,-[#6]:,-[#6](-,:[#6,#7](=,-[#8,#6])-,:[#6]:[#6]:,-[#6,#7]:,-[#6](-,=[#7,#8]):,-[#6]:[#6]):[#6]):[#6]",Permissive MCS: any atom type and any bond type can match.,
p0015,size-combinations,mcs,mcs_elements_order,MCS elements/order,1,906861,934751,N=C(N)Nc1ccc(C(=O)c2ccc(N)cc2)cc1,CN(CCCN)CCCNC(=O)c1cc(NC(=O)c2cc(NC(=O)c3cc(NC(=O)c4nc(NC(=O)[C@H](N)CCNC(=O)c5nc(NC(=O)c6cc(NC(=O)c7nc(NC(=O)c8nccn8C)cn7C)cn6C)cn5C)cn4C)cn3C)cn2C)cn1C,19,88,107,19,88,107,69,20,95,2,8,ok,0.001171226,1,0.001171226,1171226.000,,,,8,7,0,"[#6](-,:[#7])-[#7]-[#6]:,-[#6]:[#6]:[#6]-,:[#6]",Closest MCS counterpart to a raw SMILES substructure query.,
p0015,size-combinations,mcs,mcs_elements_order_maximize_atoms,MCS elements/order maximize atoms,0,906861,934751,N=C(N)Nc1ccc(C(=O)c2ccc(N)cc2)cc1,CN(CCCN)CCCNC(=O)c1cc(NC(=O)c2cc(NC(=O)c3cc(NC(=O)c4nc(NC(=O)[C@H](N)CCNC(=O)c5nc(NC(=O)c6cc(NC(=O)c7nc(NC(=O)c8nccn8C)cn7C)cn6C)cn5C)cn4C)cn3C)cn2C)cn1C,19,88,107,19,88,107,69,20,95,2,8,ok,0.001139605,1,0.001139605,1139605.000,,,,8,7,0,"[#6](-,:[#7])-[#7]-[#6]:,-[#6]:[#6]:[#6]-,:[#6]","Same element/order comparison, but optimize atom count instead of bond count.",
p0015,size-combinations,mcs,mcs_elements_order_ring_atoms,MCS elements/order ring atoms,0,906861,934751,N=C(N)Nc1ccc(C(=O)c2ccc(N)cc2)cc1,CN(CCCN)CCCNC(=O)c1cc(NC(=O)c2cc(NC(=O)c3cc(NC(=O)c4nc(NC(=O)[C@H](N)CCNC(=O)c5nc(NC(=O)c6cc(NC(=O)c7nc(NC(=O)c8nccn8C)cn7C)cn6C)cn5C)cn4C)cn3C)cn2C)cn1C,19,88,107,19,88,107,69,20,95,2,8,ok,0.000675195,1,0.000675195,675195.000,,,,6,5,0,[#6&!R]-&!@[#7&!R]-&!@[#6&R](:&@[#6&R]:&@[#6&R]):&@[#6&R],Ring atoms and ring bonds only match ring atoms and ring bonds.,
p0015,size-combinations,mcs,mcs_elements_order_whole_rings,MCS elements/order whole rings,0,906861,934751,N=C(N)Nc1ccc(C(=O)c2ccc(N)cc2)cc1,CN(CCCN)CCCNC(=O)c1cc(NC(=O)c2cc(NC(=O)c3cc(NC(=O)c4nc(NC(=O)[C@H](N)CCNC(=O)c5nc(NC(=O)c6cc(NC(=O)c7nc(NC(=O)c8nccn8C)cn7C)cn6C)cn5C)cn4C)cn3C)cn2C)cn1C,19,88,107,19,88,107,69,20,95,2,8,ok,0.000332617,1,0.000332617,332617.000,,,,3,2,0,[#6]-&!@[#7]-&!@[#6],MCS completeRingsOnly=True; partial ring MCS results are rejected.,
p0015,size-combinations,mcs,mcs_elements_order_ring_atoms_whole_rings,MCS elements/order ring atoms + whole rings,0,906861,934751,N=C(N)Nc1ccc(C(=O)c2ccc(N)cc2)cc1,CN(CCCN)CCCNC(=O)c1cc(NC(=O)c2cc(NC(=O)c3cc(NC(=O)c4nc(NC(=O)[C@H](N)CCNC(=O)c5nc(NC(=O)c6cc(NC(=O)c7nc(NC(=O)c8nccn8C)cn7C)cn6C)cn5C)cn4C)cn3C)cn2C)cn1C,19,88,107,19,88,107,69,20,95,2,8,ok,0.000307407,1,0.000307407,307407.000,,,,3,2,0,[#6&!R]-&!@[#7&!R]-&!@[#6&R],Both ringMatchesRingOnly and completeRingsOnly are enabled.,
p0015,size-combinations,substruct,substruct_smiles,Substruct raw SMILES,1,906861,934751,N=C(N)Nc1ccc(C(=O)c2ccc(N)cc2)cc1,CN(CCCN)CCCNC(=O)c1cc(NC(=O)c2cc(NC(=O)c3cc(NC(=O)c4nc(NC(=O)[C@H](N)CCNC(=O)c5nc(NC(=O)c6cc(NC(=O)c7nc(NC(=O)c8nccn8C)cn7C)cn6C)cn5C)cn4C)cn3C)cn2C)cn1C,19,88,107,19,88,107,69,20,95,2,8,ok,4.9713e-05,20,2.48565e-06,2485.650,has-match,0,0,,,,,Best SMILES-substructure baseline. Substructure has no direct completeRingsOnly option.,
p0015,size-combinations,substruct,substruct_elements_any_bond,Substruct elements/any bond,0,906861,934751,N=C(N)Nc1ccc(C(=O)c2ccc(N)cc2)cc1,CN(CCCN)CCCNC(=O)c1cc(NC(=O)c2cc(NC(=O)c3cc(NC(=O)c4nc(NC(=O)[C@H](N)CCNC(=O)c5nc(NC(=O)c6cc(NC(=O)c7nc(NC(=O)c8nccn8C)cn7C)cn6C)cn5C)cn4C)cn3C)cn2C)cn1C,19,88,107,19,88,107,69,20,95,2,8,ok,7.7331e-05,20,3.86655e-06,3866.550,has-match,0,0,,,,,Query keeps atom elements but uses generic bonds.,
p0015,size-combinations,substruct,substruct_any_atom_bond,Substruct any atoms/bonds,0,906861,934751,N=C(N)Nc1ccc(C(=O)c2ccc(N)cc2)cc1,CN(CCCN)CCCNC(=O)c1cc(NC(=O)c2cc(NC(=O)c3cc(NC(=O)c4nc(NC(=O)[C@H](N)CCNC(=O)c5nc(NC(=O)c6cc(NC(=O)c7nc(NC(=O)c8nccn8C)cn7C)cn6C)cn5C)cn4C)cn3C)cn2C)cn1C,19,88,107,19,88,107,69,20,95,2,8,ok,0.000909817,20,4.549085e-05,45490.850,has-match,0,0,,,,,"Query uses generic atoms and generic bonds, similar to CompareAny topology.",
p0015,size-combinations,substruct,substruct_ring_atoms,Substruct ring-chain atoms,0,906861,934751,N=C(N)Nc1ccc(C(=O)c2ccc(N)cc2)cc1,CN(CCCN)CCCNC(=O)c1cc(NC(=O)c2cc(NC(=O)c3cc(NC(=O)c4nc(NC(=O)[C@H](N)CCNC(=O)c5nc(NC(=O)c6cc(NC(=O)c7nc(NC(=O)c8nccn8C)cn7C)cn6C)cn5C)cn4C)cn3C)cn2C)cn1C,19,88,107,19,88,107,69,20,95,2,8,ok,5.2969e-05,20,2.64845e-06,2648.450,has-match,0,0,,,,,Query adds ring/chain atom constraints; closest substruct analog to ringMatchesRingOnly.,
p0016,size-combinations,mcs,mcs_any_atom_bond,MCS CompareAny atoms/bonds,0,906861,783118,N=C(N)Nc1ccc(C(=O)c2ccc(N)cc2)cc1,C[C@H](NC(=O)[C@H](CCCNC(=N)N)NCCN1CCN(CCCCC2CCN(CC(=O)N3c4ccccc4NC(=O)c4ccccc43)CC2)CC1)C(=O)NC(=O)[C@@H](N)CCCN.O=C(O)C(F)(F)F.O=C(O)C(F)(F)F.O=C(O)C(F)(F)F.O=C(O)C(F)(F)F.O=C(O)C(F)(F)F,19,97,116,19,97,116,78,20,96,2,5,ok,0.002948262,1,0.002948262,2948262.000,,,,19,18,0,"[#7,#8]=[#6](-[#7,#6])-[#7]-[#6](:,-[#6]:,-[#6,#7]:,-[#6](-[#6](=,-[#8,#6])-[#6,#7]:,-[#6]:,-[#6]:,-[#6,#7](-[#7,#6]):,-[#6]:,-[#6]):,=[#6,#8]):,=[#6,#8]",Permissive MCS: any atom type and any bond type can match.,
p0016,size-combinations,mcs,mcs_elements_order,MCS elements/order,1,906861,783118,N=C(N)Nc1ccc(C(=O)c2ccc(N)cc2)cc1,C[C@H](NC(=O)[C@H](CCCNC(=N)N)NCCN1CCN(CCCCC2CCN(CC(=O)N3c4ccccc4NC(=O)c4ccccc43)CC2)CC1)C(=O)NC(=O)[C@@H](N)CCCN.O=C(O)C(F)(F)F.O=C(O)C(F)(F)F.O=C(O)C(F)(F)F.O=C(O)C(F)(F)F.O=C(O)C(F)(F)F,19,97,116,19,97,116,78,20,96,2,5,ok,0.002692446,1,0.002692446,2692446.000,,,,10,9,0,"[#7]=[#6](-[#7])-[#7]-[#6]:,-[#6]:,-[#6]:,-[#6]-[#6]=[#8]",Closest MCS counterpart to a raw SMILES substructure query.,
p0016,size-combinations,mcs,mcs_elements_order_maximize_atoms,MCS elements/order maximize atoms,0,906861,783118,N=C(N)Nc1ccc(C(=O)c2ccc(N)cc2)cc1,C[C@H](NC(=O)[C@H](CCCNC(=N)N)NCCN1CCN(CCCCC2CCN(CC(=O)N3c4ccccc4NC(=O)c4ccccc43)CC2)CC1)C(=O)NC(=O)[C@@H](N)CCCN.O=C(O)C(F)(F)F.O=C(O)C(F)(F)F.O=C(O)C(F)(F)F.O=C(O)C(F)(F)F.O=C(O)C(F)(F)F,19,97,116,19,97,116,78,20,96,2,5,ok,0.002700052,1,0.002700052,2700052.000,,,,10,9,0,"[#7]=[#6](-[#7])-[#7]-[#6]:,-[#6]:,-[#6]:,-[#6]-[#6]=[#8]","Same element/order comparison, but optimize atom count instead of bond count.",
p0016,size-combinations,mcs,mcs_elements_order_ring_atoms,MCS elements/order ring atoms,0,906861,783118,N=C(N)Nc1ccc(C(=O)c2ccc(N)cc2)cc1,C[C@H](NC(=O)[C@H](CCCNC(=N)N)NCCN1CCN(CCCCC2CCN(CC(=O)N3c4ccccc4NC(=O)c4ccccc43)CC2)CC1)C(=O)NC(=O)[C@@H](N)CCCN.O=C(O)C(F)(F)F.O=C(O)C(F)(F)F.O=C(O)C(F)(F)F.O=C(O)C(F)(F)F.O=C(O)C(F)(F)F,19,97,116,19,97,116,78,20,96,2,5,ok,0.000679419,1,0.000679419,679419.000,,,,6,6,0,[#6]1:&@[#6]:&@[#6]:&@[#6]:&@[#6]:&@[#6]:&@1,Ring atoms and ring bonds only match ring atoms and ring bonds.,
p0016,size-combinations,mcs,mcs_elements_order_whole_rings,MCS elements/order whole rings,0,906861,783118,N=C(N)Nc1ccc(C(=O)c2ccc(N)cc2)cc1,C[C@H](NC(=O)[C@H](CCCNC(=N)N)NCCN1CCN(CCCCC2CCN(CC(=O)N3c4ccccc4NC(=O)c4ccccc43)CC2)CC1)C(=O)NC(=O)[C@@H](N)CCCN.O=C(O)C(F)(F)F.O=C(O)C(F)(F)F.O=C(O)C(F)(F)F.O=C(O)C(F)(F)F.O=C(O)C(F)(F)F,19,97,116,19,97,116,78,20,96,2,5,ok,0.000995682,1,0.000995682,995682.000,,,,6,6,0,[#6]1:&@[#6]:&@[#6]:&@[#6]:&@[#6]:&@[#6]:&@1,MCS completeRingsOnly=True; partial ring MCS results are rejected.,
p0016,size-combinations,mcs,mcs_elements_order_ring_atoms_whole_rings,MCS elements/order ring atoms + whole rings,0,906861,783118,N=C(N)Nc1ccc(C(=O)c2ccc(N)cc2)cc1,C[C@H](NC(=O)[C@H](CCCNC(=N)N)NCCN1CCN(CCCCC2CCN(CC(=O)N3c4ccccc4NC(=O)c4ccccc43)CC2)CC1)C(=O)NC(=O)[C@@H](N)CCCN.O=C(O)C(F)(F)F.O=C(O)C(F)(F)F.O=C(O)C(F)(F)F.O=C(O)C(F)(F)F.O=C(O)C(F)(F)F,19,97,116,19,97,116,78,20,96,2,5,ok,0.000672425,1,0.000672425,672425.000,,,,6,6,0,[#6]1:&@[#6]:&@[#6]:&@[#6]:&@[#6]:&@[#6]:&@1,Both ringMatchesRingOnly and completeRingsOnly are enabled.,
p0016,size-combinations,substruct,substruct_smiles,Substruct raw SMILES,1,906861,783118,N=C(N)Nc1ccc(C(=O)c2ccc(N)cc2)cc1,C[C@H](NC(=O)[C@H](CCCNC(=N)N)NCCN1CCN(CCCCC2CCN(CC(=O)N3c4ccccc4NC(=O)c4ccccc43)CC2)CC1)C(=O)NC(=O)[C@@H](N)CCCN.O=C(O)C(F)(F)F.O=C(O)C(F)(F)F.O=C(O)C(F)(F)F.O=C(O)C(F)(F)F.O=C(O)C(F)(F)F,19,97,116,19,97,116,78,20,96,2,5,ok,4.4947e-05,20,2.24735e-06,2247.350,has-match,0,0,,,,,Best SMILES-substructure baseline. Substructure has no direct completeRingsOnly option.,
p0016,size-combinations,substruct,substruct_elements_any_bond,Substruct elements/any bond,0,906861,783118,N=C(N)Nc1ccc(C(=O)c2ccc(N)cc2)cc1,C[C@H](NC(=O)[C@H](CCCNC(=N)N)NCCN1CCN(CCCCC2CCN(CC(=O)N3c4ccccc4NC(=O)c4ccccc43)CC2)CC1)C(=O)NC(=O)[C@@H](N)CCCN.O=C(O)C(F)(F)F.O=C(O)C(F)(F)F.O=C(O)C(F)(F)F.O=C(O)C(F)(F)F.O=C(O)C(F)(F)F,19,97,116,19,97,116,78,20,96,2,5,ok,5.3799e-05,20,2.68995e-06,2689.950,has-match,0,0,,,,,Query keeps atom elements but uses generic bonds.,
p0016,size-combinations,substruct,substruct_any_atom_bond,Substruct any atoms/bonds,0,906861,783118,N=C(N)Nc1ccc(C(=O)c2ccc(N)cc2)cc1,C[C@H](NC(=O)[C@H](CCCNC(=N)N)NCCN1CCN(CCCCC2CCN(CC(=O)N3c4ccccc4NC(=O)c4ccccc43)CC2)CC1)C(=O)NC(=O)[C@@H](N)CCCN.O=C(O)C(F)(F)F.O=C(O)C(F)(F)F.O=C(O)C(F)(F)F.O=C(O)C(F)(F)F.O=C(O)C(F)(F)F,19,97,116,19,97,116,78,20,96,2,5,ok,0.00061104,20,3.0552e-05,30552.000,has-match,0,0,,,,,"Query uses generic atoms and generic bonds, similar to CompareAny topology.",
p0016,size-combinations,substruct,substruct_ring_atoms,Substruct ring-chain atoms,0,906861,783118,N=C(N)Nc1ccc(C(=O)c2ccc(N)cc2)cc1,C[C@H](NC(=O)[C@H](CCCNC(=N)N)NCCN1CCN(CCCCC2CCN(CC(=O)N3c4ccccc4NC(=O)c4ccccc43)CC2)CC1)C(=O)NC(=O)[C@@H](N)CCCN.O=C(O)C(F)(F)F.O=C(O)C(F)(F)F.O=C(O)C(F)(F)F.O=C(O)C(F)(F)F.O=C(O)C(F)(F)F,19,97,116,19,97,116,78,20,96,2,5,ok,5.4313e-05,20,2.71565e-06,2715.650,has-match,0,0,,,,,Query adds ring/chain atom constraints; closest substruct analog to ringMatchesRingOnly.,
p0017,size-combinations,mcs,mcs_any_atom_bond,MCS CompareAny atoms/bonds,0,20332,1886396,CCCCCC/C=C/C(=O)CCc1ccc(O)c(OC)c1,Cc1ccc(C2CC(c3ccccc3)=NN2C(=O)c2ccc(-n3c(-c4ccccc4)nc4ccccc4c3=O)cc2)cc1,21,43,64,21,43,64,22,21,49,1,7,ok,0.001526803,1,0.001526803,1526803.000,,,,21,20,0,"[#6]-,:[#6]-[#6]-[#6,#7]-[#6]-[#6]-,:[#6]=,:[#6]-,:[#6](=,:[#8,#6])-[#6,#7]-,:[#6]-,:[#6](:[#6]:[#6]:[#6]-,:[#8,#6]):[#6]:[#6,#7]-,:[#8,#6]-[#6]",Permissive MCS: any atom type and any bond type can match.,
p0017,size-combinations,mcs,mcs_elements_order,MCS elements/order,1,20332,1886396,CCCCCC/C=C/C(=O)CCc1ccc(O)c(OC)c1,Cc1ccc(C2CC(c3ccccc3)=NN2C(=O)c2ccc(-n3c(-c4ccccc4)nc4ccccc4c3=O)cc2)cc1,21,43,64,21,43,64,22,21,49,1,7,ok,0.00031646,1,0.00031646,316460.000,,,,10,10,0,[#6]-[#6]-[#6]-[#6]-[#6]1:[#6]:[#6]:[#6]:[#6]:[#6]:1,Closest MCS counterpart to a raw SMILES substructure query.,
p0017,size-combinations,mcs,mcs_elements_order_maximize_atoms,MCS elements/order maximize atoms,0,20332,1886396,CCCCCC/C=C/C(=O)CCc1ccc(O)c(OC)c1,Cc1ccc(C2CC(c3ccccc3)=NN2C(=O)c2ccc(-n3c(-c4ccccc4)nc4ccccc4c3=O)cc2)cc1,21,43,64,21,43,64,22,21,49,1,7,ok,0.000284443,1,0.000284443,284443.000,,,,10,10,0,[#6]-[#6]-[#6]-[#6]-[#6]1:[#6]:[#6]:[#6]:[#6]:[#6]:1,"Same element/order comparison, but optimize atom count instead of bond count.",
p0017,size-combinations,mcs,mcs_elements_order_ring_atoms,MCS elements/order ring atoms,0,20332,1886396,CCCCCC/C=C/C(=O)CCc1ccc(O)c(OC)c1,Cc1ccc(C2CC(c3ccccc3)=NN2C(=O)c2ccc(-n3c(-c4ccccc4)nc4ccccc4c3=O)cc2)cc1,21,43,64,21,43,64,22,21,49,1,7,ok,0.000225272,1,0.000225272,225272.000,,,,7,7,0,[#6&!R]-&!@[#6]1:&@[#6]:&@[#6]:&@[#6]:&@[#6]:&@[#6]:&@1,Ring atoms and ring bonds only match ring atoms and ring bonds.,
p0017,size-combinations,mcs,mcs_elements_order_whole_rings,MCS elements/order whole rings,0,20332,1886396,CCCCCC/C=C/C(=O)CCc1ccc(O)c(OC)c1,Cc1ccc(C2CC(c3ccccc3)=NN2C(=O)c2ccc(-n3c(-c4ccccc4)nc4ccccc4c3=O)cc2)cc1,21,43,64,21,43,64,22,21,49,1,7,ok,0.00029875,1,0.00029875,298750.000,,,,7,7,0,[#6]-&!@[#6]1:&@[#6]:&@[#6]:&@[#6]:&@[#6]:&@[#6]:&@1,MCS completeRingsOnly=True; partial ring MCS results are rejected.,
p0017,size-combinations,mcs,mcs_elements_order_ring_atoms_whole_rings,MCS elements/order ring atoms + whole rings,0,20332,1886396,CCCCCC/C=C/C(=O)CCc1ccc(O)c(OC)c1,Cc1ccc(C2CC(c3ccccc3)=NN2C(=O)c2ccc(-n3c(-c4ccccc4)nc4ccccc4c3=O)cc2)cc1,21,43,64,21,43,64,22,21,49,1,7,ok,0.000250659,1,0.000250659,250659.000,,,,7,7,0,[#6&!R]-&!@[#6]1:&@[#6]:&@[#6]:&@[#6]:&@[#6]:&@[#6]:&@1,Both ringMatchesRingOnly and completeRingsOnly are enabled.,
p0017,size-combinations,substruct,substruct_smiles,Substruct raw SMILES,1,20332,1886396,CCCCCC/C=C/C(=O)CCc1ccc(O)c(OC)c1,Cc1ccc(C2CC(c3ccccc3)=NN2C(=O)c2ccc(-n3c(-c4ccccc4)nc4ccccc4c3=O)cc2)cc1,21,43,64,21,43,64,22,21,49,1,7,ok,8.0175e-05,20,4.00875e-06,4008.750,has-match,0,0,,,,,Best SMILES-substructure baseline. Substructure has no direct completeRingsOnly option.,
p0017,size-combinations,substruct,substruct_elements_any_bond,Substruct elements/any bond,0,20332,1886396,CCCCCC/C=C/C(=O)CCc1ccc(O)c(OC)c1,Cc1ccc(C2CC(c3ccccc3)=NN2C(=O)c2ccc(-n3c(-c4ccccc4)nc4ccccc4c3=O)cc2)cc1,21,43,64,21,43,64,22,21,49,1,7,ok,0.0005084,20,2.542e-05,25420.000,has-match,0,0,,,,,Query keeps atom elements but uses generic bonds.,
p0017,size-combinations,substruct,substruct_any_atom_bond,Substruct any atoms/bonds,0,20332,1886396,CCCCCC/C=C/C(=O)CCc1ccc(O)c(OC)c1,Cc1ccc(C2CC(c3ccccc3)=NN2C(=O)c2ccc(-n3c(-c4ccccc4)nc4ccccc4c3=O)cc2)cc1,21,43,64,21,43,64,22,21,49,1,7,ok,0.004232448,20,0.0002116224,211622.400,has-match,0,0,,,,,"Query uses generic atoms and generic bonds, similar to CompareAny topology.",
p0017,size-combinations,substruct,substruct_ring_atoms,Substruct ring-chain atoms,0,20332,1886396,CCCCCC/C=C/C(=O)CCc1ccc(O)c(OC)c1,Cc1ccc(C2CC(c3ccccc3)=NN2C(=O)c2ccc(-n3c(-c4ccccc4)nc4ccccc4c3=O)cc2)cc1,21,43,64,21,43,64,22,21,49,1,7,ok,3.4987e-05,20,1.74935e-06,1749.350,has-match,0,0,,,,,Query adds ring/chain atom constraints; closest substruct analog to ringMatchesRingOnly.,
p0018,size-combinations,mcs,mcs_any_atom_bond,MCS CompareAny atoms/bonds,0,20332,692963,CCCCCC/C=C/C(=O)CCc1ccc(O)c(OC)c1,CN[C@@](C)(CO[C@H]1[C@H](n2ncnc2-c2ccncc2)C[C@@]23COC[C@]1(C)[C@@H]2CC[C@H]1C3=CC[C@@]2(C)[C@H](C(=O)O)[C@@](C)([C@H](C)C(C)C)CC[C@]12C)C(C)C,21,53,74,21,53,74,32,21,59,1,7,ok,0.00025968,1,0.00025968,259680.000,,,,21,21,0,"[#6]-[#6,#7]-[#6]-[#6]-[#6,#8]-[#6]-[#6]=,-[#6]-[#6](=,-[#8,#6])-[#6]-[#6]-[#6]1:,-[#6]:,-[#6]:,-[#6](:,-[#6](:,-[#6]:,-1)-[#8,#6]-,=[#6,#8])-[#8,#6]",Permissive MCS: any atom type and any bond type can match.,
p0018,size-combinations,mcs,mcs_elements_order,MCS elements/order,1,20332,692963,CCCCCC/C=C/C(=O)CCc1ccc(O)c(OC)c1,CN[C@@](C)(CO[C@H]1[C@H](n2ncnc2-c2ccncc2)C[C@@]23COC[C@]1(C)[C@@H]2CC[C@H]1C3=CC[C@@]2(C)[C@H](C(=O)O)[C@@](C)([C@H](C)C(C)C)CC[C@]12C)C(C)C,21,53,74,21,53,74,32,21,59,1,7,ok,0.001331133,1,0.001331133,1331133.000,,,,19,19,0,"[#6]-[#6]-[#6]-[#6]-[#6]-[#6]-[#6]=[#6]-[#6]-[#6]-[#6]-[#6]1:,-[#6]:,-[#6]:,-[#6]:,-[#6](:,-[#6]:,-1)-[#8]-[#6]",Closest MCS counterpart to a raw SMILES substructure query.,
p0018,size-combinations,mcs,mcs_elements_order_maximize_atoms,MCS elements/order maximize atoms,0,20332,692963,CCCCCC/C=C/C(=O)CCc1ccc(O)c(OC)c1,CN[C@@](C)(CO[C@H]1[C@H](n2ncnc2-c2ccncc2)C[C@@]23COC[C@]1(C)[C@@H]2CC[C@H]1C3=CC[C@@]2(C)[C@H](C(=O)O)[C@@](C)([C@H](C)C(C)C)CC[C@]12C)C(C)C,21,53,74,21,53,74,32,21,59,1,7,ok,0.00126043,1,0.00126043,1260430.000,,,,19,19,0,"[#6]-[#6]-[#6]-[#6]-[#6]-[#6]-[#6]=[#6]-[#6]-[#6]-[#6]-[#6]1:,-[#6]:,-[#6]:,-[#6]:,-[#6](:,-[#6]:,-1)-[#8]-[#6]","Same element/order comparison, but optimize atom count instead of bond count.",
p0018,size-combinations,mcs,mcs_elements_order_ring_atoms,MCS elements/order ring atoms,0,20332,692963,CCCCCC/C=C/C(=O)CCc1ccc(O)c(OC)c1,CN[C@@](C)(CO[C@H]1[C@H](n2ncnc2-c2ccncc2)C[C@@]23COC[C@]1(C)[C@@H]2CC[C@H]1C3=CC[C@@]2(C)[C@H](C(=O)O)[C@@](C)([C@H](C)C(C)C)CC[C@]12C)C(C)C,21,53,74,21,53,74,32,21,59,1,7,ok,0.000686731,1,0.000686731,686731.000,,,,9,9,0,"[#6&!R]-&!@[#6&!R]-&!@[#6&!R]-&!@[#6]1:,-;@[#6]:,-;@[#6]:,-;@[#6]:,-;@[#6]:,-;@[#6]:,-;@1",Ring atoms and ring bonds only match ring atoms and ring bonds.,
p0018,size-combinations,mcs,mcs_elements_order_whole_rings,MCS elements/order whole rings,0,20332,692963,CCCCCC/C=C/C(=O)CCc1ccc(O)c(OC)c1,CN[C@@](C)(CO[C@H]1[C@H](n2ncnc2-c2ccncc2)C[C@@]23COC[C@]1(C)[C@@H]2CC[C@H]1C3=CC[C@@]2(C)[C@H](C(=O)O)[C@@](C)([C@H](C)C(C)C)CC[C@]12C)C(C)C,21,53,74,21,53,74,32,21,59,1,7,ok,0.001048175,1,0.001048175,1048175.000,,,,9,9,0,"[#6]-&!@[#6]-&!@[#6]-&!@[#6]1:,-;@[#6]:,-;@[#6]:,-;@[#6]:,-;@[#6]:,-;@[#6]:,-;@1",MCS completeRingsOnly=True; partial ring MCS results are rejected.,
p0018,size-combinations,mcs,mcs_elements_order_ring_atoms_whole_rings,MCS elements/order ring atoms + whole rings,0,20332,692963,CCCCCC/C=C/C(=O)CCc1ccc(O)c(OC)c1,CN[C@@](C)(CO[C@H]1[C@H](n2ncnc2-c2ccncc2)C[C@@]23COC[C@]1(C)[C@@H]2CC[C@H]1C3=CC[C@@]2(C)[C@H](C(=O)O)[C@@](C)([C@H](C)C(C)C)CC[C@]12C)C(C)C,21,53,74,21,53,74,32,21,59,1,7,ok,0.000874345,1,0.000874345,874345.000,,,,9,9,0,"[#6&!R]-&!@[#6&!R]-&!@[#6&!R]-&!@[#6]1:,-;@[#6]:,-;@[#6]:,-;@[#6]:,-;@[#6]:,-;@[#6]:,-;@1",Both ringMatchesRingOnly and completeRingsOnly are enabled.,
p0018,size-combinations,substruct,substruct_smiles,Substruct raw SMILES,1,20332,692963,CCCCCC/C=C/C(=O)CCc1ccc(O)c(OC)c1,CN[C@@](C)(CO[C@H]1[C@H](n2ncnc2-c2ccncc2)C[C@@]23COC[C@]1(C)[C@@H]2CC[C@H]1C3=CC[C@@]2(C)[C@H](C(=O)O)[C@@](C)([C@H](C)C(C)C)CC[C@]12C)C(C)C,21,53,74,21,53,74,32,21,59,1,7,ok,0.000908442,20,4.54221e-05,45422.100,has-match,0,0,,,,,Best SMILES-substructure baseline. Substructure has no direct completeRingsOnly option.,
p0018,size-combinations,substruct,substruct_elements_any_bond,Substruct elements/any bond,0,20332,692963,CCCCCC/C=C/C(=O)CCc1ccc(O)c(OC)c1,CN[C@@](C)(CO[C@H]1[C@H](n2ncnc2-c2ccncc2)C[C@@]23COC[C@]1(C)[C@@H]2CC[C@H]1C3=CC[C@@]2(C)[C@H](C(=O)O)[C@@](C)([C@H](C)C(C)C)CC[C@]12C)C(C)C,21,53,74,21,53,74,32,21,59,1,7,ok,0.001870367,20,9.351835e-05,93518.350,has-match,0,0,,,,,Query keeps atom elements but uses generic bonds.,
p0018,size-combinations,substruct,substruct_any_atom_bond,Substruct any atoms/bonds,0,20332,692963,CCCCCC/C=C/C(=O)CCc1ccc(O)c(OC)c1,CN[C@@](C)(CO[C@H]1[C@H](n2ncnc2-c2ccncc2)C[C@@]23COC[C@]1(C)[C@@H]2CC[C@H]1C3=CC[C@@]2(C)[C@H](C(=O)O)[C@@](C)([C@H](C)C(C)C)CC[C@]12C)C(C)C,21,53,74,21,53,74,32,21,59,1,7,ok,0.016300113,20,0.00081500565,815005.650,has-match,1,1,,,,,"Query uses generic atoms and generic bonds, similar to CompareAny topology.",
p0018,size-combinations,substruct,substruct_ring_atoms,Substruct ring-chain atoms,0,20332,692963,CCCCCC/C=C/C(=O)CCc1ccc(O)c(OC)c1,CN[C@@](C)(CO[C@H]1[C@H](n2ncnc2-c2ccncc2)C[C@@]23COC[C@]1(C)[C@@H]2CC[C@H]1C3=CC[C@@]2(C)[C@H](C(=O)O)[C@@](C)([C@H](C)C(C)C)CC[C@]12C)C(C)C,21,53,74,21,53,74,32,21,59,1,7,ok,8.0766e-05,20,4.0383e-06,4038.300,has-match,0,0,,,,,Query adds ring/chain atom constraints; closest substruct analog to ringMatchesRingOnly.,
p0019,size-combinations,mcs,mcs_any_atom_bond,MCS CompareAny atoms/bonds,0,20332,530439,CCCCCC/C=C/C(=O)CCc1ccc(O)c(OC)c1,CCC1=C[C@H]2CN(C1)Cc1c([nH]c3ccc(-c4ccccc4)cc13)[C@@](C(=O)OC)(c1cc3c(cc1OC)N(C)[C@H]1[C@@](O)(C(=O)OC)[C@H](OC(C)=O)[C@]4(CC)CC=CN5CC[C@]31[C@@H]54)C2,21,63,84,21,63,84,42,21,72,1,10,ok,0.000294436,1,0.000294436,294436.000,,,,21,21,0,"[#6]-[#6]-[#6]-,=[#6]-[#6]-[#6]-[#6,#7]=,-[#6]-[#6](=,:[#8,#6])-,:[#6]-[#6]-[#6]1:[#6]:[#6]:[#6](:[#6](:[#6]:1)-[#8,#6]-[#6])-[#8,#7]",Permissive MCS: any atom type and any bond type can match.,
p0019,size-combinations,mcs,mcs_elements_order,MCS elements/order,1,20332,530439,CCCCCC/C=C/C(=O)CCc1ccc(O)c(OC)c1,CCC1=C[C@H]2CN(C1)Cc1c([nH]c3ccc(-c4ccccc4)cc13)[C@@](C(=O)OC)(c1cc3c(cc1OC)N(C)[C@H]1[C@@](O)(C(=O)OC)[C@H](OC(C)=O)[C@]4(CC)CC=CN5CC[C@]31[C@@H]54)C2,21,63,84,21,63,84,42,21,72,1,10,ok,0.001541295,1,0.001541295,1541295.000,,,,13,13,0,[#6]-[#6]-[#6]=[#6]-[#6]-[#6]-[#6]-[#6]1:[#6]:[#6]:[#6]:[#6]:[#6]:1,Closest MCS counterpart to a raw SMILES substructure query.,
p0019,size-combinations,mcs,mcs_elements_order_maximize_atoms,MCS elements/order maximize atoms,0,20332,530439,CCCCCC/C=C/C(=O)CCc1ccc(O)c(OC)c1,CCC1=C[C@H]2CN(C1)Cc1c([nH]c3ccc(-c4ccccc4)cc13)[C@@](C(=O)OC)(c1cc3c(cc1OC)N(C)[C@H]1[C@@](O)(C(=O)OC)[C@H](OC(C)=O)[C@]4(CC)CC=CN5CC[C@]31[C@@H]54)C2,21,63,84,21,63,84,42,21,72,1,10,ok,0.001518835,1,0.001518835,1518835.000,,,,13,13,0,[#6]-[#6]-[#6]=[#6]-[#6]-[#6]-[#6]-[#6]1:[#6]:[#6]:[#6]:[#6]:[#6]:1,"Same element/order comparison, but optimize atom count instead of bond count.",
p0019,size-combinations,mcs,mcs_elements_order_ring_atoms,MCS elements/order ring atoms,0,20332,530439,CCCCCC/C=C/C(=O)CCc1ccc(O)c(OC)c1,CCC1=C[C@H]2CN(C1)Cc1c([nH]c3ccc(-c4ccccc4)cc13)[C@@](C(=O)OC)(c1cc3c(cc1OC)N(C)[C@H]1[C@@](O)(C(=O)OC)[C@H](OC(C)=O)[C@]4(CC)CC=CN5CC[C@]31[C@@H]54)C2,21,63,84,21,63,84,42,21,72,1,10,ok,0.000687062,1,0.000687062,687062.000,,,,9,9,0,"[#6&!R]-&!@[#6&!R]-&!@[#6]1:,-;@[#6]:,-;@[#6]:,-;@[#6]:,-;@[#6](:,-;@[#6]:,-;@1)-&!@[#8&!R]",Ring atoms and ring bonds only match ring atoms and ring bonds.,
p0019,size-combinations,mcs,mcs_elements_order_whole_rings,MCS elements/order whole rings,0,20332,530439,CCCCCC/C=C/C(=O)CCc1ccc(O)c(OC)c1,CCC1=C[C@H]2CN(C1)Cc1c([nH]c3ccc(-c4ccccc4)cc13)[C@@](C(=O)OC)(c1cc3c(cc1OC)N(C)[C@H]1[C@@](O)(C(=O)OC)[C@H](OC(C)=O)[C@]4(CC)CC=CN5CC[C@]31[C@@H]54)C2,21,63,84,21,63,84,42,21,72,1,10,ok,0.000946017,1,0.000946017,946017.000,,,,9,9,0,"[#6]-&!@[#6]-&!@[#6]1:,-;@[#6]:,-;@[#6]:,-;@[#6]:,-;@[#6](:,-;@[#6]:,-;@1)-&!@[#8]",MCS completeRingsOnly=True; partial ring MCS results are rejected.,
p0019,size-combinations,mcs,mcs_elements_order_ring_atoms_whole_rings,MCS elements/order ring atoms + whole rings,0,20332,530439,CCCCCC/C=C/C(=O)CCc1ccc(O)c(OC)c1,CCC1=C[C@H]2CN(C1)Cc1c([nH]c3ccc(-c4ccccc4)cc13)[C@@](C(=O)OC)(c1cc3c(cc1OC)N(C)[C@H]1[C@@](O)(C(=O)OC)[C@H](OC(C)=O)[C@]4(CC)CC=CN5CC[C@]31[C@@H]54)C2,21,63,84,21,63,84,42,21,72,1,10,ok,0.000815935,1,0.000815935,815935.000,,,,9,9,0,"[#6&!R]-&!@[#6&!R]-&!@[#6]1:,-;@[#6]:,-;@[#6]:,-;@[#6]:,-;@[#6](:,-;@[#6]:,-;@1)-&!@[#8&!R]",Both ringMatchesRingOnly and completeRingsOnly are enabled.,
p0019,size-combinations,substruct,substruct_smiles,Substruct raw SMILES,1,20332,530439,CCCCCC/C=C/C(=O)CCc1ccc(O)c(OC)c1,CCC1=C[C@H]2CN(C1)Cc1c([nH]c3ccc(-c4ccccc4)cc13)[C@@](C(=O)OC)(c1cc3c(cc1OC)N(C)[C@H]1[C@@](O)(C(=O)OC)[C@H](OC(C)=O)[C@]4(CC)CC=CN5CC[C@]31[C@@H]54)C2,21,63,84,21,63,84,42,21,72,1,10,ok,0.000371891,20,1.859455e-05,18594.550,has-match,0,0,,,,,Best SMILES-substructure baseline. Substructure has no direct completeRingsOnly option.,
p0019,size-combinations,substruct,substruct_elements_any_bond,Substruct elements/any bond,0,20332,530439,CCCCCC/C=C/C(=O)CCc1ccc(O)c(OC)c1,CCC1=C[C@H]2CN(C1)Cc1c([nH]c3ccc(-c4ccccc4)cc13)[C@@](C(=O)OC)(c1cc3c(cc1OC)N(C)[C@H]1[C@@](O)(C(=O)OC)[C@H](OC(C)=O)[C@]4(CC)CC=CN5CC[C@]31[C@@H]54)C2,21,63,84,21,63,84,42,21,72,1,10,ok,0.002018325,20,0.00010091625,100916.250,has-match,0,0,,,,,Query keeps atom elements but uses generic bonds.,
p0019,size-combinations,substruct,substruct_any_atom_bond,Substruct any atoms/bonds,0,20332,530439,CCCCCC/C=C/C(=O)CCc1ccc(O)c(OC)c1,CCC1=C[C@H]2CN(C1)Cc1c([nH]c3ccc(-c4ccccc4)cc13)[C@@](C(=O)OC)(c1cc3c(cc1OC)N(C)[C@H]1[C@@](O)(C(=O)OC)[C@H](OC(C)=O)[C@]4(CC)CC=CN5CC[C@]31[C@@H]54)C2,21,63,84,21,63,84,42,21,72,1,10,ok,0.039481215,20,0.00197406075,1974060.750,has-match,1,1,,,,,"Query uses generic atoms and generic bonds, similar to CompareAny topology.",
p0019,size-combinations,substruct,substruct_ring_atoms,Substruct ring-chain atoms,0,20332,530439,CCCCCC/C=C/C(=O)CCc1ccc(O)c(OC)c1,CCC1=C[C@H]2CN(C1)Cc1c([nH]c3ccc(-c4ccccc4)cc13)[C@@](C(=O)OC)(c1cc3c(cc1OC)N(C)[C@H]1[C@@](O)(C(=O)OC)[C@H](OC(C)=O)[C@]4(CC)CC=CN5CC[C@]31[C@@H]54)C2,21,63,84,21,63,84,42,21,72,1,10,ok,5.2787e-05,20,2.63935e-06,2639.350,has-match,0,0,,,,,Query adds ring/chain atom constraints; closest substruct analog to ringMatchesRingOnly.,
p0020,size-combinations,mcs,mcs_any_atom_bond,MCS CompareAny atoms/bonds,0,1096479,874233,CC(C)(C)n1cc(CN2CC(=O)Nc3ccccc3C2)nn1,C/C=C(/C)C(=O)OC[C@H]1C2=C(C[C@H]3[C@H]4C5=C(C(=O)C(C)=C(OC)C5=O)[C@H](O[C@H]5CC[C@@]6(C)C(=CC[C@H]7C8C[C@H]([C@H](C)CCCC(C)C)C[C@@]8(C)CC[C@@H]76)C5)[C@@H]([C@H](C#N)N13)N4C)C(=O)C(C)=C(OC)C2=O,22,70,92,22,70,92,48,24,78,3,9,ok,0.023186889,1,0.023186889,23186889.000,,,,22,22,0,"[#6]-[#6](-[#6])(-[#6])-[#7,#6](:,-[#6]:,-[#6]-[#6,#8]-[#7,#6](-[#6]-,=[#6](=,-[#8,#6])-[#7,#6]-[#6]1:,-[#6]:,-[#6]:,=[#6]:,-[#6]:,-[#6,#7]:,-1)-[#6]):,=[#7,#6]:,-[#7,#6]",Permissive MCS: any atom type and any bond type can match.,
p0020,size-combinations,mcs,mcs_elements_order,MCS elements/order,1,1096479,874233,CC(C)(C)n1cc(CN2CC(=O)Nc3ccccc3C2)nn1,C/C=C(/C)C(=O)OC[C@H]1C2=C(C[C@H]3[C@H]4C5=C(C(=O)C(C)=C(OC)C5=O)[C@H](O[C@H]5CC[C@@]6(C)C(=CC[C@H]7C8C[C@H]([C@H](C)CCCC(C)C)C[C@@]8(C)CC[C@@H]76)C5)[C@@H]([C@H](C#N)N13)N4C)C(=O)C(C)=C(OC)C2=O,22,70,92,22,70,92,48,24,78,3,9,ok,0.004091954,1,0.004091954,4091954.000,,,,14,13,0,"[#6]:,-[#6](-[#6]-[#7](-[#6]-[#6])-[#6]-[#6]:,-[#6]:,-[#6]:,-[#6]:,-[#6]:,-[#6]):,-[#7]",Closest MCS counterpart to a raw SMILES substructure query.,
p0020,size-combinations,mcs,mcs_elements_order_maximize_atoms,MCS elements/order maximize atoms,0,1096479,874233,CC(C)(C)n1cc(CN2CC(=O)Nc3ccccc3C2)nn1,C/C=C(/C)C(=O)OC[C@H]1C2=C(C[C@H]3[C@H]4C5=C(C(=O)C(C)=C(OC)C5=O)[C@H](O[C@H]5CC[C@@]6(C)C(=CC[C@H]7C8C[C@H]([C@H](C)CCCC(C)C)C[C@@]8(C)CC[C@@H]76)C5)[C@@H]([C@H](C#N)N13)N4C)C(=O)C(C)=C(OC)C2=O,22,70,92,22,70,92,48,24,78,3,9,ok,0.003793126,1,0.003793126,3793126.000,,,,14,13,0,"[#6]:,-[#6](-[#6]-[#7](-[#6]-[#6])-[#6]-[#6]:,-[#6]:,-[#6]:,-[#6]:,-[#6]:,-[#6]):,-[#7]","Same element/order comparison, but optimize atom count instead of bond count.",
p0020,size-combinations,mcs,mcs_elements_order_ring_atoms,MCS elements/order ring atoms,0,1096479,874233,CC(C)(C)n1cc(CN2CC(=O)Nc3ccccc3C2)nn1,C/C=C(/C)C(=O)OC[C@H]1C2=C(C[C@H]3[C@H]4C5=C(C(=O)C(C)=C(OC)C5=O)[C@H](O[C@H]5CC[C@@]6(C)C(=CC[C@H]7C8C[C@H]([C@H](C)CCCC(C)C)C[C@@]8(C)CC[C@@H]76)C5)[C@@H]([C@H](C#N)N13)N4C)C(=O)C(C)=C(OC)C2=O,22,70,92,22,70,92,48,24,78,3,9,ok,0.001445896,1,0.001445896,1445896.000,,,,12,11,0,"[#6&!R]-&!@[#7&R](-&@[#6&R]-&@[#6&R]-&@[#7&R]-&@[#6&R]:,-;@[#6&R])-&@[#6&R]-&@[#6&R]:,-;@[#6&R]:,-;@[#6&R]:,-;@[#6&R]",Ring atoms and ring bonds only match ring atoms and ring bonds.,
p0020,size-combinations,mcs,mcs_elements_order_whole_rings,MCS elements/order whole rings,0,1096479,874233,CC(C)(C)n1cc(CN2CC(=O)Nc3ccccc3C2)nn1,C/C=C(/C)C(=O)OC[C@H]1C2=C(C[C@H]3[C@H]4C5=C(C(=O)C(C)=C(OC)C5=O)[C@H](O[C@H]5CC[C@@]6(C)C(=CC[C@H]7C8C[C@H]([C@H](C)CCCC(C)C)C[C@@]8(C)CC[C@@H]76)C5)[C@@H]([C@H](C#N)N13)N4C)C(=O)C(C)=C(OC)C2=O,22,70,92,22,70,92,48,24,78,3,9,ok,0.001939464,1,0.001939464,1939464.000,,,,6,6,0,"[#6]1:,-;@[#6]:,-;@[#6]:,-;@[#6]:,-;@[#6]:,-;@[#6]:,-;@1",MCS completeRingsOnly=True; partial ring MCS results are rejected.,
p0020,size-combinations,mcs,mcs_elements_order_ring_atoms_whole_rings,MCS elements/order ring atoms + whole rings,0,1096479,874233,CC(C)(C)n1cc(CN2CC(=O)Nc3ccccc3C2)nn1,C/C=C(/C)C(=O)OC[C@H]1C2=C(C[C@H]3[C@H]4C5=C(C(=O)C(C)=C(OC)C5=O)[C@H](O[C@H]5CC[C@@]6(C)C(=CC[C@H]7C8C[C@H]([C@H](C)CCCC(C)C)C[C@@]8(C)CC[C@@H]76)C5)[C@@H]([C@H](C#N)N13)N4C)C(=O)C(C)=C(OC)C2=O,22,70,92,22,70,92,48,24,78,3,9,ok,0.001836113,1,0.001836113,1836113.000,,,,6,6,0,"[#6]1:,-;@[#6]:,-;@[#6]:,-;@[#6]:,-;@[#6]:,-;@[#6]:,-;@1",Both ringMatchesRingOnly and completeRingsOnly are enabled.,
p0020,size-combinations,substruct,substruct_smiles,Substruct raw SMILES,1,1096479,874233,CC(C)(C)n1cc(CN2CC(=O)Nc3ccccc3C2)nn1,C/C=C(/C)C(=O)OC[C@H]1C2=C(C[C@H]3[C@H]4C5=C(C(=O)C(C)=C(OC)C5=O)[C@H](O[C@H]5CC[C@@]6(C)C(=CC[C@H]7C8C[C@H]([C@H](C)CCCC(C)C)C[C@@]8(C)CC[C@@H]76)C5)[C@@H]([C@H](C#N)N13)N4C)C(=O)C(C)=C(OC)C2=O,22,70,92,22,70,92,48,24,78,3,9,ok,0.000115533,20,5.77665e-06,5776.650,has-match,0,0,,,,,Best SMILES-substructure baseline. Substructure has no direct completeRingsOnly option.,
p0020,size-combinations,substruct,substruct_elements_any_bond,Substruct elements/any bond,0,1096479,874233,CC(C)(C)n1cc(CN2CC(=O)Nc3ccccc3C2)nn1,C/C=C(/C)C(=O)OC[C@H]1C2=C(C[C@H]3[C@H]4C5=C(C(=O)C(C)=C(OC)C5=O)[C@H](O[C@H]5CC[C@@]6(C)C(=CC[C@H]7C8C[C@H]([C@H](C)CCCC(C)C)C[C@@]8(C)CC[C@@H]76)C5)[C@@H]([C@H](C#N)N13)N4C)C(=O)C(C)=C(OC)C2=O,22,70,92,22,70,92,48,24,78,3,9,ok,0.000108914,20,5.4457e-06,5445.700,has-match,0,0,,,,,Query keeps atom elements but uses generic bonds.,
p0020,size-combinations,substruct,substruct_any_atom_bond,Substruct any atoms/bonds,0,1096479,874233,CC(C)(C)n1cc(CN2CC(=O)Nc3ccccc3C2)nn1,C/C=C(/C)C(=O)OC[C@H]1C2=C(C[C@H]3[C@H]4C5=C(C(=O)C(C)=C(OC)C5=O)[C@H](O[C@H]5CC[C@@]6(C)C(=CC[C@H]7C8C[C@H]([C@H](C)CCCC(C)C)C[C@@]8(C)CC[C@@H]76)C5)[C@@H]([C@H](C#N)N13)N4C)C(=O)C(C)=C(OC)C2=O,22,70,92,22,70,92,48,24,78,3,9,ok,0.00110228,20,5.5114e-05,55114.000,has-match,0,0,,,,,"Query uses generic atoms and generic bonds, similar to CompareAny topology.",
p0020,size-combinations,substruct,substruct_ring_atoms,Substruct ring-chain atoms,0,1096479,874233,CC(C)(C)n1cc(CN2CC(=O)Nc3ccccc3C2)nn1,C/C=C(/C)C(=O)OC[C@H]1C2=C(C[C@H]3[C@H]4C5=C(C(=O)C(C)=C(OC)C5=O)[C@H](O[C@H]5CC[C@@]6(C)C(=CC[C@H]7C8C[C@H]([C@H](C)CCCC(C)C)C[C@@]8(C)CC[C@@H]76)C5)[C@@H]([C@H](C#N)N13)N4C)C(=O)C(C)=C(OC)C2=O,22,70,92,22,70,92,48,24,78,3,9,ok,5.6046e-05,20,2.8023e-06,2802.300,has-match,0,0,,,,,Query adds ring/chain atom constraints; closest substruct analog to ringMatchesRingOnly.,
p0021,size-combinations,mcs,mcs_any_atom_bond,MCS CompareAny atoms/bonds,0,1096479,1834009,CC(C)(C)n1cc(CN2CC(=O)Nc3ccccc3C2)nn1,CCCCC1C[C@@H](C(=O)N[C@@H](CO)C(=O)N[C@@H](Cc2ccc(O)cc2)C(=O)N[C@H](Cc2ccc3ccccc3c2)C(=O)N[C@H](CC(C)C)C(=O)N[C@@H](CCCN=C(N)N)C(=O)N2CCC[C@H]2C(=O)N[C@H](C)C(N)=O)NC(=O)CC[C@H](NC(C)=O)C(=O)N[C@H](Cc2ccc(Cl)cc2)C(=O)N1,22,99,121,22,99,121,77,24,104,3,6,ok,0.038824631,1,0.038824631,38824631.000,,,,21,21,0,"[#6,#8]-,=[#6](-[#6,#7])-[#7,#6](:,-[#6,#7]):,-[#7,#6]:,-[#7,#6]:,-[#6,#7]-[#6]-[#7,#6](-[#6,#7]-[#6](=,-[#8,#6])-,=[#7,#8])-[#6]-[#6]1:[#6]:[#6]:[#6]:[#6]:[#6]:1",Permissive MCS: any atom type and any bond type can match.,
p0021,size-combinations,mcs,mcs_elements_order,MCS elements/order,1,1096479,1834009,CC(C)(C)n1cc(CN2CC(=O)Nc3ccccc3C2)nn1,CCCCC1C[C@@H](C(=O)N[C@@H](CO)C(=O)N[C@@H](Cc2ccc(O)cc2)C(=O)N[C@H](Cc2ccc3ccccc3c2)C(=O)N[C@H](CC(C)C)C(=O)N[C@@H](CCCN=C(N)N)C(=O)N2CCC[C@H]2C(=O)N[C@H](C)C(N)=O)NC(=O)CC[C@H](NC(C)=O)C(=O)N[C@H](Cc2ccc(Cl)cc2)C(=O)N1,22,99,121,22,99,121,77,24,104,3,6,ok,0.004809228,1,0.004809228,4809228.000,,,,16,15,0,"[#6]:,-[#6](-[#6]-[#7]-[#6]-[#6](=[#8])-[#7]-[#6](:,-[#6]:,-[#6]:,-[#6]:,-[#6]):,-[#6]-[#6]):,-[#7]",Closest MCS counterpart to a raw SMILES substructure query.,
p0021,size-combinations,mcs,mcs_elements_order_maximize_atoms,MCS elements/order maximize atoms,0,1096479,1834009,CC(C)(C)n1cc(CN2CC(=O)Nc3ccccc3C2)nn1,CCCCC1C[C@@H](C(=O)N[C@@H](CO)C(=O)N[C@@H](Cc2ccc(O)cc2)C(=O)N[C@H](Cc2ccc3ccccc3c2)C(=O)N[C@H](CC(C)C)C(=O)N[C@@H](CCCN=C(N)N)C(=O)N2CCC[C@H]2C(=O)N[C@H](C)C(N)=O)NC(=O)CC[C@H](NC(C)=O)C(=O)N[C@H](Cc2ccc(Cl)cc2)C(=O)N1,22,99,121,22,99,121,77,24,104,3,6,ok,0.004418405,1,0.004418405,4418405.000,,,,16,15,0,"[#6]:,-[#6](-[#6]-[#7]-[#6]-[#6](=[#8])-[#7]-[#6](:,-[#6]:,-[#6]:,-[#6]:,-[#6]):,-[#6]-[#6]):,-[#7]","Same element/order comparison, but optimize atom count instead of bond count.",
p0021,size-combinations,mcs,mcs_elements_order_ring_atoms,MCS elements/order ring atoms,0,1096479,1834009,CC(C)(C)n1cc(CN2CC(=O)Nc3ccccc3C2)nn1,CCCCC1C[C@@H](C(=O)N[C@@H](CO)C(=O)N[C@@H](Cc2ccc(O)cc2)C(=O)N[C@H](Cc2ccc3ccccc3c2)C(=O)N[C@H](CC(C)C)C(=O)N[C@@H](CCCN=C(N)N)C(=O)N2CCC[C@H]2C(=O)N[C@H](C)C(N)=O)NC(=O)CC[C@H](NC(C)=O)C(=O)N[C@H](Cc2ccc(Cl)cc2)C(=O)N1,22,99,121,22,99,121,77,24,104,3,6,ok,0.001375284,1,0.001375284,1375284.000,,,,12,11,0,"[#7&R](-&@[#6&R]-&@[#6&R](=&!@[#8&!R])-&@[#7&R]-&@[#6&R]:,-;@[#6&R])-&@[#6&R]-&@[#6&R]:,-;@[#6&R]:,-;@[#6&R]:,-;@[#6&R]",Ring atoms and ring bonds only match ring atoms and ring bonds.,
p0021,size-combinations,mcs,mcs_elements_order_whole_rings,MCS elements/order whole rings,0,1096479,1834009,CC(C)(C)n1cc(CN2CC(=O)Nc3ccccc3C2)nn1,CCCCC1C[C@@H](C(=O)N[C@@H](CO)C(=O)N[C@@H](Cc2ccc(O)cc2)C(=O)N[C@H](Cc2ccc3ccccc3c2)C(=O)N[C@H](CC(C)C)C(=O)N[C@@H](CCCN=C(N)N)C(=O)N2CCC[C@H]2C(=O)N[C@H](C)C(N)=O)NC(=O)CC[C@H](NC(C)=O)C(=O)N[C@H](Cc2ccc(Cl)cc2)C(=O)N1,22,99,121,22,99,121,77,24,104,3,6,ok,0.001561676,1,0.001561676,1561676.000,,,,6,6,0,[#6]1:&@[#6]:&@[#6]:&@[#6]:&@[#6]:&@[#6]:&@1,MCS completeRingsOnly=True; partial ring MCS results are rejected.,
p0021,size-combinations,mcs,mcs_elements_order_ring_atoms_whole_rings,MCS elements/order ring atoms + whole rings,0,1096479,1834009,CC(C)(C)n1cc(CN2CC(=O)Nc3ccccc3C2)nn1,CCCCC1C[C@@H](C(=O)N[C@@H](CO)C(=O)N[C@@H](Cc2ccc(O)cc2)C(=O)N[C@H](Cc2ccc3ccccc3c2)C(=O)N[C@H](CC(C)C)C(=O)N[C@@H](CCCN=C(N)N)C(=O)N2CCC[C@H]2C(=O)N[C@H](C)C(N)=O)NC(=O)CC[C@H](NC(C)=O)C(=O)N[C@H](Cc2ccc(Cl)cc2)C(=O)N1,22,99,121,22,99,121,77,24,104,3,6,ok,0.001375667,1,0.001375667,1375667.000,,,,6,6,0,[#6]1:&@[#6]:&@[#6]:&@[#6]:&@[#6]:&@[#6]:&@1,Both ringMatchesRingOnly and completeRingsOnly are enabled.,
p0021,size-combinations,substruct,substruct_smiles,Substruct raw SMILES,1,1096479,1834009,CC(C)(C)n1cc(CN2CC(=O)Nc3ccccc3C2)nn1,CCCCC1C[C@@H](C(=O)N[C@@H](CO)C(=O)N[C@@H](Cc2ccc(O)cc2)C(=O)N[C@H](Cc2ccc3ccccc3c2)C(=O)N[C@H](CC(C)C)C(=O)N[C@@H](CCCN=C(N)N)C(=O)N2CCC[C@H]2C(=O)N[C@H](C)C(N)=O)NC(=O)CC[C@H](NC(C)=O)C(=O)N[C@H](Cc2ccc(Cl)cc2)C(=O)N1,22,99,121,22,99,121,77,24,104,3,6,ok,6.852e-05,20,3.426e-06,3426.000,has-match,0,0,,,,,Best SMILES-substructure baseline. Substructure has no direct completeRingsOnly option.,
p0021,size-combinations,substruct,substruct_elements_any_bond,Substruct elements/any bond,0,1096479,1834009,CC(C)(C)n1cc(CN2CC(=O)Nc3ccccc3C2)nn1,CCCCC1C[C@@H](C(=O)N[C@@H](CO)C(=O)N[C@@H](Cc2ccc(O)cc2)C(=O)N[C@H](Cc2ccc3ccccc3c2)C(=O)N[C@H](CC(C)C)C(=O)N[C@@H](CCCN=C(N)N)C(=O)N2CCC[C@H]2C(=O)N[C@H](C)C(N)=O)NC(=O)CC[C@H](NC(C)=O)C(=O)N[C@H](Cc2ccc(Cl)cc2)C(=O)N1,22,99,121,22,99,121,77,24,104,3,6,ok,6.0511e-05,20,3.02555e-06,3025.550,has-match,0,0,,,,,Query keeps atom elements but uses generic bonds.,
p0021,size-combinations,substruct,substruct_any_atom_bond,Substruct any atoms/bonds,0,1096479,1834009,CC(C)(C)n1cc(CN2CC(=O)Nc3ccccc3C2)nn1,CCCCC1C[C@@H](C(=O)N[C@@H](CO)C(=O)N[C@@H](Cc2ccc(O)cc2)C(=O)N[C@H](Cc2ccc3ccccc3c2)C(=O)N[C@H](CC(C)C)C(=O)N[C@@H](CCCN=C(N)N)C(=O)N2CCC[C@H]2C(=O)N[C@H](C)C(N)=O)NC(=O)CC[C@H](NC(C)=O)C(=O)N[C@H](Cc2ccc(Cl)cc2)C(=O)N1,22,99,121,22,99,121,77,24,104,3,6,ok,7.5364e-05,20,3.7682e-06,3768.200,has-match,0,0,,,,,"Query uses generic atoms and generic bonds, similar to CompareAny topology.",
p0021,size-combinations,substruct,substruct_ring_atoms,Substruct ring-chain atoms,0,1096479,1834009,CC(C)(C)n1cc(CN2CC(=O)Nc3ccccc3C2)nn1,CCCCC1C[C@@H](C(=O)N[C@@H](CO)C(=O)N[C@@H](Cc2ccc(O)cc2)C(=O)N[C@H](Cc2ccc3ccccc3c2)C(=O)N[C@H](CC(C)C)C(=O)N[C@@H](CCCN=C(N)N)C(=O)N2CCC[C@H]2C(=O)N[C@H](C)C(N)=O)NC(=O)CC[C@H](NC(C)=O)C(=O)N[C@H](Cc2ccc(Cl)cc2)C(=O)N1,22,99,121,22,99,121,77,24,104,3,6,ok,6.5719e-05,20,3.28595e-06,3285.950,has-match,0,0,,,,,Query adds ring/chain atom constraints; closest substruct analog to ringMatchesRingOnly.,
p0022,size-combinations,mcs,mcs_any_atom_bond,MCS CompareAny atoms/bonds,0,1717639,1885815,CC(=N/NC(=S)N(C)C)/C(=N\NC(=S)N(C)C)c1ccccc1,CC(=O)O[C@H]1C(=O)[C@@]2(C)[C@H]([C@H](OC(=O)c3ccccc3)[C@]3(O)C[C@H](OC(=O)[C@H](O)[C@@H](NC(=O)Oc4ccccc4)C(C)(C)C)C(C)=C1C3(C)C)[C@]1(OC(C)=O)CO[C@@H]1C[C@@H]2O,23,61,84,23,61,84,38,23,66,1,6,ok,0.001314046,1,0.001314046,1314046.000,,,,23,22,0,"[#6]-[#6](=,-[#7,#6]-[#7,#6]-[#6](=[#16,#6])-[#7,#6](-[#6])-[#6])-[#6](=,-[#7,#6]-[#7,#8]-[#6](=[#16,#8])-[#7,#6](-,:[#6])-,:[#6])-[#6](:,-[#6,#8]:,-[#6]):,-[#6]:,-[#6,#8]:,-[#6]",Permissive MCS: any atom type and any bond type can match.,
p0022,size-combinations,mcs,mcs_elements_order,MCS elements/order,1,1717639,1885815,CC(=N/NC(=S)N(C)C)/C(=N\NC(=S)N(C)C)c1ccccc1,CC(=O)O[C@H]1C(=O)[C@@]2(C)[C@H]([C@H](OC(=O)c3ccccc3)[C@]3(O)C[C@H](OC(=O)[C@H](O)[C@@H](NC(=O)Oc4ccccc4)C(C)(C)C)C(C)=C1C3(C)C)[C@]1(OC(C)=O)CO[C@@H]1C[C@@H]2O,23,61,84,23,61,84,38,23,66,1,6,ok,0.000297842,1,0.000297842,297842.000,,,,9,9,0,"[#6]-[#6]-[#6]-[#6]1:,-[#6]:,-[#6]:,-[#6]:,-[#6]:,-[#6]:,-1",Closest MCS counterpart to a raw SMILES substructure query.,
p0022,size-combinations,mcs,mcs_elements_order_maximize_atoms,MCS elements/order maximize atoms,0,1717639,1885815,CC(=N/NC(=S)N(C)C)/C(=N\NC(=S)N(C)C)c1ccccc1,CC(=O)O[C@H]1C(=O)[C@@]2(C)[C@H]([C@H](OC(=O)c3ccccc3)[C@]3(O)C[C@H](OC(=O)[C@H](O)[C@@H](NC(=O)Oc4ccccc4)C(C)(C)C)C(C)=C1C3(C)C)[C@]1(OC(C)=O)CO[C@@H]1C[C@@H]2O,23,61,84,23,61,84,38,23,66,1,6,ok,0.000272001,1,0.000272001,272001.000,,,,9,9,0,"[#6]-[#6]-[#6]-[#6]1:,-[#6]:,-[#6]:,-[#6]:,-[#6]:,-[#6]:,-1","Same element/order comparison, but optimize atom count instead of bond count.",
p0022,size-combinations,mcs,mcs_elements_order_ring_atoms,MCS elements/order ring atoms,0,1717639,1885815,CC(=N/NC(=S)N(C)C)/C(=N\NC(=S)N(C)C)c1ccccc1,CC(=O)O[C@H]1C(=O)[C@@]2(C)[C@H]([C@H](OC(=O)c3ccccc3)[C@]3(O)C[C@H](OC(=O)[C@H](O)[C@@H](NC(=O)Oc4ccccc4)C(C)(C)C)C(C)=C1C3(C)C)[C@]1(OC(C)=O)CO[C@@H]1C[C@@H]2O,23,61,84,23,61,84,38,23,66,1,6,ok,0.000257706,1,0.000257706,257706.000,,,,7,7,0,"[#6&!R]-&!@[#6]1:,-;@[#6]:,-;@[#6]:,-;@[#6]:,-;@[#6]:,-;@[#6]:,-;@1",Ring atoms and ring bonds only match ring atoms and ring bonds.,
p0022,size-combinations,mcs,mcs_elements_order_whole_rings,MCS elements/order whole rings,0,1717639,1885815,CC(=N/NC(=S)N(C)C)/C(=N\NC(=S)N(C)C)c1ccccc1,CC(=O)O[C@H]1C(=O)[C@@]2(C)[C@H]([C@H](OC(=O)c3ccccc3)[C@]3(O)C[C@H](OC(=O)[C@H](O)[C@@H](NC(=O)Oc4ccccc4)C(C)(C)C)C(C)=C1C3(C)C)[C@]1(OC(C)=O)CO[C@@H]1C[C@@H]2O,23,61,84,23,61,84,38,23,66,1,6,ok,0.00030178,1,0.00030178,301780.000,,,,7,7,0,"[#6]-&!@[#6]1:,-;@[#6]:,-;@[#6]:,-;@[#6]:,-;@[#6]:,-;@[#6]:,-;@1",MCS completeRingsOnly=True; partial ring MCS results are rejected.,
p0022,size-combinations,mcs,mcs_elements_order_ring_atoms_whole_rings,MCS elements/order ring atoms + whole rings,0,1717639,1885815,CC(=N/NC(=S)N(C)C)/C(=N\NC(=S)N(C)C)c1ccccc1,CC(=O)O[C@H]1C(=O)[C@@]2(C)[C@H]([C@H](OC(=O)c3ccccc3)[C@]3(O)C[C@H](OC(=O)[C@H](O)[C@@H](NC(=O)Oc4ccccc4)C(C)(C)C)C(C)=C1C3(C)C)[C@]1(OC(C)=O)CO[C@@H]1C[C@@H]2O,23,61,84,23,61,84,38,23,66,1,6,ok,0.000274123,1,0.000274123,274123.000,,,,7,7,0,"[#6&!R]-&!@[#6]1:,-;@[#6]:,-;@[#6]:,-;@[#6]:,-;@[#6]:,-;@[#6]:,-;@1",Both ringMatchesRingOnly and completeRingsOnly are enabled.,
p0022,size-combinations,substruct,substruct_smiles,Substruct raw SMILES,1,1717639,1885815,CC(=N/NC(=S)N(C)C)/C(=N\NC(=S)N(C)C)c1ccccc1,CC(=O)O[C@H]1C(=O)[C@@]2(C)[C@H]([C@H](OC(=O)c3ccccc3)[C@]3(O)C[C@H](OC(=O)[C@H](O)[C@@H](NC(=O)Oc4ccccc4)C(C)(C)C)C(C)=C1C3(C)C)[C@]1(OC(C)=O)CO[C@@H]1C[C@@H]2O,23,61,84,23,61,84,38,23,66,1,6,ok,9.4379e-05,20,4.71895e-06,4718.950,has-match,0,0,,,,,Best SMILES-substructure baseline. Substructure has no direct completeRingsOnly option.,
p0022,size-combinations,substruct,substruct_elements_any_bond,Substruct elements/any bond,0,1717639,1885815,CC(=N/NC(=S)N(C)C)/C(=N\NC(=S)N(C)C)c1ccccc1,CC(=O)O[C@H]1C(=O)[C@@]2(C)[C@H]([C@H](OC(=O)c3ccccc3)[C@]3(O)C[C@H](OC(=O)[C@H](O)[C@@H](NC(=O)Oc4ccccc4)C(C)(C)C)C(C)=C1C3(C)C)[C@]1(OC(C)=O)CO[C@@H]1C[C@@H]2O,23,61,84,23,61,84,38,23,66,1,6,ok,9.3468e-05,20,4.6734e-06,4673.400,has-match,0,0,,,,,Query keeps atom elements but uses generic bonds.,
p0022,size-combinations,substruct,substruct_any_atom_bond,Substruct any atoms/bonds,0,1717639,1885815,CC(=N/NC(=S)N(C)C)/C(=N\NC(=S)N(C)C)c1ccccc1,CC(=O)O[C@H]1C(=O)[C@@]2(C)[C@H]([C@H](OC(=O)c3ccccc3)[C@]3(O)C[C@H](OC(=O)[C@H](O)[C@@H](NC(=O)Oc4ccccc4)C(C)(C)C)C(C)=C1C3(C)C)[C@]1(OC(C)=O)CO[C@@H]1C[C@@H]2O,23,61,84,23,61,84,38,23,66,1,6,ok,0.007277164,20,0.0003638582,363858.200,has-match,0,0,,,,,"Query uses generic atoms and generic bonds, similar to CompareAny topology.",
p0022,size-combinations,substruct,substruct_ring_atoms,Substruct ring-chain atoms,0,1717639,1885815,CC(=N/NC(=S)N(C)C)/C(=N\NC(=S)N(C)C)c1ccccc1,CC(=O)O[C@H]1C(=O)[C@@]2(C)[C@H]([C@H](OC(=O)c3ccccc3)[C@]3(O)C[C@H](OC(=O)[C@H](O)[C@@H](NC(=O)Oc4ccccc4)C(C)(C)C)C(C)=C1C3(C)C)[C@]1(OC(C)=O)CO[C@@H]1C[C@@H]2O,23,61,84,23,61,84,38,23,66,1,6,ok,6.3488e-05,20,3.1744e-06,3174.400,has-match,0,0,,,,,Query adds ring/chain atom constraints; closest substruct analog to ringMatchesRingOnly.,
p0023,size-combinations,mcs,mcs_any_atom_bond,MCS CompareAny atoms/bonds,0,1004839,2231099,CCCCN1CC[C@H]2C=CC[C@@H](C(=O)NC3CCCCC3)[C@H]2C1=O,CC1(C)C=C2[C@H]3CC[C@@H]4[C@@]5(C)CCC(=O)C(C)(C)[C@@H]5CC[C@@]4(C)[C@]3(C)CC[C@@]2(C(=O)NC2CCCCC2)CC1,24,39,63,24,39,63,15,26,44,3,6,ok,0.006007928,1,0.006007928,6007928.000,,,,24,25,0,"[#6]-[#6]-[#6]-[#6]-[#7,#6](-[#6]-[#6])-[#6](-[#6]1-[#6](-[#6]-[#6]=,-[#6]-[#6]-,=1)-[#6](=[#8])-[#7]-[#6]1-[#6]-[#6]-[#6]-[#6]-[#6]-1)=,-[#8,#6]",Permissive MCS: any atom type and any bond type can match.,
p0023,size-combinations,mcs,mcs_elements_order,MCS elements/order,1,1004839,2231099,CCCCN1CC[C@H]2C=CC[C@@H](C(=O)NC3CCCCC3)[C@H]2C1=O,CC1(C)C=C2[C@H]3CC[C@@H]4[C@@]5(C)CCC(=O)C(C)(C)[C@@H]5CC[C@@]4(C)[C@]3(C)CC[C@@]2(C(=O)NC2CCCCC2)CC1,24,39,63,24,39,63,15,26,44,3,6,ok,0.007182186,1,0.007182186,7182186.000,,,,17,17,0,[#6]-[#6]-[#6](-[#6])-[#6]-[#6](-[#6]-[#6])-[#6](=[#8])-[#7]-[#6]1-[#6]-[#6]-[#6]-[#6]-[#6]-1,Closest MCS counterpart to a raw SMILES substructure query.,
p0023,size-combinations,mcs,mcs_elements_order_maximize_atoms,MCS elements/order maximize atoms,0,1004839,2231099,CCCCN1CC[C@H]2C=CC[C@@H](C(=O)NC3CCCCC3)[C@H]2C1=O,CC1(C)C=C2[C@H]3CC[C@@H]4[C@@]5(C)CCC(=O)C(C)(C)[C@@H]5CC[C@@]4(C)[C@]3(C)CC[C@@]2(C(=O)NC2CCCCC2)CC1,24,39,63,24,39,63,15,26,44,3,6,ok,0.007279115,1,0.007279115,7279115.000,,,,17,17,0,[#6]-[#6]-[#6](-[#6])-[#6]-[#6](-[#6]-[#6])-[#6](=[#8])-[#7]-[#6]1-[#6]-[#6]-[#6]-[#6]-[#6]-1,"Same element/order comparison, but optimize atom count instead of bond count.",
p0023,size-combinations,mcs,mcs_elements_order_ring_atoms,MCS elements/order ring atoms,0,1004839,2231099,CCCCN1CC[C@H]2C=CC[C@@H](C(=O)NC3CCCCC3)[C@H]2C1=O,CC1(C)C=C2[C@H]3CC[C@@H]4[C@@]5(C)CCC(=O)C(C)(C)[C@@H]5CC[C@@]4(C)[C@]3(C)CC[C@@]2(C(=O)NC2CCCCC2)CC1,24,39,63,24,39,63,15,26,44,3,6,ok,0.001813527,1,0.001813527,1813527.000,,,,17,17,0,[#6&R]-&@[#6&R]-&@[#6&R](-&@[#6&R])-&@[#6&R]-&@[#6&R](-&@[#6&R]-&@[#6&R])-&!@[#6&!R](=&!@[#8&!R])-&!@[#7&!R]-&!@[#6]1-&@[#6]-&@[#6]-&@[#6]-&@[#6]-&@[#6]-&@1,Ring atoms and ring bonds only match ring atoms and ring bonds.,
p0023,size-combinations,mcs,mcs_elements_order_whole_rings,MCS elements/order whole rings,0,1004839,2231099,CCCCN1CC[C@H]2C=CC[C@@H](C(=O)NC3CCCCC3)[C@H]2C1=O,CC1(C)C=C2[C@H]3CC[C@@H]4[C@@]5(C)CCC(=O)C(C)(C)[C@@H]5CC[C@@]4(C)[C@]3(C)CC[C@@]2(C(=O)NC2CCCCC2)CC1,24,39,63,24,39,63,15,26,44,3,6,ok,0.012710345,1,0.012710345,12710345.000,,,,10,10,0,[#6]-&!@[#6](=&!@[#8])-&!@[#7]-&!@[#6]1-&@[#6]-&@[#6]-&@[#6]-&@[#6]-&@[#6]-&@1,MCS completeRingsOnly=True; partial ring MCS results are rejected.,
p0023,size-combinations,mcs,mcs_elements_order_ring_atoms_whole_rings,MCS elements/order ring atoms + whole rings,0,1004839,2231099,CCCCN1CC[C@H]2C=CC[C@@H](C(=O)NC3CCCCC3)[C@H]2C1=O,CC1(C)C=C2[C@H]3CC[C@@H]4[C@@]5(C)CCC(=O)C(C)(C)[C@@H]5CC[C@@]4(C)[C@]3(C)CC[C@@]2(C(=O)NC2CCCCC2)CC1,24,39,63,24,39,63,15,26,44,3,6,ok,0.012870159,1,0.012870159,12870159.000,,,,10,10,0,[#6&R]-&!@[#6&!R](=&!@[#8&!R])-&!@[#7&!R]-&!@[#6]1-&@[#6]-&@[#6]-&@[#6]-&@[#6]-&@[#6]-&@1,Both ringMatchesRingOnly and completeRingsOnly are enabled.,
p0023,size-combinations,substruct,substruct_smiles,Substruct raw SMILES,1,1004839,2231099,CCCCN1CC[C@H]2C=CC[C@@H](C(=O)NC3CCCCC3)[C@H]2C1=O,CC1(C)C=C2[C@H]3CC[C@@H]4[C@@]5(C)CCC(=O)C(C)(C)[C@@H]5CC[C@@]4(C)[C@]3(C)CC[C@@]2(C(=O)NC2CCCCC2)CC1,24,39,63,24,39,63,15,26,44,3,6,ok,0.00028278,20,1.4139e-05,14139.000,has-match,0,0,,,,,Best SMILES-substructure baseline. Substructure has no direct completeRingsOnly option.,
p0023,size-combinations,substruct,substruct_elements_any_bond,Substruct elements/any bond,0,1004839,2231099,CCCCN1CC[C@H]2C=CC[C@@H](C(=O)NC3CCCCC3)[C@H]2C1=O,CC1(C)C=C2[C@H]3CC[C@@H]4[C@@]5(C)CCC(=O)C(C)(C)[C@@H]5CC[C@@]4(C)[C@]3(C)CC[C@@]2(C(=O)NC2CCCCC2)CC1,24,39,63,24,39,63,15,26,44,3,6,ok,0.000309042,20,1.54521e-05,15452.100,has-match,0,0,,,,,Query keeps atom elements but uses generic bonds.,
p0023,size-combinations,substruct,substruct_any_atom_bond,Substruct any atoms/bonds,0,1004839,2231099,CCCCN1CC[C@H]2C=CC[C@@H](C(=O)NC3CCCCC3)[C@H]2C1=O,CC1(C)C=C2[C@H]3CC[C@@H]4[C@@]5(C)CCC(=O)C(C)(C)[C@@H]5CC[C@@]4(C)[C@]3(C)CC[C@@]2(C(=O)NC2CCCCC2)CC1,24,39,63,24,39,63,15,26,44,3,6,ok,0.003452637,20,0.00017263185,172631.850,has-match,0,0,,,,,"Query uses generic atoms and generic bonds, similar to CompareAny topology.",
p0023,size-combinations,substruct,substruct_ring_atoms,Substruct ring-chain atoms,0,1004839,2231099,CCCCN1CC[C@H]2C=CC[C@@H](C(=O)NC3CCCCC3)[C@H]2C1=O,CC1(C)C=C2[C@H]3CC[C@@H]4[C@@]5(C)CCC(=O)C(C)(C)[C@@H]5CC[C@@]4(C)[C@]3(C)CC[C@@]2(C(=O)NC2CCCCC2)CC1,24,39,63,24,39,63,15,26,44,3,6,ok,3.9652e-05,20,1.9826e-06,1982.600,has-match,0,0,,,,,Query adds ring/chain atom constraints; closest substruct analog to ringMatchesRingOnly.,
p0024,size-combinations,mcs,mcs_any_atom_bond,MCS CompareAny atoms/bonds,0,1004839,692963,CCCCN1CC[C@H]2C=CC[C@@H](C(=O)NC3CCCCC3)[C@H]2C1=O,CN[C@@](C)(CO[C@H]1[C@H](n2ncnc2-c2ccncc2)C[C@@]23COC[C@]1(C)[C@@H]2CC[C@H]1C3=CC[C@@]2(C)[C@H](C(=O)O)[C@@](C)([C@H](C)C(C)C)CC[C@]12C)C(C)C,24,53,77,24,53,77,29,26,59,3,7,ok,0.012062202,1,0.012062202,12062202.000,,,,24,25,0,"[#6]-[#6]-[#6]-[#6]-,=[#7,#6]1-[#6]-[#6]-[#6]-[#6]=,-[#6]-[#6]-[#6](-[#6]-[#6]-1=,-[#8,#6])-[#6,#7](=,:[#8,#7])-,:[#7,#6]-[#6]1-,:[#6]-,:[#6]-,:[#6,#7]-,:[#6]-,:[#6]-,:1",Permissive MCS: any atom type and any bond type can match.,
p0024,size-combinations,mcs,mcs_elements_order,MCS elements/order,1,1004839,692963,CCCCN1CC[C@H]2C=CC[C@@H](C(=O)NC3CCCCC3)[C@H]2C1=O,CN[C@@](C)(CO[C@H]1[C@H](n2ncnc2-c2ccncc2)C[C@@]23COC[C@]1(C)[C@@H]2CC[C@H]1C3=CC[C@@]2(C)[C@H](C(=O)O)[C@@](C)([C@H](C)C(C)C)CC[C@]12C)C(C)C,24,53,77,24,53,77,29,26,59,3,7,ok,0.013487037,1,0.013487037,13487037.000,,,,16,15,0,"[#6]-,:[#6]-,:[#6]-[#6]-,:[#7]-[#6]-[#6]-[#6]-[#6]=[#6]-[#6]-[#6](-[#6])-[#6]-[#6]=[#8]",Closest MCS counterpart to a raw SMILES substructure query.,
p0024,size-combinations,mcs,mcs_elements_order_maximize_atoms,MCS elements/order maximize atoms,0,1004839,692963,CCCCN1CC[C@H]2C=CC[C@@H](C(=O)NC3CCCCC3)[C@H]2C1=O,CN[C@@](C)(CO[C@H]1[C@H](n2ncnc2-c2ccncc2)C[C@@]23COC[C@]1(C)[C@@H]2CC[C@H]1C3=CC[C@@]2(C)[C@H](C(=O)O)[C@@](C)([C@H](C)C(C)C)CC[C@]12C)C(C)C,24,53,77,24,53,77,29,26,59,3,7,ok,0.013491361,1,0.013491361,13491361.000,,,,16,15,0,"[#6]-,:[#6]-,:[#6]-[#6]-,:[#7]-[#6]-[#6]-[#6]-[#6]=[#6]-[#6]-[#6](-[#6])-[#6]-[#6]=[#8]","Same element/order comparison, but optimize atom count instead of bond count.",
p0024,size-combinations,mcs,mcs_elements_order_ring_atoms,MCS elements/order ring atoms,0,1004839,692963,CCCCN1CC[C@H]2C=CC[C@@H](C(=O)NC3CCCCC3)[C@H]2C1=O,CN[C@@](C)(CO[C@H]1[C@H](n2ncnc2-c2ccncc2)C[C@@]23COC[C@]1(C)[C@@H]2CC[C@H]1C3=CC[C@@]2(C)[C@H](C(=O)O)[C@@](C)([C@H](C)C(C)C)CC[C@]12C)C(C)C,24,53,77,24,53,77,29,26,59,3,7,ok,0.002070586,1,0.002070586,2070586.000,,,,11,10,0,[#6&R]-&@[#6&R]-&@[#6&R](-&@[#6&R])-&@[#6&R](-&@[#6&R](-&@[#6&R]-&@[#6&R])-&!@[#6&!R]=&!@[#8&!R])-&@[#6&R],Ring atoms and ring bonds only match ring atoms and ring bonds.,
p0024,size-combinations,mcs,mcs_elements_order_whole_rings,MCS elements/order whole rings,0,1004839,692963,CCCCN1CC[C@H]2C=CC[C@@H](C(=O)NC3CCCCC3)[C@H]2C1=O,CN[C@@](C)(CO[C@H]1[C@H](n2ncnc2-c2ccncc2)C[C@@]23COC[C@]1(C)[C@@H]2CC[C@H]1C3=CC[C@@]2(C)[C@H](C(=O)O)[C@@](C)([C@H](C)C(C)C)CC[C@]12C)C(C)C,24,53,77,24,53,77,29,26,59,3,7,ok,0.004840125,1,0.004840125,4840125.000,,,,7,7,0,[#6]1-&@[#6]=&@[#6]-&@[#6]-&@[#6](-&@[#6]-&@1)-&!@[#6],MCS completeRingsOnly=True; partial ring MCS results are rejected.,
p0024,size-combinations,mcs,mcs_elements_order_ring_atoms_whole_rings,MCS elements/order ring atoms + whole rings,0,1004839,692963,CCCCN1CC[C@H]2C=CC[C@@H](C(=O)NC3CCCCC3)[C@H]2C1=O,CN[C@@](C)(CO[C@H]1[C@H](n2ncnc2-c2ccncc2)C[C@@]23COC[C@]1(C)[C@@H]2CC[C@H]1C3=CC[C@@]2(C)[C@H](C(=O)O)[C@@](C)([C@H](C)C(C)C)CC[C@]12C)C(C)C,24,53,77,24,53,77,29,26,59,3,7,ok,0.004036119,1,0.004036119,4036119.000,,,,7,7,0,[#6]1-&@[#6]=&@[#6]-&@[#6]-&@[#6](-&@[#6]-&@1)-&!@[#6&!R],Both ringMatchesRingOnly and completeRingsOnly are enabled.,
p0024,size-combinations,substruct,substruct_smiles,Substruct raw SMILES,1,1004839,692963,CCCCN1CC[C@H]2C=CC[C@@H](C(=O)NC3CCCCC3)[C@H]2C1=O,CN[C@@](C)(CO[C@H]1[C@H](n2ncnc2-c2ccncc2)C[C@@]23COC[C@]1(C)[C@@H]2CC[C@H]1C3=CC[C@@]2(C)[C@H](C(=O)O)[C@@](C)([C@H](C)C(C)C)CC[C@]12C)C(C)C,24,53,77,24,53,77,29,26,59,3,7,ok,0.00029065,20,1.45325e-05,14532.500,has-match,0,0,,,,,Best SMILES-substructure baseline. Substructure has no direct completeRingsOnly option.,
p0024,size-combinations,substruct,substruct_elements_any_bond,Substruct elements/any bond,0,1004839,692963,CCCCN1CC[C@H]2C=CC[C@@H](C(=O)NC3CCCCC3)[C@H]2C1=O,CN[C@@](C)(CO[C@H]1[C@H](n2ncnc2-c2ccncc2)C[C@@]23COC[C@]1(C)[C@@H]2CC[C@H]1C3=CC[C@@]2(C)[C@H](C(=O)O)[C@@](C)([C@H](C)C(C)C)CC[C@]12C)C(C)C,24,53,77,24,53,77,29,26,59,3,7,ok,0.000433418,20,2.16709e-05,21670.900,has-match,0,0,,,,,Query keeps atom elements but uses generic bonds.,
p0024,size-combinations,substruct,substruct_any_atom_bond,Substruct any atoms/bonds,0,1004839,692963,CCCCN1CC[C@H]2C=CC[C@@H](C(=O)NC3CCCCC3)[C@H]2C1=O,CN[C@@](C)(CO[C@H]1[C@H](n2ncnc2-c2ccncc2)C[C@@]23COC[C@]1(C)[C@@H]2CC[C@H]1C3=CC[C@@]2(C)[C@H](C(=O)O)[C@@](C)([C@H](C)C(C)C)CC[C@]12C)C(C)C,24,53,77,24,53,77,29,26,59,3,7,ok,0.007185057,20,0.00035925285,359252.850,has-match,0,0,,,,,"Query uses generic atoms and generic bonds, similar to CompareAny topology.",
p0024,size-combinations,substruct,substruct_ring_atoms,Substruct ring-chain atoms,0,1004839,692963,CCCCN1CC[C@H]2C=CC[C@@H](C(=O)NC3CCCCC3)[C@H]2C1=O,CN[C@@](C)(CO[C@H]1[C@H](n2ncnc2-c2ccncc2)C[C@@]23COC[C@]1(C)[C@@H]2CC[C@H]1C3=CC[C@@]2(C)[C@H](C(=O)O)[C@@](C)([C@H](C)C(C)C)CC[C@]12C)C(C)C,24,53,77,24,53,77,29,26,59,3,7,ok,8.4549e-05,20,4.22745e-06,4227.450,has-match,0,0,,,,,Query adds ring/chain atom constraints; closest substruct analog to ringMatchesRingOnly.,
p0025,size-combinations,mcs,mcs_any_atom_bond,MCS CompareAny atoms/bonds,0,1032040,1724209,O=C(c1nc2ccccc2s1)N1CCC[C@H](c2cc(F)ccc2F)C1,CC1(C)[C@@H](O)CC[C@]2(C)[C@H]3C(=O)C=C4[C@@H]5C[C@@](C)(C(=O)OCc6cccc7cccnc67)CC[C@]5(C)CC[C@@]4(C)[C@]3(C)CC[C@@H]12,25,45,70,25,45,70,20,28,51,4,7,ok,0.128657566,1,0.128657566,128657566.000,,,,25,27,0,"[#8]=[#6](-[#6,#8]:,-[#16,#6]:,-[#6]1:[#6]:[#6]:[#6]:[#6]:[#6]:1:[#7])-[#7,#6]1-[#6]-[#6]-[#6]-[#6](-[#6]-1)-[#6]1:,=[#6]:,-[#6](-,=[#9,#8]):,-[#6]:,-[#6]:,-[#6]:,-1-[#9,#6]",Permissive MCS: any atom type and any bond type can match.,
p0025,size-combinations,mcs,mcs_elements_order,MCS elements/order,1,1032040,1724209,O=C(c1nc2ccccc2s1)N1CCC[C@H](c2cc(F)ccc2F)C1,CC1(C)[C@@H](O)CC[C@]2(C)[C@H]3C(=O)C=C4[C@@H]5C[C@@](C)(C(=O)OCc6cccc7cccnc67)CC[C@]5(C)CC[C@@]4(C)[C@]3(C)CC[C@@H]12,25,45,70,25,45,70,20,28,51,4,7,ok,0.002102931,1,0.002102931,2102931.000,,,,11,11,0,"[#7]1-,:[#6]-,:[#6]-,:[#6]-,:[#6](-,:[#6]-,:1)-,:[#6]:[#6]:[#6]:[#6]:,-[#6]",Closest MCS counterpart to a raw SMILES substructure query.,
p0025,size-combinations,mcs,mcs_elements_order_maximize_atoms,MCS elements/order maximize atoms,0,1032040,1724209,O=C(c1nc2ccccc2s1)N1CCC[C@H](c2cc(F)ccc2F)C1,CC1(C)[C@@H](O)CC[C@]2(C)[C@H]3C(=O)C=C4[C@@H]5C[C@@](C)(C(=O)OCc6cccc7cccnc67)CC[C@]5(C)CC[C@@]4(C)[C@]3(C)CC[C@@H]12,25,45,70,25,45,70,20,28,51,4,7,ok,0.00152559,1,0.00152559,1525590.000,,,,11,11,0,"[#7]1-,:[#6]-,:[#6]-,:[#6]-,:[#6](-,:[#6]-,:1)-,:[#6]:[#6]:[#6]:[#6]:,-[#6]","Same element/order comparison, but optimize atom count instead of bond count.",
p0025,size-combinations,mcs,mcs_elements_order_ring_atoms,MCS elements/order ring atoms,0,1032040,1724209,O=C(c1nc2ccccc2s1)N1CCC[C@H](c2cc(F)ccc2F)C1,CC1(C)[C@@H](O)CC[C@]2(C)[C@H]3C(=O)C=C4[C@@H]5C[C@@](C)(C(=O)OCc6cccc7cccnc67)CC[C@]5(C)CC[C@@]4(C)[C@]3(C)CC[C@@H]12,25,45,70,25,45,70,20,28,51,4,7,ok,0.000368706,1,0.000368706,368706.000,,,,8,8,0,[#6&R]:&@[#7&R]:&@[#6]1:&@[#6]:&@[#6]:&@[#6]:&@[#6]:&@[#6]:&@1,Ring atoms and ring bonds only match ring atoms and ring bonds.,
p0025,size-combinations,mcs,mcs_elements_order_whole_rings,MCS elements/order whole rings,0,1032040,1724209,O=C(c1nc2ccccc2s1)N1CCC[C@H](c2cc(F)ccc2F)C1,CC1(C)[C@@H](O)CC[C@]2(C)[C@H]3C(=O)C=C4[C@@H]5C[C@@](C)(C(=O)OCc6cccc7cccnc67)CC[C@]5(C)CC[C@@]4(C)[C@]3(C)CC[C@@H]12,25,45,70,25,45,70,20,28,51,4,7,ok,0.001201116,1,0.001201116,1201116.000,,,,7,7,0,"[#6]-&!@[#6]1:,-;@[#6]:,-;@[#6]:,-;@[#6]:,-;@[#6]:,-;@[#6]:,-;@1",MCS completeRingsOnly=True; partial ring MCS results are rejected.,
p0025,size-combinations,mcs,mcs_elements_order_ring_atoms_whole_rings,MCS elements/order ring atoms + whole rings,0,1032040,1724209,O=C(c1nc2ccccc2s1)N1CCC[C@H](c2cc(F)ccc2F)C1,CC1(C)[C@@H](O)CC[C@]2(C)[C@H]3C(=O)C=C4[C@@H]5C[C@@](C)(C(=O)OCc6cccc7cccnc67)CC[C@]5(C)CC[C@@]4(C)[C@]3(C)CC[C@@H]12,25,45,70,25,45,70,20,28,51,4,7,ok,0.000801937,1,0.000801937,801937.000,,,,6,6,0,"[#6]1:,-;@[#6]:,-;@[#6]:,-;@[#6]:,-;@[#6]:,-;@[#6]:,-;@1",Both ringMatchesRingOnly and completeRingsOnly are enabled.,
p0025,size-combinations,substruct,substruct_smiles,Substruct raw SMILES,1,1032040,1724209,O=C(c1nc2ccccc2s1)N1CCC[C@H](c2cc(F)ccc2F)C1,CC1(C)[C@@H](O)CC[C@]2(C)[C@H]3C(=O)C=C4[C@@H]5C[C@@](C)(C(=O)OCc6cccc7cccnc67)CC[C@]5(C)CC[C@@]4(C)[C@]3(C)CC[C@@H]12,25,45,70,25,45,70,20,28,51,4,7,ok,3.4074e-05,20,1.7037e-06,1703.700,has-match,0,0,,,,,Best SMILES-substructure baseline. Substructure has no direct completeRingsOnly option.,
p0025,size-combinations,substruct,substruct_elements_any_bond,Substruct elements/any bond,0,1032040,1724209,O=C(c1nc2ccccc2s1)N1CCC[C@H](c2cc(F)ccc2F)C1,CC1(C)[C@@H](O)CC[C@]2(C)[C@H]3C(=O)C=C4[C@@H]5C[C@@](C)(C(=O)OCc6cccc7cccnc67)CC[C@]5(C)CC[C@@]4(C)[C@]3(C)CC[C@@H]12,25,45,70,25,45,70,20,28,51,4,7,ok,3.1105e-05,20,1.55525e-06,1555.250,has-match,0,0,,,,,Query keeps atom elements but uses generic bonds.,
p0025,size-combinations,substruct,substruct_any_atom_bond,Substruct any atoms/bonds,0,1032040,1724209,O=C(c1nc2ccccc2s1)N1CCC[C@H](c2cc(F)ccc2F)C1,CC1(C)[C@@H](O)CC[C@]2(C)[C@H]3C(=O)C=C4[C@@H]5C[C@@](C)(C(=O)OCc6cccc7cccnc67)CC[C@]5(C)CC[C@@]4(C)[C@]3(C)CC[C@@H]12,25,45,70,25,45,70,20,28,51,4,7,ok,0.000904482,20,4.52241e-05,45224.100,has-match,0,0,,,,,"Query uses generic atoms and generic bonds, similar to CompareAny topology.",
p0025,size-combinations,substruct,substruct_ring_atoms,Substruct ring-chain atoms,0,1032040,1724209,O=C(c1nc2ccccc2s1)N1CCC[C@H](c2cc(F)ccc2F)C1,CC1(C)[C@@H](O)CC[C@]2(C)[C@H]3C(=O)C=C4[C@@H]5C[C@@](C)(C(=O)OCc6cccc7cccnc67)CC[C@]5(C)CC[C@@]4(C)[C@]3(C)CC[C@@H]12,25,45,70,25,45,70,20,28,51,4,7,ok,3.6664e-05,20,1.8332e-06,1833.200,has-match,0,0,,,,,Query adds ring/chain atom constraints; closest substruct analog to ringMatchesRingOnly.,
p0026,size-combinations,mcs,mcs_any_atom_bond,MCS CompareAny atoms/bonds,0,1032040,874233,O=C(c1nc2ccccc2s1)N1CCC[C@H](c2cc(F)ccc2F)C1,C/C=C(/C)C(=O)OC[C@H]1C2=C(C[C@H]3[C@H]4C5=C(C(=O)C(C)=C(OC)C5=O)[C@H](O[C@H]5CC[C@@]6(C)C(=CC[C@H]7C8C[C@H]([C@H](C)CCCC(C)C)C[C@@]8(C)CC[C@@H]76)C5)[C@@H]([C@H](C#N)N13)N4C)C(=O)C(C)=C(OC)C2=O,25,70,95,25,70,95,45,28,78,4,9,ok,0.261125698,1,0.261125698,261125698.000,,,,25,26,0,"[#8,#6]=,-[#6](-[#6](:,=[#7,#6]:,-[#6]:,-[#6]:,-[#6]):,-[#16,#6]:,-[#6]:,-[#6,#8]:,-[#6])-[#7]1-[#6]-[#6]-[#6,#7]-[#6](-[#6]-1)-[#6]1:,=[#6]:,-[#6](-,=[#9,#8]):,-[#6]:,=[#6]:,-[#6]:,-1-,=[#9,#8]",Permissive MCS: any atom type and any bond type can match.,
p0026,size-combinations,mcs,mcs_elements_order,MCS elements/order,1,1032040,874233,O=C(c1nc2ccccc2s1)N1CCC[C@H](c2cc(F)ccc2F)C1,C/C=C(/C)C(=O)OC[C@H]1C2=C(C[C@H]3[C@H]4C5=C(C(=O)C(C)=C(OC)C5=O)[C@H](O[C@H]5CC[C@@]6(C)C(=CC[C@H]7C8C[C@H]([C@H](C)CCCC(C)C)C[C@@]8(C)CC[C@@H]76)C5)[C@@H]([C@H](C#N)N13)N4C)C(=O)C(C)=C(OC)C2=O,25,70,95,25,70,95,45,28,78,4,9,ok,0.006212367,1,0.006212367,6212367.000,,,,17,16,0,"[#6](-[#6]:,-[#7]:,-[#6](:,-[#6]):,-[#6]:,-[#6]:,-[#6])-[#7](-[#6])-[#6]-[#6]-[#6]:,-[#6]:,-[#6]:,-[#6]:,-[#6]",Closest MCS counterpart to a raw SMILES substructure query.,
p0026,size-combinations,mcs,mcs_elements_order_maximize_atoms,MCS elements/order maximize atoms,0,1032040,874233,O=C(c1nc2ccccc2s1)N1CCC[C@H](c2cc(F)ccc2F)C1,C/C=C(/C)C(=O)OC[C@H]1C2=C(C[C@H]3[C@H]4C5=C(C(=O)C(C)=C(OC)C5=O)[C@H](O[C@H]5CC[C@@]6(C)C(=CC[C@H]7C8C[C@H]([C@H](C)CCCC(C)C)C[C@@]8(C)CC[C@@H]76)C5)[C@@H]([C@H](C#N)N13)N4C)C(=O)C(C)=C(OC)C2=O,25,70,95,25,70,95,45,28,78,4,9,ok,0.005556648,1,0.005556648,5556648.000,,,,17,16,0,"[#6](-[#6]:,-[#7]:,-[#6](:,-[#6]):,-[#6]:,-[#6]:,-[#6])-[#7](-[#6])-[#6]-[#6]-[#6]:,-[#6]:,-[#6]:,-[#6]:,-[#6]","Same element/order comparison, but optimize atom count instead of bond count.",
p0026,size-combinations,mcs,mcs_elements_order_ring_atoms,MCS elements/order ring atoms,0,1032040,874233,O=C(c1nc2ccccc2s1)N1CCC[C@H](c2cc(F)ccc2F)C1,C/C=C(/C)C(=O)OC[C@H]1C2=C(C[C@H]3[C@H]4C5=C(C(=O)C(C)=C(OC)C5=O)[C@H](O[C@H]5CC[C@@]6(C)C(=CC[C@H]7C8C[C@H]([C@H](C)CCCC(C)C)C[C@@]8(C)CC[C@@H]76)C5)[C@@H]([C@H](C#N)N13)N4C)C(=O)C(C)=C(OC)C2=O,25,70,95,25,70,95,45,28,78,4,9,ok,0.00064045,1,0.00064045,640450.000,,,,9,8,0,"[#6&!R]-&!@[#6&R]:,-;@[#7&R]:,-;@[#6&R](:,-;@[#6&R]:,-;@[#6&R]:,-;@[#6&R]):,-;@[#6&R]:,-;@[#6&R]",Ring atoms and ring bonds only match ring atoms and ring bonds.,
p0026,size-combinations,mcs,mcs_elements_order_whole_rings,MCS elements/order whole rings,0,1032040,874233,O=C(c1nc2ccccc2s1)N1CCC[C@H](c2cc(F)ccc2F)C1,C/C=C(/C)C(=O)OC[C@H]1C2=C(C[C@H]3[C@H]4C5=C(C(=O)C(C)=C(OC)C5=O)[C@H](O[C@H]5CC[C@@]6(C)C(=CC[C@H]7C8C[C@H]([C@H](C)CCCC(C)C)C[C@@]8(C)CC[C@@H]76)C5)[C@@H]([C@H](C#N)N13)N4C)C(=O)C(C)=C(OC)C2=O,25,70,95,25,70,95,45,28,78,4,9,ok,0.001162959,1,0.001162959,1162959.000,,,,7,7,0,"[#6]-&!@[#6]1:,-;@[#6]:,-;@[#6]:,-;@[#6]:,-;@[#6]:,-;@[#6]:,-;@1",MCS completeRingsOnly=True; partial ring MCS results are rejected.,
p0026,size-combinations,mcs,mcs_elements_order_ring_atoms_whole_rings,MCS elements/order ring atoms + whole rings,0,1032040,874233,O=C(c1nc2ccccc2s1)N1CCC[C@H](c2cc(F)ccc2F)C1,C/C=C(/C)C(=O)OC[C@H]1C2=C(C[C@H]3[C@H]4C5=C(C(=O)C(C)=C(OC)C5=O)[C@H](O[C@H]5CC[C@@]6(C)C(=CC[C@H]7C8C[C@H]([C@H](C)CCCC(C)C)C[C@@]8(C)CC[C@@H]76)C5)[C@@H]([C@H](C#N)N13)N4C)C(=O)C(C)=C(OC)C2=O,25,70,95,25,70,95,45,28,78,4,9,ok,0.000812237,1,0.000812237,812237.000,,,,6,6,0,"[#6]1:,-;@[#6]:,-;@[#6]:,-;@[#6]:,-;@[#6]:,-;@[#6]:,-;@1",Both ringMatchesRingOnly and completeRingsOnly are enabled.,
p0026,size-combinations,substruct,substruct_smiles,Substruct raw SMILES,1,1032040,874233,O=C(c1nc2ccccc2s1)N1CCC[C@H](c2cc(F)ccc2F)C1,C/C=C(/C)C(=O)OC[C@H]1C2=C(C[C@H]3[C@H]4C5=C(C(=O)C(C)=C(OC)C5=O)[C@H](O[C@H]5CC[C@@]6(C)C(=CC[C@H]7C8C[C@H]([C@H](C)CCCC(C)C)C[C@@]8(C)CC[C@@H]76)C5)[C@@H]([C@H](C#N)N13)N4C)C(=O)C(C)=C(OC)C2=O,25,70,95,25,70,95,45,28,78,4,9,ok,5.603e-05,20,2.8015e-06,2801.500,has-match,0,0,,,,,Best SMILES-substructure baseline. Substructure has no direct completeRingsOnly option.,
p0026,size-combinations,substruct,substruct_elements_any_bond,Substruct elements/any bond,0,1032040,874233,O=C(c1nc2ccccc2s1)N1CCC[C@H](c2cc(F)ccc2F)C1,C/C=C(/C)C(=O)OC[C@H]1C2=C(C[C@H]3[C@H]4C5=C(C(=O)C(C)=C(OC)C5=O)[C@H](O[C@H]5CC[C@@]6(C)C(=CC[C@H]7C8C[C@H]([C@H](C)CCCC(C)C)C[C@@]8(C)CC[C@@H]76)C5)[C@@H]([C@H](C#N)N13)N4C)C(=O)C(C)=C(OC)C2=O,25,70,95,25,70,95,45,28,78,4,9,ok,6.8074e-05,20,3.4037e-06,3403.700,has-match,0,0,,,,,Query keeps atom elements but uses generic bonds.,
p0026,size-combinations,substruct,substruct_any_atom_bond,Substruct any atoms/bonds,0,1032040,874233,O=C(c1nc2ccccc2s1)N1CCC[C@H](c2cc(F)ccc2F)C1,C/C=C(/C)C(=O)OC[C@H]1C2=C(C[C@H]3[C@H]4C5=C(C(=O)C(C)=C(OC)C5=O)[C@H](O[C@H]5CC[C@@]6(C)C(=CC[C@H]7C8C[C@H]([C@H](C)CCCC(C)C)C[C@@]8(C)CC[C@@H]76)C5)[C@@H]([C@H](C#N)N13)N4C)C(=O)C(C)=C(OC)C2=O,25,70,95,25,70,95,45,28,78,4,9,ok,0.003503118,20,0.0001751559,175155.900,has-match,0,0,,,,,"Query uses generic atoms and generic bonds, similar to CompareAny topology.",
p0026,size-combinations,substruct,substruct_ring_atoms,Substruct ring-chain atoms,0,1032040,874233,O=C(c1nc2ccccc2s1)N1CCC[C@H](c2cc(F)ccc2F)C1,C/C=C(/C)C(=O)OC[C@H]1C2=C(C[C@H]3[C@H]4C5=C(C(=O)C(C)=C(OC)C5=O)[C@H](O[C@H]5CC[C@@]6(C)C(=CC[C@H]7C8C[C@H]([C@H](C)CCCC(C)C)C[C@@]8(C)CC[C@@H]76)C5)[C@@H]([C@H](C#N)N13)N4C)C(=O)C(C)=C(OC)C2=O,25,70,95,25,70,95,45,28,78,4,9,ok,4.4411e-05,20,2.22055e-06,2220.550,has-match,0,0,,,,,Query adds ring/chain atom constraints; closest substruct analog to ringMatchesRingOnly.,
p0027,size-combinations,mcs,mcs_any_atom_bond,MCS CompareAny atoms/bonds,0,472699,1885815,Cc1cc(C)c(S(=O)(=O)N2CCC(C(=O)Nc3ccccc3)CC2)c(C)c1,CC(=O)O[C@H]1C(=O)[C@@]2(C)[C@H]([C@H](OC(=O)c3ccccc3)[C@]3(O)C[C@H](OC(=O)[C@H](O)[C@@H](NC(=O)Oc4ccccc4)C(C)(C)C)C(C)=C1C3(C)C)[C@]1(OC(C)=O)CO[C@@H]1C[C@@H]2O,27,61,88,27,61,88,34,29,66,3,6,ok,0.07360995,1,0.07360995,73609950.000,,,,27,26,0,"[#6]-[#6](:,-[#6]:,-[#6]-[#6]):,-[#6]:,-[#6](:,-[#6]-[#16,#6](=,-[#8,#6])(=,-[#8,#6])-[#7,#6](-,=[#6]-[#6]-[#6,#8]-[#6](=[#8])-[#7,#6]-[#6](:,-[#6,#7]:,-[#6]:,=[#6,#8]):,-[#6]:,-[#6])-[#6]-[#6,#8])-[#6,#8]",Permissive MCS: any atom type and any bond type can match.,
p0027,size-combinations,mcs,mcs_elements_order,MCS elements/order,1,472699,1885815,Cc1cc(C)c(S(=O)(=O)N2CCC(C(=O)Nc3ccccc3)CC2)c(C)c1,CC(=O)O[C@H]1C(=O)[C@@]2(C)[C@H]([C@H](OC(=O)c3ccccc3)[C@]3(O)C[C@H](OC(=O)[C@H](O)[C@@H](NC(=O)Oc4ccccc4)C(C)(C)C)C(C)=C1C3(C)C)[C@]1(OC(C)=O)CO[C@@H]1C[C@@H]2O,27,61,88,27,61,88,34,29,66,3,6,ok,0.001250025,1,0.001250025,1250025.000,,,,9,8,0,"[#6]-[#6](:,-[#6]:,-[#6]-[#6]):,-[#6]:,-[#6](:,-[#6])-[#6]",Closest MCS counterpart to a raw SMILES substructure query.,
p0027,size-combinations,mcs,mcs_elements_order_maximize_atoms,MCS elements/order maximize atoms,0,472699,1885815,Cc1cc(C)c(S(=O)(=O)N2CCC(C(=O)Nc3ccccc3)CC2)c(C)c1,CC(=O)O[C@H]1C(=O)[C@@]2(C)[C@H]([C@H](OC(=O)c3ccccc3)[C@]3(O)C[C@H](OC(=O)[C@H](O)[C@@H](NC(=O)Oc4ccccc4)C(C)(C)C)C(C)=C1C3(C)C)[C@]1(OC(C)=O)CO[C@@H]1C[C@@H]2O,27,61,88,27,61,88,34,29,66,3,6,ok,0.001003387,1,0.001003387,1003387.000,,,,9,8,0,"[#6]-[#6](:,-[#6]:,-[#6]-[#6]):,-[#6]:,-[#6](:,-[#6])-[#6]","Same element/order comparison, but optimize atom count instead of bond count.",
p0027,size-combinations,mcs,mcs_elements_order_ring_atoms,MCS elements/order ring atoms,0,472699,1885815,Cc1cc(C)c(S(=O)(=O)N2CCC(C(=O)Nc3ccccc3)CC2)c(C)c1,CC(=O)O[C@H]1C(=O)[C@@]2(C)[C@H]([C@H](OC(=O)c3ccccc3)[C@]3(O)C[C@H](OC(=O)[C@H](O)[C@@H](NC(=O)Oc4ccccc4)C(C)(C)C)C(C)=C1C3(C)C)[C@]1(OC(C)=O)CO[C@@H]1C[C@@H]2O,27,61,88,27,61,88,34,29,66,3,6,ok,0.000669483,1,0.000669483,669483.000,,,,8,7,0,"[#6&!R]-&!@[#6&R](:,-;@[#6&R]:,-;@[#6&R]:,-;@[#6&R]:,-;@[#6&R]-&!@[#6&!R]):,-;@[#6&R]",Ring atoms and ring bonds only match ring atoms and ring bonds.,
p0027,size-combinations,mcs,mcs_elements_order_whole_rings,MCS elements/order whole rings,0,472699,1885815,Cc1cc(C)c(S(=O)(=O)N2CCC(C(=O)Nc3ccccc3)CC2)c(C)c1,CC(=O)O[C@H]1C(=O)[C@@]2(C)[C@H]([C@H](OC(=O)c3ccccc3)[C@]3(O)C[C@H](OC(=O)[C@H](O)[C@@H](NC(=O)Oc4ccccc4)C(C)(C)C)C(C)=C1C3(C)C)[C@]1(OC(C)=O)CO[C@@H]1C[C@@H]2O,27,61,88,27,61,88,34,29,66,3,6,ok,0.001018641,1,0.001018641,1018641.000,,,,7,7,0,"[#6]-&!@[#6]1:,-;@[#6]:,-;@[#6]:,-;@[#6]:,-;@[#6]:,-;@[#6]:,-;@1",MCS completeRingsOnly=True; partial ring MCS results are rejected.,
p0027,size-combinations,mcs,mcs_elements_order_ring_atoms_whole_rings,MCS elements/order ring atoms + whole rings,0,472699,1885815,Cc1cc(C)c(S(=O)(=O)N2CCC(C(=O)Nc3ccccc3)CC2)c(C)c1,CC(=O)O[C@H]1C(=O)[C@@]2(C)[C@H]([C@H](OC(=O)c3ccccc3)[C@]3(O)C[C@H](OC(=O)[C@H](O)[C@@H](NC(=O)Oc4ccccc4)C(C)(C)C)C(C)=C1C3(C)C)[C@]1(OC(C)=O)CO[C@@H]1C[C@@H]2O,27,61,88,27,61,88,34,29,66,3,6,ok,0.000867422,1,0.000867422,867422.000,,,,7,7,0,"[#6&!R]-&!@[#6]1:,-;@[#6]:,-;@[#6]:,-;@[#6]:,-;@[#6]:,-;@[#6]:,-;@1",Both ringMatchesRingOnly and completeRingsOnly are enabled.,
p0027,size-combinations,substruct,substruct_smiles,Substruct raw SMILES,1,472699,1885815,Cc1cc(C)c(S(=O)(=O)N2CCC(C(=O)Nc3ccccc3)CC2)c(C)c1,CC(=O)O[C@H]1C(=O)[C@@]2(C)[C@H]([C@H](OC(=O)c3ccccc3)[C@]3(O)C[C@H](OC(=O)[C@H](O)[C@@H](NC(=O)Oc4ccccc4)C(C)(C)C)C(C)=C1C3(C)C)[C@]1(OC(C)=O)CO[C@@H]1C[C@@H]2O,27,61,88,27,61,88,34,29,66,3,6,ok,0.000107814,20,5.3907e-06,5390.700,has-match,0,0,,,,,Best SMILES-substructure baseline. Substructure has no direct completeRingsOnly option.,
p0027,size-combinations,substruct,substruct_elements_any_bond,Substruct elements/any bond,0,472699,1885815,Cc1cc(C)c(S(=O)(=O)N2CCC(C(=O)Nc3ccccc3)CC2)c(C)c1,CC(=O)O[C@H]1C(=O)[C@@]2(C)[C@H]([C@H](OC(=O)c3ccccc3)[C@]3(O)C[C@H](OC(=O)[C@H](O)[C@@H](NC(=O)Oc4ccccc4)C(C)(C)C)C(C)=C1C3(C)C)[C@]1(OC(C)=O)CO[C@@H]1C[C@@H]2O,27,61,88,27,61,88,34,29,66,3,6,ok,0.000346021,20,1.730105e-05,17301.050,has-match,0,0,,,,,Query keeps atom elements but uses generic bonds.,
p0027,size-combinations,substruct,substruct_any_atom_bond,Substruct any atoms/bonds,0,472699,1885815,Cc1cc(C)c(S(=O)(=O)N2CCC(C(=O)Nc3ccccc3)CC2)c(C)c1,CC(=O)O[C@H]1C(=O)[C@@]2(C)[C@H]([C@H](OC(=O)c3ccccc3)[C@]3(O)C[C@H](OC(=O)[C@H](O)[C@@H](NC(=O)Oc4ccccc4)C(C)(C)C)C(C)=C1C3(C)C)[C@]1(OC(C)=O)CO[C@@H]1C[C@@H]2O,27,61,88,27,61,88,34,29,66,3,6,ok,0.00263536,20,0.000131768,131768.000,has-match,0,0,,,,,"Query uses generic atoms and generic bonds, similar to CompareAny topology.",
p0027,size-combinations,substruct,substruct_ring_atoms,Substruct ring-chain atoms,0,472699,1885815,Cc1cc(C)c(S(=O)(=O)N2CCC(C(=O)Nc3ccccc3)CC2)c(C)c1,CC(=O)O[C@H]1C(=O)[C@@]2(C)[C@H]([C@H](OC(=O)c3ccccc3)[C@]3(O)C[C@H](OC(=O)[C@H](O)[C@@H](NC(=O)Oc4ccccc4)C(C)(C)C)C(C)=C1C3(C)C)[C@]1(OC(C)=O)CO[C@@H]1C[C@@H]2O,27,61,88,27,61,88,34,29,66,3,6,ok,6.5443e-05,20,3.27215e-06,3272.150,has-match,0,0,,,,,Query adds ring/chain atom constraints; closest substruct analog to ringMatchesRingOnly.,
p0028,size-combinations,mcs,mcs_any_atom_bond,MCS CompareAny atoms/bonds,0,472699,440644,Cc1cc(C)c(S(=O)(=O)N2CCC(C(=O)Nc3ccccc3)CC2)c(C)c1,CC1=C[C@H]2Cc3[nH]c(=O)ccc3[C@@]3(C1)[C@@H]2CCCN3C(=O)CCN(C)CCCCCCCCCCCCN(C)CCC(=O)N1CCC[C@@H]2[C@H]3C=C(C)C[C@]21c1ccc(=O)[nH]c1C3,27,62,89,27,62,89,35,29,69,3,8,ok,0.035509619,1,0.035509619,35509619.000,,,,26,26,0,"[#6,#8]-,=[#6]1:[#6]:[#6]:[#6](:[#6](:[#6,#7]:1)-[#6])-[#16,#6](=,-[#8,#6])(=,-[#8,#6])-[#7](-[#6]-[#6]-[#6]-[#6,#7](=,-[#8,#6])-[#7,#6]-[#6]:,-[#6]:,-[#6]:,-[#6]:,-[#6]:,-[#6])-[#6]-[#6]",Permissive MCS: any atom type and any bond type can match.,
p0028,size-combinations,mcs,mcs_elements_order,MCS elements/order,1,472699,440644,Cc1cc(C)c(S(=O)(=O)N2CCC(C(=O)Nc3ccccc3)CC2)c(C)c1,CC1=C[C@H]2Cc3[nH]c(=O)ccc3[C@@]3(C1)[C@@H]2CCCN3C(=O)CCN(C)CCCCCCCCCCCCN(C)CCC(=O)N1CCC[C@@H]2[C@H]3C=C(C)C[C@]21c1ccc(=O)[nH]c1C3,27,62,89,27,62,89,35,29,69,3,8,ok,0.001236559,1,0.001236559,1236559.000,,,,13,12,0,"[#6]-[#6]-,:[#6](-[#6]-[#7]-[#6]:,-[#6]:,-[#6]:,-[#6]:,-[#6]:,-[#6])-,:[#6]-,:[#6]",Closest MCS counterpart to a raw SMILES substructure query.,
p0028,size-combinations,mcs,mcs_elements_order_maximize_atoms,MCS elements/order maximize atoms,0,472699,440644,Cc1cc(C)c(S(=O)(=O)N2CCC(C(=O)Nc3ccccc3)CC2)c(C)c1,CC1=C[C@H]2Cc3[nH]c(=O)ccc3[C@@]3(C1)[C@@H]2CCCN3C(=O)CCN(C)CCCCCCCCCCCCN(C)CCC(=O)N1CCC[C@@H]2[C@H]3C=C(C)C[C@]21c1ccc(=O)[nH]c1C3,27,62,89,27,62,89,35,29,69,3,8,ok,0.001085036,1,0.001085036,1085036.000,,,,13,12,0,"[#6]-[#6]-,:[#6](-[#6]-[#7]-[#6]:,-[#6]:,-[#6]:,-[#6]:,-[#6]:,-[#6])-,:[#6]-,:[#6]","Same element/order comparison, but optimize atom count instead of bond count.",
p0028,size-combinations,mcs,mcs_elements_order_ring_atoms,MCS elements/order ring atoms,0,472699,440644,Cc1cc(C)c(S(=O)(=O)N2CCC(C(=O)Nc3ccccc3)CC2)c(C)c1,CC1=C[C@H]2Cc3[nH]c(=O)ccc3[C@@]3(C1)[C@@H]2CCCN3C(=O)CCN(C)CCCCCCCCCCCCN(C)CCC(=O)N1CCC[C@@H]2[C@H]3C=C(C)C[C@]21c1ccc(=O)[nH]c1C3,27,62,89,27,62,89,35,29,69,3,8,ok,0.000878011,1,0.000878011,878011.000,,,,7,6,0,"[#6&!R]-&!@[#6&R]:,-;@[#6&R]:,-;@[#6&R]:,-;@[#6&R]:&@[#6&R]:&@[#6&R]",Ring atoms and ring bonds only match ring atoms and ring bonds.,
p0028,size-combinations,mcs,mcs_elements_order_whole_rings,MCS elements/order whole rings,0,472699,440644,Cc1cc(C)c(S(=O)(=O)N2CCC(C(=O)Nc3ccccc3)CC2)c(C)c1,CC1=C[C@H]2Cc3[nH]c(=O)ccc3[C@@]3(C1)[C@@H]2CCCN3C(=O)CCN(C)CCCCCCCCCCCCN(C)CCC(=O)N1CCC[C@@H]2[C@H]3C=C(C)C[C@]21c1ccc(=O)[nH]c1C3,27,62,89,27,62,89,35,29,69,3,8,ok,0.001221417,1,0.001221417,1221417.000,,,,6,6,0,"[#6]1:,-;@[#6]:,-;@[#6]:&@[#6]:,-;@[#6]:,-;@[#6]:,-;@1",MCS completeRingsOnly=True; partial ring MCS results are rejected.,
p0028,size-combinations,mcs,mcs_elements_order_ring_atoms_whole_rings,MCS elements/order ring atoms + whole rings,0,472699,440644,Cc1cc(C)c(S(=O)(=O)N2CCC(C(=O)Nc3ccccc3)CC2)c(C)c1,CC1=C[C@H]2Cc3[nH]c(=O)ccc3[C@@]3(C1)[C@@H]2CCCN3C(=O)CCN(C)CCCCCCCCCCCCN(C)CCC(=O)N1CCC[C@@H]2[C@H]3C=C(C)C[C@]21c1ccc(=O)[nH]c1C3,27,62,89,27,62,89,35,29,69,3,8,ok,0.001043655,1,0.001043655,1043655.000,,,,6,6,0,"[#6]1:,-;@[#6]:,-;@[#6]:&@[#6]:,-;@[#6]:,-;@[#6]:,-;@1",Both ringMatchesRingOnly and completeRingsOnly are enabled.,
p0028,size-combinations,substruct,substruct_smiles,Substruct raw SMILES,1,472699,440644,Cc1cc(C)c(S(=O)(=O)N2CCC(C(=O)Nc3ccccc3)CC2)c(C)c1,CC1=C[C@H]2Cc3[nH]c(=O)ccc3[C@@]3(C1)[C@@H]2CCCN3C(=O)CCN(C)CCCCCCCCCCCCN(C)CCC(=O)N1CCC[C@@H]2[C@H]3C=C(C)C[C@]21c1ccc(=O)[nH]c1C3,27,62,89,27,62,89,35,29,69,3,8,ok,0.000100408,20,5.0204e-06,5020.400,has-match,0,0,,,,,Best SMILES-substructure baseline. Substructure has no direct completeRingsOnly option.,
p0028,size-combinations,substruct,substruct_elements_any_bond,Substruct elements/any bond,0,472699,440644,Cc1cc(C)c(S(=O)(=O)N2CCC(C(=O)Nc3ccccc3)CC2)c(C)c1,CC1=C[C@H]2Cc3[nH]c(=O)ccc3[C@@]3(C1)[C@@H]2CCCN3C(=O)CCN(C)CCCCCCCCCCCCN(C)CCC(=O)N1CCC[C@@H]2[C@H]3C=C(C)C[C@]21c1ccc(=O)[nH]c1C3,27,62,89,27,62,89,35,29,69,3,8,ok,0.000248095,20,1.240475e-05,12404.750,has-match,0,0,,,,,Query keeps atom elements but uses generic bonds.,
p0028,size-combinations,substruct,substruct_any_atom_bond,Substruct any atoms/bonds,0,472699,440644,Cc1cc(C)c(S(=O)(=O)N2CCC(C(=O)Nc3ccccc3)CC2)c(C)c1,CC1=C[C@H]2Cc3[nH]c(=O)ccc3[C@@]3(C1)[C@@H]2CCCN3C(=O)CCN(C)CCCCCCCCCCCCN(C)CCC(=O)N1CCC[C@@H]2[C@H]3C=C(C)C[C@]21c1ccc(=O)[nH]c1C3,27,62,89,27,62,89,35,29,69,3,8,ok,0.000850681,20,4.253405e-05,42534.050,has-match,0,0,,,,,"Query uses generic atoms and generic bonds, similar to CompareAny topology.",
p0028,size-combinations,substruct,substruct_ring_atoms,Substruct ring-chain atoms,0,472699,440644,Cc1cc(C)c(S(=O)(=O)N2CCC(C(=O)Nc3ccccc3)CC2)c(C)c1,CC1=C[C@H]2Cc3[nH]c(=O)ccc3[C@@]3(C1)[C@@H]2CCCN3C(=O)CCN(C)CCCCCCCCCCCCN(C)CCC(=O)N1CCC[C@@H]2[C@H]3C=C(C)C[C@]21c1ccc(=O)[nH]c1C3,27,62,89,27,62,89,35,29,69,3,8,ok,5.7387e-05,20,2.86935e-06,2869.350,has-match,0,0,,,,,Query adds ring/chain atom constraints; closest substruct analog to ringMatchesRingOnly.,
p0029,size-combinations,mcs,mcs_any_atom_bond,MCS CompareAny atoms/bonds,0,472699,544981,Cc1cc(C)c(S(=O)(=O)N2CCC(C(=O)Nc3ccccc3)CC2)c(C)c1,CC[C@@]1(OC(=O)OCCOCCOCCOCCOCCOCCOCCOCCOCCOCCOCCOCCOCCOCCOCCOCCOCCOCCOCCOCCOC)C(=O)OCc2c1cc1n(c2=O)Cc2cc3ccccc3nc2-1,27,90,117,27,90,117,63,29,94,3,5,ok,0.027834929,1,0.027834929,27834929.000,,,,26,26,0,"[#6,#8]-,=[#6](:,-[#6,#8]:,-[#6]-[#6]):,-[#6,#8]:,-[#6](:,-[#6]-,:[#16,#6](=,-[#8,#6])-,:[#7,#6](-,:[#6,#7]-,:[#6]-[#6](-,:[#6](=,-[#8,#6])-,:[#7,#6]-,:[#6]1:[#6]:[#6]:[#6]:[#6]:[#6]:1)-,:[#6,#7])-,=[#6,#8])-[#6]",Permissive MCS: any atom type and any bond type can match.,
p0029,size-combinations,mcs,mcs_elements_order,MCS elements/order,1,472699,544981,Cc1cc(C)c(S(=O)(=O)N2CCC(C(=O)Nc3ccccc3)CC2)c(C)c1,CC[C@@]1(OC(=O)OCCOCCOCCOCCOCCOCCOCCOCCOCCOCCOCCOCCOCCOCCOCCOCCOCCOCCOCCOCCOC)C(=O)OCc2c1cc1n(c2=O)Cc2cc3ccccc3nc2-1,27,90,117,27,90,117,63,29,94,3,5,ok,0.001674147,1,0.001674147,1674147.000,,,,13,12,0,"[#6]-[#6]-,:[#6](-[#6]-[#7]-,:[#6]:[#6]:[#6]:,-[#6]:,-[#6]:,-[#6])-,:[#6]-,:[#6]",Closest MCS counterpart to a raw SMILES substructure query.,
p0029,size-combinations,mcs,mcs_elements_order_maximize_atoms,MCS elements/order maximize atoms,0,472699,544981,Cc1cc(C)c(S(=O)(=O)N2CCC(C(=O)Nc3ccccc3)CC2)c(C)c1,CC[C@@]1(OC(=O)OCCOCCOCCOCCOCCOCCOCCOCCOCCOCCOCCOCCOCCOCCOCCOCCOCCOCCOCCOCCOC)C(=O)OCc2c1cc1n(c2=O)Cc2cc3ccccc3nc2-1,27,90,117,27,90,117,63,29,94,3,5,ok,0.001392884,1,0.001392884,1392884.000,,,,13,12,0,"[#6]-[#6]-,:[#6](-[#6]-[#7]-,:[#6]:[#6]:[#6]:,-[#6]:,-[#6]:,-[#6])-,:[#6]-,:[#6]","Same element/order comparison, but optimize atom count instead of bond count.",
p0029,size-combinations,mcs,mcs_elements_order_ring_atoms,MCS elements/order ring atoms,0,472699,544981,Cc1cc(C)c(S(=O)(=O)N2CCC(C(=O)Nc3ccccc3)CC2)c(C)c1,CC[C@@]1(OC(=O)OCCOCCOCCOCCOCCOCCOCCOCCOCCOCCOCCOCCOCCOCCOCCOCCOCCOCCOCCOCCOC)C(=O)OCc2c1cc1n(c2=O)Cc2cc3ccccc3nc2-1,27,90,117,27,90,117,63,29,94,3,5,ok,0.000918566,1,0.000918566,918566.000,,,,7,6,0,"[#6&!R]-&!@[#6&R](:,-;@[#6&R]:&@[#6&R]:&@[#6&R]:,-;@[#6&R]):,-;@[#6&R]",Ring atoms and ring bonds only match ring atoms and ring bonds.,
p0029,size-combinations,mcs,mcs_elements_order_whole_rings,MCS elements/order whole rings,0,472699,544981,Cc1cc(C)c(S(=O)(=O)N2CCC(C(=O)Nc3ccccc3)CC2)c(C)c1,CC[C@@]1(OC(=O)OCCOCCOCCOCCOCCOCCOCCOCCOCCOCCOCCOCCOCCOCCOCCOCCOCCOCCOCCOCCOC)C(=O)OCc2c1cc1n(c2=O)Cc2cc3ccccc3nc2-1,27,90,117,27,90,117,63,29,94,3,5,ok,0.001216988,1,0.001216988,1216988.000,,,,6,6,0,[#6]1:&@[#6]:&@[#6]:&@[#6]:&@[#6]:&@[#6]:&@1,MCS completeRingsOnly=True; partial ring MCS results are rejected.,
p0029,size-combinations,mcs,mcs_elements_order_ring_atoms_whole_rings,MCS elements/order ring atoms + whole rings,0,472699,544981,Cc1cc(C)c(S(=O)(=O)N2CCC(C(=O)Nc3ccccc3)CC2)c(C)c1,CC[C@@]1(OC(=O)OCCOCCOCCOCCOCCOCCOCCOCCOCCOCCOCCOCCOCCOCCOCCOCCOCCOCCOCCOCCOC)C(=O)OCc2c1cc1n(c2=O)Cc2cc3ccccc3nc2-1,27,90,117,27,90,117,63,29,94,3,5,ok,0.001112361,1,0.001112361,1112361.000,,,,6,6,0,[#6]1:&@[#6]:&@[#6]:&@[#6]:&@[#6]:&@[#6]:&@1,Both ringMatchesRingOnly and completeRingsOnly are enabled.,
p0029,size-combinations,substruct,substruct_smiles,Substruct raw SMILES,1,472699,544981,Cc1cc(C)c(S(=O)(=O)N2CCC(C(=O)Nc3ccccc3)CC2)c(C)c1,CC[C@@]1(OC(=O)OCCOCCOCCOCCOCCOCCOCCOCCOCCOCCOCCOCCOCCOCCOCCOCCOCCOCCOCCOCCOC)C(=O)OCc2c1cc1n(c2=O)Cc2cc3ccccc3nc2-1,27,90,117,27,90,117,63,29,94,3,5,ok,9.1242e-05,20,4.5621e-06,4562.100,has-match,0,0,,,,,Best SMILES-substructure baseline. Substructure has no direct completeRingsOnly option.,
p0029,size-combinations,substruct,substruct_elements_any_bond,Substruct elements/any bond,0,472699,544981,Cc1cc(C)c(S(=O)(=O)N2CCC(C(=O)Nc3ccccc3)CC2)c(C)c1,CC[C@@]1(OC(=O)OCCOCCOCCOCCOCCOCCOCCOCCOCCOCCOCCOCCOCCOCCOCCOCCOCCOCCOCCOCCOC)C(=O)OCc2c1cc1n(c2=O)Cc2cc3ccccc3nc2-1,27,90,117,27,90,117,63,29,94,3,5,ok,0.000144059,20,7.20295e-06,7202.950,has-match,0,0,,,,,Query keeps atom elements but uses generic bonds.,
p0029,size-combinations,substruct,substruct_any_atom_bond,Substruct any atoms/bonds,0,472699,544981,Cc1cc(C)c(S(=O)(=O)N2CCC(C(=O)Nc3ccccc3)CC2)c(C)c1,CC[C@@]1(OC(=O)OCCOCCOCCOCCOCCOCCOCCOCCOCCOCCOCCOCCOCCOCCOCCOCCOCCOCCOCCOCCOC)C(=O)OCc2c1cc1n(c2=O)Cc2cc3ccccc3nc2-1,27,90,117,27,90,117,63,29,94,3,5,ok,0.000359624,20,1.79812e-05,17981.200,has-match,0,0,,,,,"Query uses generic atoms and generic bonds, similar to CompareAny topology.",
p0029,size-combinations,substruct,substruct_ring_atoms,Substruct ring-chain atoms,0,472699,544981,Cc1cc(C)c(S(=O)(=O)N2CCC(C(=O)Nc3ccccc3)CC2)c(C)c1,CC[C@@]1(OC(=O)OCCOCCOCCOCCOCCOCCOCCOCCOCCOCCOCCOCCOCCOCCOCCOCCOCCOCCOCCOCCOC)C(=O)OCc2c1cc1n(c2=O)Cc2cc3ccccc3nc2-1,27,90,117,27,90,117,63,29,94,3,5,ok,6.8437e-05,20,3.42185e-06,3421.850,has-match,0,0,,,,,Query adds ring/chain atom constraints; closest substruct analog to ringMatchesRingOnly.,
p0030,size-combinations,mcs,mcs_any_atom_bond,MCS CompareAny atoms/bonds,0,2174916,2231099,N#Cc1ccc2[nH]c(=O)c3cc(CC(C#N)NC(=O)[C@H]4N[C@@H]5CC[C@H]4C5)ccc3c2c1,CC1(C)C=C2[C@H]3CC[C@@H]4[C@@]5(C)CCC(=O)C(C)(C)[C@@H]5CC[C@@]4(C)[C@]3(C)CC[C@@]2(C(=O)NC2CCCCC2)CC1,31,39,70,31,39,70,8,35,44,5,6,ok,1.01469356,1,1.01469356,1014693563.000,,,,31,30,1,"[#7,#6]#,-[#6]-[#6](:,-[#6]:,-[#6]:,-[#6]:,-[#7,#6]):,-[#6]:,-[#6]:,-[#6](:,-[#6]:,-[#6]:,-[#6]-[#6]-[#6](-,=[#6]#,-[#7,#6])-[#7,#6]-[#6](=[#8])-[#6,#7]-[#7,#6]-[#6]-[#6]-[#6]-[#6]-[#6]):,-[#6](:,-[#6]=,-[#8,#6]):,-[#6]",Permissive MCS: any atom type and any bond type can match.,
p0030,size-combinations,mcs,mcs_elements_order,MCS elements/order,1,2174916,2231099,N#Cc1ccc2[nH]c(=O)c3cc(CC(C#N)NC(=O)[C@H]4N[C@@H]5CC[C@H]4C5)ccc3c2c1,CC1(C)C=C2[C@H]3CC[C@@H]4[C@@]5(C)CCC(=O)C(C)(C)[C@@H]5CC[C@@]4(C)[C@]3(C)CC[C@@]2(C(=O)NC2CCCCC2)CC1,31,39,70,31,39,70,8,35,44,5,6,ok,0.422857413,1,0.422857413,422857413.000,,,,23,22,0,"[#6]-[#6](:,-[#6]:,-[#6]:,-[#6]):,-[#6]:,-[#6]:,-[#6](:,-[#6]:,-[#6]):,-[#6](:,-[#6]):,-[#6]:,-[#6]-[#6]-[#6]-[#7]-[#6]-[#6]-[#6]-[#6]-[#6]-[#6]",Closest MCS counterpart to a raw SMILES substructure query.,
p0030,size-combinations,mcs,mcs_elements_order_maximize_atoms,MCS elements/order maximize atoms,0,2174916,2231099,N#Cc1ccc2[nH]c(=O)c3cc(CC(C#N)NC(=O)[C@H]4N[C@@H]5CC[C@H]4C5)ccc3c2c1,CC1(C)C=C2[C@H]3CC[C@@H]4[C@@]5(C)CCC(=O)C(C)(C)[C@@H]5CC[C@@]4(C)[C@]3(C)CC[C@@]2(C(=O)NC2CCCCC2)CC1,31,39,70,31,39,70,8,35,44,5,6,ok,0.41582098,1,0.41582098,415820980.000,,,,23,22,0,"[#6]-[#6](:,-[#6]:,-[#6]:,-[#6]):,-[#6]:,-[#6]:,-[#6](:,-[#6]:,-[#6]):,-[#6](:,-[#6]):,-[#6]:,-[#6]-[#6]-[#6]-[#7]-[#6]-[#6]-[#6]-[#6]-[#6]-[#6]","Same element/order comparison, but optimize atom count instead of bond count.",
p0030,size-combinations,mcs,mcs_elements_order_ring_atoms,MCS elements/order ring atoms,0,2174916,2231099,N#Cc1ccc2[nH]c(=O)c3cc(CC(C#N)NC(=O)[C@H]4N[C@@H]5CC[C@H]4C5)ccc3c2c1,CC1(C)C=C2[C@H]3CC[C@@H]4[C@@]5(C)CCC(=O)C(C)(C)[C@@H]5CC[C@@]4(C)[C@]3(C)CC[C@@]2(C(=O)NC2CCCCC2)CC1,31,39,70,31,39,70,8,35,44,5,6,ok,0.002068736,1,0.002068736,2068736.000,,,,16,16,0,"[#6&!R]-&!@[#6]1:,-;@[#6]:,-;@[#6]:,-;@[#6]:,-;@[#6](:,-;@[#6]:,-;@1):,-;@[#6&R]:,-;@[#6&R]:,-;@[#6&R]:,-;@[#6&R](:,-;@[#6&R]:,-;@[#6&R]:,-;@[#6&R]=&!@[#8&!R])-&!@[#6&!R]",Ring atoms and ring bonds only match ring atoms and ring bonds.,
p0030,size-combinations,mcs,mcs_elements_order_whole_rings,MCS elements/order whole rings,0,2174916,2231099,N#Cc1ccc2[nH]c(=O)c3cc(CC(C#N)NC(=O)[C@H]4N[C@@H]5CC[C@H]4C5)ccc3c2c1,CC1(C)C=C2[C@H]3CC[C@@H]4[C@@]5(C)CCC(=O)C(C)(C)[C@@H]5CC[C@@]4(C)[C@]3(C)CC[C@@]2(C(=O)NC2CCCCC2)CC1,31,39,70,31,39,70,8,35,44,5,6,ok,0.079321875,1,0.079321875,79321875.000,,,,7,7,0,"[#6]-&!@[#6]1:,-;@[#6]:,-;@[#6]:,-;@[#6]:,-;@[#6]:,-;@[#6]:,-;@1",MCS completeRingsOnly=True; partial ring MCS results are rejected.,
p0030,size-combinations,mcs,mcs_elements_order_ring_atoms_whole_rings,MCS elements/order ring atoms + whole rings,0,2174916,2231099,N#Cc1ccc2[nH]c(=O)c3cc(CC(C#N)NC(=O)[C@H]4N[C@@H]5CC[C@H]4C5)ccc3c2c1,CC1(C)C=C2[C@H]3CC[C@@H]4[C@@]5(C)CCC(=O)C(C)(C)[C@@H]5CC[C@@]4(C)[C@]3(C)CC[C@@]2(C(=O)NC2CCCCC2)CC1,31,39,70,31,39,70,8,35,44,5,6,ok,0.046595454,1,0.046595454,46595454.000,,,,7,7,0,"[#6&!R]-&!@[#6]1:,-;@[#6]:,-;@[#6]:,-;@[#6]:,-;@[#6]:,-;@[#6]:,-;@1",Both ringMatchesRingOnly and completeRingsOnly are enabled.,
p0030,size-combinations,substruct,substruct_smiles,Substruct raw SMILES,1,2174916,2231099,N#Cc1ccc2[nH]c(=O)c3cc(CC(C#N)NC(=O)[C@H]4N[C@@H]5CC[C@H]4C5)ccc3c2c1,CC1(C)C=C2[C@H]3CC[C@@H]4[C@@]5(C)CCC(=O)C(C)(C)[C@@H]5CC[C@@]4(C)[C@]3(C)CC[C@@]2(C(=O)NC2CCCCC2)CC1,31,39,70,31,39,70,8,35,44,5,6,ok,2.841e-05,20,1.4205e-06,1420.500,has-match,0,0,,,,,Best SMILES-substructure baseline. Substructure has no direct completeRingsOnly option.,
p0030,size-combinations,substruct,substruct_elements_any_bond,Substruct elements/any bond,0,2174916,2231099,N#Cc1ccc2[nH]c(=O)c3cc(CC(C#N)NC(=O)[C@H]4N[C@@H]5CC[C@H]4C5)ccc3c2c1,CC1(C)C=C2[C@H]3CC[C@@H]4[C@@]5(C)CCC(=O)C(C)(C)[C@@H]5CC[C@@]4(C)[C@]3(C)CC[C@@]2(C(=O)NC2CCCCC2)CC1,31,39,70,31,39,70,8,35,44,5,6,ok,3.3901e-05,20,1.69505e-06,1695.050,has-match,0,0,,,,,Query keeps atom elements but uses generic bonds.,
p0030,size-combinations,substruct,substruct_any_atom_bond,Substruct any atoms/bonds,0,2174916,2231099,N#Cc1ccc2[nH]c(=O)c3cc(CC(C#N)NC(=O)[C@H]4N[C@@H]5CC[C@H]4C5)ccc3c2c1,CC1(C)C=C2[C@H]3CC[C@@H]4[C@@]5(C)CCC(=O)C(C)(C)[C@@H]5CC[C@@]4(C)[C@]3(C)CC[C@@]2(C(=O)NC2CCCCC2)CC1,31,39,70,31,39,70,8,35,44,5,6,ok,0.001477955,20,7.389775e-05,73897.750,has-match,0,0,,,,,"Query uses generic atoms and generic bonds, similar to CompareAny topology.",
p0030,size-combinations,substruct,substruct_ring_atoms,Substruct ring-chain atoms,0,2174916,2231099,N#Cc1ccc2[nH]c(=O)c3cc(CC(C#N)NC(=O)[C@H]4N[C@@H]5CC[C@H]4C5)ccc3c2c1,CC1(C)C=C2[C@H]3CC[C@@H]4[C@@]5(C)CCC(=O)C(C)(C)[C@@H]5CC[C@@]4(C)[C@]3(C)CC[C@@]2(C(=O)NC2CCCCC2)CC1,31,39,70,31,39,70,8,35,44,5,6,ok,3.3388e-05,20,1.6694e-06,1669.400,has-match,0,0,,,,,Query adds ring/chain atom constraints; closest substruct analog to ringMatchesRingOnly.,
p0031,size-combinations,mcs,mcs_any_atom_bond,MCS CompareAny atoms/bonds,0,789824,2231099,COc1ccc([C@@H]2[C@@H](c3ccccc3)C(=O)N2Cc2cc(OC)c(OC)c(OC)c2)cc1,CC1(C)C=C2[C@H]3CC[C@@H]4[C@@]5(C)CCC(=O)C(C)(C)[C@@H]5CC[C@@]4(C)[C@]3(C)CC[C@@]2(C(=O)NC2CCCCC2)CC1,32,39,71,32,39,71,7,35,44,4,6,ok,1.00324689,1,1.00324689,1003246893.000,,,,30,29,1,"[#6]-[#8,#6]-[#6](:,-[#6,#7]:,-[#6]:,-[#6]-[#6](-,=[#6]-[#6](:,-[#6]):,-[#6]:,-[#6])-[#7,#6](-[#6]=,-[#8,#6])-[#6]-[#6](:,-[#6]:,-[#6](-[#8,#6]-[#6]):,-[#6](-[#8,#6]-[#6]):,-[#6]-[#8,#6]-,=[#6,#8]):,-[#6]):,-[#6]:,-[#6]",Permissive MCS: any atom type and any bond type can match.,
p0031,size-combinations,mcs,mcs_elements_order,MCS elements/order,1,789824,2231099,COc1ccc([C@@H]2[C@@H](c3ccccc3)C(=O)N2Cc2cc(OC)c(OC)c(OC)c2)cc1,CC1(C)C=C2[C@H]3CC[C@@H]4[C@@]5(C)CCC(=O)C(C)(C)[C@@H]5CC[C@@]4(C)[C@]3(C)CC[C@@]2(C(=O)NC2CCCCC2)CC1,32,39,71,32,39,71,7,35,44,4,6,ok,0.026829492,1,0.026829492,26829492.000,,,,23,22,0,"[#6](:,-[#6]:,-[#6]:,-[#6]-[#6]-[#6](-[#6]:,-[#6]:,-[#6]:,-[#6]:,-[#6]:,-[#6])-[#6](=[#8])-[#7]-[#6]-[#6]:,-[#6]:,-[#6]:,-[#6]:,-[#6]):,-[#6]:,-[#6]",Closest MCS counterpart to a raw SMILES substructure query.,
p0031,size-combinations,mcs,mcs_elements_order_maximize_atoms,MCS elements/order maximize atoms,0,789824,2231099,COc1ccc([C@@H]2[C@@H](c3ccccc3)C(=O)N2Cc2cc(OC)c(OC)c(OC)c2)cc1,CC1(C)C=C2[C@H]3CC[C@@H]4[C@@]5(C)CCC(=O)C(C)(C)[C@@H]5CC[C@@]4(C)[C@]3(C)CC[C@@]2(C(=O)NC2CCCCC2)CC1,32,39,71,32,39,71,7,35,44,4,6,ok,0.026162556,1,0.026162556,26162556.000,,,,23,22,0,"[#6](:,-[#6]:,-[#6]:,-[#6]-[#6]-[#6](-[#6]:,-[#6]:,-[#6]:,-[#6]:,-[#6]:,-[#6])-[#6](=[#8])-[#7]-[#6]-[#6]:,-[#6]:,-[#6]:,-[#6]:,-[#6]):,-[#6]:,-[#6]","Same element/order comparison, but optimize atom count instead of bond count.",
p0031,size-combinations,mcs,mcs_elements_order_ring_atoms,MCS elements/order ring atoms,0,789824,2231099,COc1ccc([C@@H]2[C@@H](c3ccccc3)C(=O)N2Cc2cc(OC)c(OC)c(OC)c2)cc1,CC1(C)C=C2[C@H]3CC[C@@H]4[C@@]5(C)CCC(=O)C(C)(C)[C@@H]5CC[C@@]4(C)[C@]3(C)CC[C@@]2(C(=O)NC2CCCCC2)CC1,32,39,71,32,39,71,7,35,44,4,6,ok,0.000437765,1,0.000437765,437765.000,,,,7,7,0,"[#6&!R]-&!@[#6]1:,-;@[#6]:,-;@[#6]:,-;@[#6]:,-;@[#6]:,-;@[#6]:,-;@1",Ring atoms and ring bonds only match ring atoms and ring bonds.,
p0031,size-combinations,mcs,mcs_elements_order_whole_rings,MCS elements/order whole rings,0,789824,2231099,COc1ccc([C@@H]2[C@@H](c3ccccc3)C(=O)N2Cc2cc(OC)c(OC)c(OC)c2)cc1,CC1(C)C=C2[C@H]3CC[C@@H]4[C@@]5(C)CCC(=O)C(C)(C)[C@@H]5CC[C@@]4(C)[C@]3(C)CC[C@@]2(C(=O)NC2CCCCC2)CC1,32,39,71,32,39,71,7,35,44,4,6,ok,0.000631378,1,0.000631378,631378.000,,,,8,8,0,"[#7]-&!@[#6]-&!@[#6]1:,-;@[#6]:,-;@[#6]:,-;@[#6]:,-;@[#6]:,-;@[#6]:,-;@1",MCS completeRingsOnly=True; partial ring MCS results are rejected.,
p0031,size-combinations,mcs,mcs_elements_order_ring_atoms_whole_rings,MCS elements/order ring atoms + whole rings,0,789824,2231099,COc1ccc([C@@H]2[C@@H](c3ccccc3)C(=O)N2Cc2cc(OC)c(OC)c(OC)c2)cc1,CC1(C)C=C2[C@H]3CC[C@@H]4[C@@]5(C)CCC(=O)C(C)(C)[C@@H]5CC[C@@]4(C)[C@]3(C)CC[C@@]2(C(=O)NC2CCCCC2)CC1,32,39,71,32,39,71,7,35,44,4,6,ok,0.000478216,1,0.000478216,478216.000,,,,7,7,0,"[#6&!R]-&!@[#6]1:,-;@[#6]:,-;@[#6]:,-;@[#6]:,-;@[#6]:,-;@[#6]:,-;@1",Both ringMatchesRingOnly and completeRingsOnly are enabled.,
p0031,size-combinations,substruct,substruct_smiles,Substruct raw SMILES,1,789824,2231099,COc1ccc([C@@H]2[C@@H](c3ccccc3)C(=O)N2Cc2cc(OC)c(OC)c(OC)c2)cc1,CC1(C)C=C2[C@H]3CC[C@@H]4[C@@]5(C)CCC(=O)C(C)(C)[C@@H]5CC[C@@]4(C)[C@]3(C)CC[C@@]2(C(=O)NC2CCCCC2)CC1,32,39,71,32,39,71,7,35,44,4,6,ok,4.8966e-05,20,2.4483e-06,2448.300,has-match,0,0,,,,,Best SMILES-substructure baseline. Substructure has no direct completeRingsOnly option.,
p0031,size-combinations,substruct,substruct_elements_any_bond,Substruct elements/any bond,0,789824,2231099,COc1ccc([C@@H]2[C@@H](c3ccccc3)C(=O)N2Cc2cc(OC)c(OC)c(OC)c2)cc1,CC1(C)C=C2[C@H]3CC[C@@H]4[C@@]5(C)CCC(=O)C(C)(C)[C@@H]5CC[C@@]4(C)[C@]3(C)CC[C@@]2(C(=O)NC2CCCCC2)CC1,32,39,71,32,39,71,7,35,44,4,6,ok,4.1561e-05,20,2.07805e-06,2078.050,has-match,0,0,,,,,Query keeps atom elements but uses generic bonds.,
p0031,size-combinations,substruct,substruct_any_atom_bond,Substruct any atoms/bonds,0,789824,2231099,COc1ccc([C@@H]2[C@@H](c3ccccc3)C(=O)N2Cc2cc(OC)c(OC)c(OC)c2)cc1,CC1(C)C=C2[C@H]3CC[C@@H]4[C@@]5(C)CCC(=O)C(C)(C)[C@@H]5CC[C@@]4(C)[C@]3(C)CC[C@@]2(C(=O)NC2CCCCC2)CC1,32,39,71,32,39,71,7,35,44,4,6,ok,0.001283283,20,6.416415e-05,64164.150,has-match,0,0,,,,,"Query uses generic atoms and generic bonds, similar to CompareAny topology.",
p0031,size-combinations,substruct,substruct_ring_atoms,Substruct ring-chain atoms,0,789824,2231099,COc1ccc([C@@H]2[C@@H](c3ccccc3)C(=O)N2Cc2cc(OC)c(OC)c(OC)c2)cc1,CC1(C)C=C2[C@H]3CC[C@@H]4[C@@]5(C)CCC(=O)C(C)(C)[C@@H]5CC[C@@]4(C)[C@]3(C)CC[C@@]2(C(=O)NC2CCCCC2)CC1,32,39,71,32,39,71,7,35,44,4,6,ok,3.9538e-05,20,1.9769e-06,1976.900,has-match,0,0,,,,,Query adds ring/chain atom constraints; closest substruct analog to ringMatchesRingOnly.,
p0032,size-combinations,mcs,mcs_any_atom_bond,MCS CompareAny atoms/bonds,0,994426,2004740,O=C(Cn1cnc2c(cnn2-c2ccc(F)cc2)c1=O)N1CCN(C(=O)c2ccco2)CC1,CCNC(=O)[C@@H]1CCCN1C(=O)[C@H](CCCNC(=N)N)NC(=O)[C@H](CC(C)C)NC(=O)[C@@H](CCC(N)=O)NC(=O)[C@H](Cc1ccc(O)cc1)NC(=O)[C@H](CO)NC(=O)[C@H](Cc1c[nH]c2ccccc12)NC(=O)[C@H](CCC(N)=O)NC(=O)OCc1ccccc1,33,89,122,33,89,122,56,37,93,5,5,ok,1.0187606,1,1.0187606,1018760603.000,,,,32,32,1,"[#8]=[#6](-[#6,#7]-[#7,#6](:,-[#6]:,-[#7,#6]:[#6]):,-[#6](:,-[#6,#7]:,-[#6]:,-[#7,#6]:,-[#7]-[#6](:,-[#6]:,-[#6,#7]:,-[#6]-[#9,#6]):,-[#6]:,-[#6])=[#8])-[#7,#6](-[#6]-[#6,#8])-[#6,#7]-[#6]-[#7,#6]-[#6]-[#6]1:[#6]:[#6,#7]:[#6]:[#8,#6]:1",Permissive MCS: any atom type and any bond type can match.,
p0032,size-combinations,mcs,mcs_elements_order,MCS elements/order,1,994426,2004740,O=C(Cn1cnc2c(cnn2-c2ccc(F)cc2)c1=O)N1CCN(C(=O)c2ccco2)CC1,CCNC(=O)[C@@H]1CCCN1C(=O)[C@H](CCCNC(=N)N)NC(=O)[C@H](CC(C)C)NC(=O)[C@@H](CCC(N)=O)NC(=O)[C@H](Cc1ccc(O)cc1)NC(=O)[C@H](CO)NC(=O)[C@H](Cc1c[nH]c2ccccc12)NC(=O)[C@H](CCC(N)=O)NC(=O)OCc1ccccc1,33,89,122,33,89,122,56,37,93,5,5,ok,0.017334515,1,0.017334515,17334515.000,,,,17,16,0,"[#8]=[#6](-[#6]-[#7]:,-[#6](:,-[#6]:,-[#6])=[#8])-[#7]-[#6]-[#6]-[#7](-[#6]-[#6])-[#6]-[#6]:,-[#6]",Closest MCS counterpart to a raw SMILES substructure query.,
p0032,size-combinations,mcs,mcs_elements_order_maximize_atoms,MCS elements/order maximize atoms,0,994426,2004740,O=C(Cn1cnc2c(cnn2-c2ccc(F)cc2)c1=O)N1CCN(C(=O)c2ccco2)CC1,CCNC(=O)[C@@H]1CCCN1C(=O)[C@H](CCCNC(=N)N)NC(=O)[C@H](CC(C)C)NC(=O)[C@@H](CCC(N)=O)NC(=O)[C@H](Cc1ccc(O)cc1)NC(=O)[C@H](CO)NC(=O)[C@H](Cc1c[nH]c2ccccc12)NC(=O)[C@H](CCC(N)=O)NC(=O)OCc1ccccc1,33,89,122,33,89,122,56,37,93,5,5,ok,0.01725911,1,0.01725911,17259110.000,,,,17,16,0,"[#8]=[#6](-[#6]-[#7]:,-[#6](:,-[#6]:,-[#6])=[#8])-[#7]-[#6]-[#6]-[#7](-[#6]-[#6])-[#6]-[#6]:,-[#6]","Same element/order comparison, but optimize atom count instead of bond count.",
p0032,size-combinations,mcs,mcs_elements_order_ring_atoms,MCS elements/order ring atoms,0,994426,2004740,O=C(Cn1cnc2c(cnn2-c2ccc(F)cc2)c1=O)N1CCN(C(=O)c2ccco2)CC1,CCNC(=O)[C@@H]1CCCN1C(=O)[C@H](CCCNC(=N)N)NC(=O)[C@H](CC(C)C)NC(=O)[C@@H](CCC(N)=O)NC(=O)[C@H](Cc1ccc(O)cc1)NC(=O)[C@H](CO)NC(=O)[C@H](Cc1c[nH]c2ccccc12)NC(=O)[C@H](CCC(N)=O)NC(=O)OCc1ccccc1,33,89,122,33,89,122,56,37,93,5,5,ok,0.001349654,1,0.001349654,1349654.000,,,,8,7,0,[#8&!R]=&!@[#6&!R](-&!@[#6&!R])-&!@[#7&R](-&@[#6&R]-&@[#6&R])-&@[#6&R]-&@[#6&R],Ring atoms and ring bonds only match ring atoms and ring bonds.,
p0032,size-combinations,mcs,mcs_elements_order_whole_rings,MCS elements/order whole rings,0,994426,2004740,O=C(Cn1cnc2c(cnn2-c2ccc(F)cc2)c1=O)N1CCN(C(=O)c2ccco2)CC1,CCNC(=O)[C@@H]1CCCN1C(=O)[C@H](CCCNC(=N)N)NC(=O)[C@H](CC(C)C)NC(=O)[C@@H](CCC(N)=O)NC(=O)[C@H](Cc1ccc(O)cc1)NC(=O)[C@H](CO)NC(=O)[C@H](Cc1c[nH]c2ccccc12)NC(=O)[C@H](CCC(N)=O)NC(=O)OCc1ccccc1,33,89,122,33,89,122,56,37,93,5,5,ok,0.001168088,1,0.001168088,1168088.000,,,,6,6,0,[#6]1:&@[#6]:&@[#6]:&@[#6]:&@[#6]:&@[#6]:&@1,MCS completeRingsOnly=True; partial ring MCS results are rejected.,
p0032,size-combinations,mcs,mcs_elements_order_ring_atoms_whole_rings,MCS elements/order ring atoms + whole rings,0,994426,2004740,O=C(Cn1cnc2c(cnn2-c2ccc(F)cc2)c1=O)N1CCN(C(=O)c2ccco2)CC1,CCNC(=O)[C@@H]1CCCN1C(=O)[C@H](CCCNC(=N)N)NC(=O)[C@H](CC(C)C)NC(=O)[C@@H](CCC(N)=O)NC(=O)[C@H](Cc1ccc(O)cc1)NC(=O)[C@H](CO)NC(=O)[C@H](Cc1c[nH]c2ccccc12)NC(=O)[C@H](CCC(N)=O)NC(=O)OCc1ccccc1,33,89,122,33,89,122,56,37,93,5,5,ok,0.000903965,1,0.000903965,903965.000,,,,6,6,0,[#6]1:&@[#6]:&@[#6]:&@[#6]:&@[#6]:&@[#6]:&@1,Both ringMatchesRingOnly and completeRingsOnly are enabled.,
p0032,size-combinations,substruct,substruct_smiles,Substruct raw SMILES,1,994426,2004740,O=C(Cn1cnc2c(cnn2-c2ccc(F)cc2)c1=O)N1CCN(C(=O)c2ccco2)CC1,CCNC(=O)[C@@H]1CCCN1C(=O)[C@H](CCCNC(=N)N)NC(=O)[C@H](CC(C)C)NC(=O)[C@@H](CCC(N)=O)NC(=O)[C@H](Cc1ccc(O)cc1)NC(=O)[C@H](CO)NC(=O)[C@H](Cc1c[nH]c2ccccc12)NC(=O)[C@H](CCC(N)=O)NC(=O)OCc1ccccc1,33,89,122,33,89,122,56,37,93,5,5,ok,6.4935e-05,20,3.24675e-06,3246.750,has-match,0,0,,,,,Best SMILES-substructure baseline. Substructure has no direct completeRingsOnly option.,
p0032,size-combinations,substruct,substruct_elements_any_bond,Substruct elements/any bond,0,994426,2004740,O=C(Cn1cnc2c(cnn2-c2ccc(F)cc2)c1=O)N1CCN(C(=O)c2ccco2)CC1,CCNC(=O)[C@@H]1CCCN1C(=O)[C@H](CCCNC(=N)N)NC(=O)[C@H](CC(C)C)NC(=O)[C@@H](CCC(N)=O)NC(=O)[C@H](Cc1ccc(O)cc1)NC(=O)[C@H](CO)NC(=O)[C@H](Cc1c[nH]c2ccccc12)NC(=O)[C@H](CCC(N)=O)NC(=O)OCc1ccccc1,33,89,122,33,89,122,56,37,93,5,5,ok,5.7831e-05,20,2.89155e-06,2891.550,has-match,0,0,,,,,Query keeps atom elements but uses generic bonds.,
p0032,size-combinations,substruct,substruct_any_atom_bond,Substruct any atoms/bonds,0,994426,2004740,O=C(Cn1cnc2c(cnn2-c2ccc(F)cc2)c1=O)N1CCN(C(=O)c2ccco2)CC1,CCNC(=O)[C@@H]1CCCN1C(=O)[C@H](CCCNC(=N)N)NC(=O)[C@H](CC(C)C)NC(=O)[C@@H](CCC(N)=O)NC(=O)[C@H](Cc1ccc(O)cc1)NC(=O)[C@H](CO)NC(=O)[C@H](Cc1c[nH]c2ccccc12)NC(=O)[C@H](CCC(N)=O)NC(=O)OCc1ccccc1,33,89,122,33,89,122,56,37,93,5,5,ok,0.000631532,20,3.15766e-05,31576.600,has-match,0,0,,,,,"Query uses generic atoms and generic bonds, similar to CompareAny topology.",
p0032,size-combinations,substruct,substruct_ring_atoms,Substruct ring-chain atoms,0,994426,2004740,O=C(Cn1cnc2c(cnn2-c2ccc(F)cc2)c1=O)N1CCN(C(=O)c2ccco2)CC1,CCNC(=O)[C@@H]1CCCN1C(=O)[C@H](CCCNC(=N)N)NC(=O)[C@H](CC(C)C)NC(=O)[C@@H](CCC(N)=O)NC(=O)[C@H](Cc1ccc(O)cc1)NC(=O)[C@H](CO)NC(=O)[C@H](Cc1c[nH]c2ccccc12)NC(=O)[C@H](CCC(N)=O)NC(=O)OCc1ccccc1,33,89,122,33,89,122,56,37,93,5,5,ok,7.3115e-05,20,3.65575e-06,3655.750,has-match,0,0,,,,,Query adds ring/chain atom constraints; closest substruct analog to ringMatchesRingOnly.,
p0033,size-combinations,mcs,mcs_any_atom_bond,MCS CompareAny atoms/bonds,0,1321128,914449,FC(F)(F)c1cccc(Nc2nc(Nc3cccc(C(F)(F)F)c3)nc(N3CCNCC3)n2)c1,C[C@@H]1O[C@@H](O[C@H]2[C@H](O[C@H]3[C@@H](O)[C@@H](CO)O[C@@H](O[C@H]4[C@@H](O)[C@@H](CO)O[C@H](O[C@@H]5[C@H](O)[C@@H](O)[C@H](O[C@H]6[C@H](O)[C@@H](O)[C@H](OCCCCCN)O[C@@H]6CO)O[C@@H]5CO)[C@@H]4O)[C@@H]3NC(=O)C(F)(F)F)O[C@H](CO)[C@H](O)[C@@H]2O)[C@@H](O)[C@H](O)[C@@H]1O,34,78,112,34,78,112,44,37,83,4,6,ok,1.01078501,1,1.01078501,1010785012.000,,,,31,30,1,"[#9]-[#6](-[#9])(-[#9])-[#6](:,=[#6,#8]):,-[#6,#7]:,-[#6](:,-[#6]:,-[#6,#8])-[#7,#6]-[#6,#8]:,-[#7,#6]:,-[#6](-[#7,#8]-[#6](:,-[#6]:,-[#6,#8]):,-[#6,#8]:,-[#6](:,-[#6])-[#6](-[#9,#6])-[#9,#8]):,-[#7,#6]:,-[#6](-[#7,#6](-[#6,#8])-[#6]-[#6,#8]):,-[#7,#8]",Permissive MCS: any atom type and any bond type can match.,
p0033,size-combinations,mcs,mcs_elements_order,MCS elements/order,1,1321128,914449,FC(F)(F)c1cccc(Nc2nc(Nc3cccc(C(F)(F)F)c3)nc(N3CCNCC3)n2)c1,C[C@@H]1O[C@@H](O[C@H]2[C@H](O[C@H]3[C@@H](O)[C@@H](CO)O[C@@H](O[C@H]4[C@@H](O)[C@@H](CO)O[C@H](O[C@@H]5[C@H](O)[C@@H](O)[C@H](O[C@H]6[C@H](O)[C@@H](O)[C@H](OCCCCCN)O[C@@H]6CO)O[C@@H]5CO)[C@@H]4O)[C@@H]3NC(=O)C(F)(F)F)O[C@H](CO)[C@H](O)[C@@H]2O)[C@@H](O)[C@H](O)[C@@H]1O,34,78,112,34,78,112,44,37,83,4,6,ok,0.002065662,1,0.002065662,2065662.000,,,,8,7,0,"[#6](:,-[#6]:,-[#6]):,-[#6]:,-[#6](:,-[#6])-[#7]-[#6]",Closest MCS counterpart to a raw SMILES substructure query.,
p0033,size-combinations,mcs,mcs_elements_order_maximize_atoms,MCS elements/order maximize atoms,0,1321128,914449,FC(F)(F)c1cccc(Nc2nc(Nc3cccc(C(F)(F)F)c3)nc(N3CCNCC3)n2)c1,C[C@@H]1O[C@@H](O[C@H]2[C@H](O[C@H]3[C@@H](O)[C@@H](CO)O[C@@H](O[C@H]4[C@@H](O)[C@@H](CO)O[C@H](O[C@@H]5[C@H](O)[C@@H](O)[C@H](O[C@H]6[C@H](O)[C@@H](O)[C@H](OCCCCCN)O[C@@H]6CO)O[C@@H]5CO)[C@@H]4O)[C@@H]3NC(=O)C(F)(F)F)O[C@H](CO)[C@H](O)[C@@H]2O)[C@@H](O)[C@H](O)[C@@H]1O,34,78,112,34,78,112,44,37,83,4,6,ok,0.001770912,1,0.001770912,1770912.000,,,,8,7,0,"[#6](:,-[#6]:,-[#6]):,-[#6]:,-[#6](:,-[#6])-[#7]-[#6]","Same element/order comparison, but optimize atom count instead of bond count.",
p0033,size-combinations,mcs,mcs_elements_order_ring_atoms,MCS elements/order ring atoms,0,1321128,914449,FC(F)(F)c1cccc(Nc2nc(Nc3cccc(C(F)(F)F)c3)nc(N3CCNCC3)n2)c1,C[C@@H]1O[C@@H](O[C@H]2[C@H](O[C@H]3[C@@H](O)[C@@H](CO)O[C@@H](O[C@H]4[C@@H](O)[C@@H](CO)O[C@H](O[C@@H]5[C@H](O)[C@@H](O)[C@H](O[C@H]6[C@H](O)[C@@H](O)[C@H](OCCCCCN)O[C@@H]6CO)O[C@@H]5CO)[C@@H]4O)[C@@H]3NC(=O)C(F)(F)F)O[C@H](CO)[C@H](O)[C@@H]2O)[C@@H](O)[C@H](O)[C@@H]1O,34,78,112,34,78,112,44,37,83,4,6,ok,0.001145474,1,0.001145474,1145474.000,,,,6,5,0,"[#6&!R]-&!@[#6&R]:,-;@[#6&R]:,-;@[#6&R]:,-;@[#6&R]:,-;@[#6&R]",Ring atoms and ring bonds only match ring atoms and ring bonds.,
p0033,size-combinations,mcs,mcs_elements_order_whole_rings,MCS elements/order whole rings,0,1321128,914449,FC(F)(F)c1cccc(Nc2nc(Nc3cccc(C(F)(F)F)c3)nc(N3CCNCC3)n2)c1,C[C@@H]1O[C@@H](O[C@H]2[C@H](O[C@H]3[C@@H](O)[C@@H](CO)O[C@@H](O[C@H]4[C@@H](O)[C@@H](CO)O[C@H](O[C@@H]5[C@H](O)[C@@H](O)[C@H](O[C@H]6[C@H](O)[C@@H](O)[C@H](OCCCCCN)O[C@@H]6CO)O[C@@H]5CO)[C@@H]4O)[C@@H]3NC(=O)C(F)(F)F)O[C@H](CO)[C@H](O)[C@@H]2O)[C@@H](O)[C@H](O)[C@@H]1O,34,78,112,34,78,112,44,37,83,4,6,ok,0.000850171,1,0.000850171,850171.000,,,,5,4,0,[#9]-&!@[#6](-&!@[#9])(-&!@[#9])-&!@[#6],MCS completeRingsOnly=True; partial ring MCS results are rejected.,
p0033,size-combinations,mcs,mcs_elements_order_ring_atoms_whole_rings,MCS elements/order ring atoms + whole rings,0,1321128,914449,FC(F)(F)c1cccc(Nc2nc(Nc3cccc(C(F)(F)F)c3)nc(N3CCNCC3)n2)c1,C[C@@H]1O[C@@H](O[C@H]2[C@H](O[C@H]3[C@@H](O)[C@@H](CO)O[C@@H](O[C@H]4[C@@H](O)[C@@H](CO)O[C@H](O[C@@H]5[C@H](O)[C@@H](O)[C@H](O[C@H]6[C@H](O)[C@@H](O)[C@H](OCCCCCN)O[C@@H]6CO)O[C@@H]5CO)[C@@H]4O)[C@@H]3NC(=O)C(F)(F)F)O[C@H](CO)[C@H](O)[C@@H]2O)[C@@H](O)[C@H](O)[C@@H]1O,34,78,112,34,78,112,44,37,83,4,6,ok,0.000789676,1,0.000789676,789676.000,,,,4,3,0,[#9&!R]-&!@[#6&!R](-&!@[#9&!R])-&!@[#9&!R],Both ringMatchesRingOnly and completeRingsOnly are enabled.,
p0033,size-combinations,substruct,substruct_smiles,Substruct raw SMILES,1,1321128,914449,FC(F)(F)c1cccc(Nc2nc(Nc3cccc(C(F)(F)F)c3)nc(N3CCNCC3)n2)c1,C[C@@H]1O[C@@H](O[C@H]2[C@H](O[C@H]3[C@@H](O)[C@@H](CO)O[C@@H](O[C@H]4[C@@H](O)[C@@H](CO)O[C@H](O[C@@H]5[C@H](O)[C@@H](O)[C@H](O[C@H]6[C@H](O)[C@@H](O)[C@H](OCCCCCN)O[C@@H]6CO)O[C@@H]5CO)[C@@H]4O)[C@@H]3NC(=O)C(F)(F)F)O[C@H](CO)[C@H](O)[C@@H]2O)[C@@H](O)[C@H](O)[C@@H]1O,34,78,112,34,78,112,44,37,83,4,6,ok,5.2406e-05,20,2.6203e-06,2620.300,has-match,0,0,,,,,Best SMILES-substructure baseline. Substructure has no direct completeRingsOnly option.,
p0033,size-combinations,substruct,substruct_elements_any_bond,Substruct elements/any bond,0,1321128,914449,FC(F)(F)c1cccc(Nc2nc(Nc3cccc(C(F)(F)F)c3)nc(N3CCNCC3)n2)c1,C[C@@H]1O[C@@H](O[C@H]2[C@H](O[C@H]3[C@@H](O)[C@@H](CO)O[C@@H](O[C@H]4[C@@H](O)[C@@H](CO)O[C@H](O[C@@H]5[C@H](O)[C@@H](O)[C@H](O[C@H]6[C@H](O)[C@@H](O)[C@H](OCCCCCN)O[C@@H]6CO)O[C@@H]5CO)[C@@H]4O)[C@@H]3NC(=O)C(F)(F)F)O[C@H](CO)[C@H](O)[C@@H]2O)[C@@H](O)[C@H](O)[C@@H]1O,34,78,112,34,78,112,44,37,83,4,6,ok,4.5389e-05,20,2.26945e-06,2269.450,has-match,0,0,,,,,Query keeps atom elements but uses generic bonds.,
p0033,size-combinations,substruct,substruct_any_atom_bond,Substruct any atoms/bonds,0,1321128,914449,FC(F)(F)c1cccc(Nc2nc(Nc3cccc(C(F)(F)F)c3)nc(N3CCNCC3)n2)c1,C[C@@H]1O[C@@H](O[C@H]2[C@H](O[C@H]3[C@@H](O)[C@@H](CO)O[C@@H](O[C@H]4[C@@H](O)[C@@H](CO)O[C@H](O[C@@H]5[C@H](O)[C@@H](O)[C@H](O[C@H]6[C@H](O)[C@@H](O)[C@H](OCCCCCN)O[C@@H]6CO)O[C@@H]5CO)[C@@H]4O)[C@@H]3NC(=O)C(F)(F)F)O[C@H](CO)[C@H](O)[C@@H]2O)[C@@H](O)[C@H](O)[C@@H]1O,34,78,112,34,78,112,44,37,83,4,6,ok,0.000133758,20,6.6879e-06,6687.900,has-match,0,0,,,,,"Query uses generic atoms and generic bonds, similar to CompareAny topology.",
p0033,size-combinations,substruct,substruct_ring_atoms,Substruct ring-chain atoms,0,1321128,914449,FC(F)(F)c1cccc(Nc2nc(Nc3cccc(C(F)(F)F)c3)nc(N3CCNCC3)n2)c1,C[C@@H]1O[C@@H](O[C@H]2[C@H](O[C@H]3[C@@H](O)[C@@H](CO)O[C@@H](O[C@H]4[C@@H](O)[C@@H](CO)O[C@H](O[C@@H]5[C@H](O)[C@@H](O)[C@H](O[C@H]6[C@H](O)[C@@H](O)[C@H](OCCCCCN)O[C@@H]6CO)O[C@@H]5CO)[C@@H]4O)[C@@H]3NC(=O)C(F)(F)F)O[C@H](CO)[C@H](O)[C@@H]2O)[C@@H](O)[C@H](O)[C@@H]1O,34,78,112,34,78,112,44,37,83,4,6,ok,5.5868e-05,20,2.7934e-06,2793.400,has-match,0,0,,,,,Query adds ring/chain atom constraints; closest substruct analog to ringMatchesRingOnly.,
p0034,size-combinations,mcs,mcs_any_atom_bond,MCS CompareAny atoms/bonds,0,2044837,622292,COC(=O)CCCC(=O)NC1(c2ccc(-c3ccc(CCN4CCC[C@H]4C)cc3)cc2)CCCC1,CN(C)c1cccc2c(S(=O)(=O)N3CCC[C@H]3C(=O)N[C@@H](CCc3ccccc3)C(=O)N[C@@H](CCCNC(=N)N)C(=O)O)cccc12,35,47,82,35,47,82,12,38,50,4,4,ok,0.662496912,1,0.662496912,662496912.000,,,,32,31,0,"[#6]-,:[#8,#6]-,:[#6]-,:[#6]-,:[#6]-,:[#6]-[#6]-[#7,#6]-[#6](-[#6,#7]:,-[#6]:,-[#6]:,-[#6,#7](:,-[#6]:,-[#6])-[#6,#16](:,-[#6]:[#6]:[#6]-,:[#6]-,:[#6]-,:[#7,#6](-,:[#6]-,:[#6])-[#6,#7](-[#6])-[#6]):,=[#6,#8])-[#6]-[#6,#7]-[#6]-[#6]",Permissive MCS: any atom type and any bond type can match.,
p0034,size-combinations,mcs,mcs_elements_order,MCS elements/order,1,2044837,622292,COC(=O)CCCC(=O)NC1(c2ccc(-c3ccc(CCN4CCC[C@H]4C)cc3)cc2)CCCC1,CN(C)c1cccc2c(S(=O)(=O)N3CCC[C@H]3C(=O)N[C@@H](CCc3ccccc3)C(=O)N[C@@H](CCCNC(=N)N)C(=O)O)cccc12,35,47,82,35,47,82,12,38,50,4,4,ok,0.022700473,1,0.022700473,22700473.000,,,,17,16,0,"[#6]-[#6]-[#6]-[#6]-[#6](=[#8])-[#7]-[#6](-[#6]:,-[#6]:,-[#6]:[#6]-,:[#6]:[#6]:[#6]:[#6])-[#6]",Closest MCS counterpart to a raw SMILES substructure query.,
p0034,size-combinations,mcs,mcs_elements_order_maximize_atoms,MCS elements/order maximize atoms,0,2044837,622292,COC(=O)CCCC(=O)NC1(c2ccc(-c3ccc(CCN4CCC[C@H]4C)cc3)cc2)CCCC1,CN(C)c1cccc2c(S(=O)(=O)N3CCC[C@H]3C(=O)N[C@@H](CCc3ccccc3)C(=O)N[C@@H](CCCNC(=N)N)C(=O)O)cccc12,35,47,82,35,47,82,12,38,50,4,4,ok,0.02273089,1,0.02273089,22730890.000,,,,17,16,0,"[#6]-[#6]-[#6]-[#6]-[#6](=[#8])-[#7]-[#6](-[#6]:,-[#6]:,-[#6]:[#6]-,:[#6]:[#6]:[#6]:[#6])-[#6]","Same element/order comparison, but optimize atom count instead of bond count.",
p0034,size-combinations,mcs,mcs_elements_order_ring_atoms,MCS elements/order ring atoms,0,2044837,622292,COC(=O)CCCC(=O)NC1(c2ccc(-c3ccc(CCN4CCC[C@H]4C)cc3)cc2)CCCC1,CN(C)c1cccc2c(S(=O)(=O)N3CCC[C@H]3C(=O)N[C@@H](CCc3ccccc3)C(=O)N[C@@H](CCCNC(=N)N)C(=O)O)cccc12,35,47,82,35,47,82,12,38,50,4,4,ok,0.000810283,1,0.000810283,810283.000,,,,8,8,0,[#6]1:&@[#6]:&@[#6]:&@[#6](:&@[#6]:&@[#6]:&@1)-&!@[#6&!R]-&!@[#6&!R],Ring atoms and ring bonds only match ring atoms and ring bonds.,
p0034,size-combinations,mcs,mcs_elements_order_whole_rings,MCS elements/order whole rings,0,2044837,622292,COC(=O)CCCC(=O)NC1(c2ccc(-c3ccc(CCN4CCC[C@H]4C)cc3)cc2)CCCC1,CN(C)c1cccc2c(S(=O)(=O)N3CCC[C@H]3C(=O)N[C@@H](CCc3ccccc3)C(=O)N[C@@H](CCCNC(=N)N)C(=O)O)cccc12,35,47,82,35,47,82,12,38,50,4,4,ok,0.002338642,1,0.002338642,2338642.000,,,,9,8,0,[#8]-&!@[#6](=&!@[#8])-&!@[#6]-&!@[#6]-&!@[#6]-&!@[#6]-&!@[#7]-&!@[#6],MCS completeRingsOnly=True; partial ring MCS results are rejected.,
p0034,size-combinations,mcs,mcs_elements_order_ring_atoms_whole_rings,MCS elements/order ring atoms + whole rings,0,2044837,622292,COC(=O)CCCC(=O)NC1(c2ccc(-c3ccc(CCN4CCC[C@H]4C)cc3)cc2)CCCC1,CN(C)c1cccc2c(S(=O)(=O)N3CCC[C@H]3C(=O)N[C@@H](CCc3ccccc3)C(=O)N[C@@H](CCCNC(=N)N)C(=O)O)cccc12,35,47,82,35,47,82,12,38,50,4,4,ok,0.000766888,1,0.000766888,766888.000,,,,8,8,0,[#6]1:&@[#6]:&@[#6]:&@[#6](:&@[#6]:&@[#6]:&@1)-&!@[#6&!R]-&!@[#6&!R],Both ringMatchesRingOnly and completeRingsOnly are enabled.,
p0034,size-combinations,substruct,substruct_smiles,Substruct raw SMILES,1,2044837,622292,COC(=O)CCCC(=O)NC1(c2ccc(-c3ccc(CCN4CCC[C@H]4C)cc3)cc2)CCCC1,CN(C)c1cccc2c(S(=O)(=O)N3CCC[C@H]3C(=O)N[C@@H](CCc3ccccc3)C(=O)N[C@@H](CCCNC(=N)N)C(=O)O)cccc12,35,47,82,35,47,82,12,38,50,4,4,ok,4.895e-05,20,2.4475e-06,2447.500,has-match,0,0,,,,,Best SMILES-substructure baseline. Substructure has no direct completeRingsOnly option.,
p0034,size-combinations,substruct,substruct_elements_any_bond,Substruct elements/any bond,0,2044837,622292,COC(=O)CCCC(=O)NC1(c2ccc(-c3ccc(CCN4CCC[C@H]4C)cc3)cc2)CCCC1,CN(C)c1cccc2c(S(=O)(=O)N3CCC[C@H]3C(=O)N[C@@H](CCc3ccccc3)C(=O)N[C@@H](CCCNC(=N)N)C(=O)O)cccc12,35,47,82,35,47,82,12,38,50,4,4,ok,4.1377e-05,20,2.06885e-06,2068.850,has-match,0,0,,,,,Query keeps atom elements but uses generic bonds.,
p0034,size-combinations,substruct,substruct_any_atom_bond,Substruct any atoms/bonds,0,2044837,622292,COC(=O)CCCC(=O)NC1(c2ccc(-c3ccc(CCN4CCC[C@H]4C)cc3)cc2)CCCC1,CN(C)c1cccc2c(S(=O)(=O)N3CCC[C@H]3C(=O)N[C@@H](CCc3ccccc3)C(=O)N[C@@H](CCCNC(=N)N)C(=O)O)cccc12,35,47,82,35,47,82,12,38,50,4,4,ok,0.000780509,20,3.902545e-05,39025.450,has-match,0,0,,,,,"Query uses generic atoms and generic bonds, similar to CompareAny topology.",
p0034,size-combinations,substruct,substruct_ring_atoms,Substruct ring-chain atoms,0,2044837,622292,COC(=O)CCCC(=O)NC1(c2ccc(-c3ccc(CCN4CCC[C@H]4C)cc3)cc2)CCCC1,CN(C)c1cccc2c(S(=O)(=O)N3CCC[C@H]3C(=O)N[C@@H](CCc3ccccc3)C(=O)N[C@@H](CCCNC(=N)N)C(=O)O)cccc12,35,47,82,35,47,82,12,38,50,4,4,ok,4.7029e-05,20,2.35145e-06,2351.450,has-match,0,0,,,,,Query adds ring/chain atom constraints; closest substruct analog to ringMatchesRingOnly.,
p0035,size-combinations,mcs,mcs_any_atom_bond,MCS CompareAny atoms/bonds,0,2044837,612479,COC(=O)CCCC(=O)NC1(c2ccc(-c3ccc(CCN4CCC[C@H]4C)cc3)cc2)CCCC1,C=CCn1c(=O)c2cnc(Nc3ccc(N(C)CCCCNc4cccc5c4C(=O)N(C4CCC(=O)NC4=O)C5=O)cc3)nc2n1-c1cccc(C(C)(C)O)n1,35,56,91,35,56,91,21,38,62,4,7,ok,0.288265372,1,0.288265372,288265372.000,,,,33,33,0,"[#8,#6]-[#6](=,-[#8,#6])-[#6]-,:[#6]-,:[#6]-,:[#6]-,:[#7,#6]-[#6,#7](-,:[#6](:[#6]:[#6]):[#6,#7]:[#6]:,-[#6,#7]-[#6]1:[#6]:[#6]:[#6](:[#6]:[#6]:1)-[#6,#7]-[#6]-[#7,#6]-[#6]-[#6]-[#6,#7]-[#6]-,:[#6])-,:[#6,#7]-[#6]-[#6]-,=[#6]",Permissive MCS: any atom type and any bond type can match.,
p0035,size-combinations,mcs,mcs_elements_order,MCS elements/order,1,2044837,612479,COC(=O)CCCC(=O)NC1(c2ccc(-c3ccc(CCN4CCC[C@H]4C)cc3)cc2)CCCC1,C=CCn1c(=O)c2cnc(Nc3ccc(N(C)CCCCNc4cccc5c4C(=O)N(C4CCC(=O)NC4=O)C5=O)cc3)nc2n1-c1cccc(C(C)(C)O)n1,35,56,91,35,56,91,21,38,62,4,7,ok,0.020383481,1,0.020383481,20383481.000,,,,14,13,0,"[#6]:,-[#6]-,:[#6]:[#6]:[#6]:[#6]-,:[#6]-[#6]-[#7]-[#6](-[#6]-[#6]-[#6])-[#6]",Closest MCS counterpart to a raw SMILES substructure query.,
p0035,size-combinations,mcs,mcs_elements_order_maximize_atoms,MCS elements/order maximize atoms,0,2044837,612479,COC(=O)CCCC(=O)NC1(c2ccc(-c3ccc(CCN4CCC[C@H]4C)cc3)cc2)CCCC1,C=CCn1c(=O)c2cnc(Nc3ccc(N(C)CCCCNc4cccc5c4C(=O)N(C4CCC(=O)NC4=O)C5=O)cc3)nc2n1-c1cccc(C(C)(C)O)n1,35,56,91,35,56,91,21,38,62,4,7,ok,0.020213118,1,0.020213118,20213118.000,,,,14,13,0,"[#6]:,-[#6]-,:[#6]:[#6]:[#6]:[#6]-,:[#6]-[#6]-[#7]-[#6](-[#6]-[#6]-[#6])-[#6]","Same element/order comparison, but optimize atom count instead of bond count.",
p0035,size-combinations,mcs,mcs_elements_order_ring_atoms,MCS elements/order ring atoms,0,2044837,612479,COC(=O)CCCC(=O)NC1(c2ccc(-c3ccc(CCN4CCC[C@H]4C)cc3)cc2)CCCC1,C=CCn1c(=O)c2cnc(Nc3ccc(N(C)CCCCNc4cccc5c4C(=O)N(C4CCC(=O)NC4=O)C5=O)cc3)nc2n1-c1cccc(C(C)(C)O)n1,35,56,91,35,56,91,21,38,62,4,7,ok,0.00119973,1,0.00119973,1199730.000,,,,10,9,0,"[#6&!R]-&!@[#6&!R]-&!@[#6&!R]-&!@[#6&!R]-&!@[#7&!R]-&!@[#6&R](-,:;@[#6&R]-,:;@[#6&R])-,:;@[#6&R]-,:;@[#6&R]",Ring atoms and ring bonds only match ring atoms and ring bonds.,
p0035,size-combinations,mcs,mcs_elements_order_whole_rings,MCS elements/order whole rings,0,2044837,612479,COC(=O)CCCC(=O)NC1(c2ccc(-c3ccc(CCN4CCC[C@H]4C)cc3)cc2)CCCC1,C=CCn1c(=O)c2cnc(Nc3ccc(N(C)CCCCNc4cccc5c4C(=O)N(C4CCC(=O)NC4=O)C5=O)cc3)nc2n1-c1cccc(C(C)(C)O)n1,35,56,91,35,56,91,21,38,62,4,7,ok,0.001837059,1,0.001837059,1837059.000,,,,6,6,0,[#6]1:&@[#6]:&@[#6]:&@[#6]:&@[#6]:&@[#6]:&@1,MCS completeRingsOnly=True; partial ring MCS results are rejected.,
p0035,size-combinations,mcs,mcs_elements_order_ring_atoms_whole_rings,MCS elements/order ring atoms + whole rings,0,2044837,612479,COC(=O)CCCC(=O)NC1(c2ccc(-c3ccc(CCN4CCC[C@H]4C)cc3)cc2)CCCC1,C=CCn1c(=O)c2cnc(Nc3ccc(N(C)CCCCNc4cccc5c4C(=O)N(C4CCC(=O)NC4=O)C5=O)cc3)nc2n1-c1cccc(C(C)(C)O)n1,35,56,91,35,56,91,21,38,62,4,7,ok,0.001153138,1,0.001153138,1153138.000,,,,6,6,0,[#6]1:&@[#6]:&@[#6]:&@[#6]:&@[#6]:&@[#6]:&@1,Both ringMatchesRingOnly and completeRingsOnly are enabled.,
p0035,size-combinations,substruct,substruct_smiles,Substruct raw SMILES,1,2044837,612479,COC(=O)CCCC(=O)NC1(c2ccc(-c3ccc(CCN4CCC[C@H]4C)cc3)cc2)CCCC1,C=CCn1c(=O)c2cnc(Nc3ccc(N(C)CCCCNc4cccc5c4C(=O)N(C4CCC(=O)NC4=O)C5=O)cc3)nc2n1-c1cccc(C(C)(C)O)n1,35,56,91,35,56,91,21,38,62,4,7,ok,6.7514e-05,20,3.3757e-06,3375.700,has-match,0,0,,,,,Best SMILES-substructure baseline. Substructure has no direct completeRingsOnly option.,
p0035,size-combinations,substruct,substruct_elements_any_bond,Substruct elements/any bond,0,2044837,612479,COC(=O)CCCC(=O)NC1(c2ccc(-c3ccc(CCN4CCC[C@H]4C)cc3)cc2)CCCC1,C=CCn1c(=O)c2cnc(Nc3ccc(N(C)CCCCNc4cccc5c4C(=O)N(C4CCC(=O)NC4=O)C5=O)cc3)nc2n1-c1cccc(C(C)(C)O)n1,35,56,91,35,56,91,21,38,62,4,7,ok,5.8719e-05,20,2.93595e-06,2935.950,has-match,0,0,,,,,Query keeps atom elements but uses generic bonds.,
p0035,size-combinations,substruct,substruct_any_atom_bond,Substruct any atoms/bonds,0,2044837,612479,COC(=O)CCCC(=O)NC1(c2ccc(-c3ccc(CCN4CCC[C@H]4C)cc3)cc2)CCCC1,C=CCn1c(=O)c2cnc(Nc3ccc(N(C)CCCCNc4cccc5c4C(=O)N(C4CCC(=O)NC4=O)C5=O)cc3)nc2n1-c1cccc(C(C)(C)O)n1,35,56,91,35,56,91,21,38,62,4,7,ok,0.001631621,20,8.158105e-05,81581.050,has-match,0,0,,,,,"Query uses generic atoms and generic bonds, similar to CompareAny topology.",
p0035,size-combinations,substruct,substruct_ring_atoms,Substruct ring-chain atoms,0,2044837,612479,COC(=O)CCCC(=O)NC1(c2ccc(-c3ccc(CCN4CCC[C@H]4C)cc3)cc2)CCCC1,C=CCn1c(=O)c2cnc(Nc3ccc(N(C)CCCCNc4cccc5c4C(=O)N(C4CCC(=O)NC4=O)C5=O)cc3)nc2n1-c1cccc(C(C)(C)O)n1,35,56,91,35,56,91,21,38,62,4,7,ok,5.9974e-05,20,2.9987e-06,2998.700,has-match,0,0,,,,,Query adds ring/chain atom constraints; closest substruct analog to ringMatchesRingOnly.,
p0036,size-combinations,mcs,mcs_any_atom_bond,MCS CompareAny atoms/bonds,0,466826,622292,O=c1cc(-c2ccccc2)oc2cc(Oc3ccc4oc(-c5ccccc5O)cc(=O)c4c3)ccc12,CN(C)c1cccc2c(S(=O)(=O)N3CCC[C@H]3C(=O)N[C@@H](CCc3ccccc3)C(=O)N[C@@H](CCCNC(=N)N)C(=O)O)cccc12,36,47,83,36,47,83,11,41,50,6,4,ok,1.02229662,1,1.02229662,1022296624.000,,,,35,34,1,"[#8]=[#6](:,-[#6,#7]:,-[#6](-[#6]:,-[#6]:,-[#6]:,-[#6,#7]:,-[#6]:,=[#6,#7]):,-[#8,#6]):,-[#6](:,-[#6]:,-[#6]):,-[#6,#7]:,-[#6]:,-[#6]-[#8,#6]-[#6]:,-[#6]:,-[#6,#7]:,-[#6,#16](:,-[#6]:[#6](:[#8,#6]:[#6]:[#6]:[#6])-,:[#6]:[#6]:[#6]:[#6]:,-[#6,#7]:,-[#6])=[#8]",Permissive MCS: any atom type and any bond type can match.,
p0036,size-combinations,mcs,mcs_elements_order,MCS elements/order,1,466826,622292,O=c1cc(-c2ccccc2)oc2cc(Oc3ccc4oc(-c5ccccc5O)cc(=O)c4c3)ccc12,CN(C)c1cccc2c(S(=O)(=O)N3CCC[C@H]3C(=O)N[C@@H](CCc3ccccc3)C(=O)N[C@@H](CCCNC(=N)N)C(=O)O)cccc12,36,47,83,36,47,83,11,41,50,6,4,ok,0.00692565,1,0.00692565,6925650.000,,,,10,10,0,"[#6](:[#6]:[#6]-,:[#6]):[#6]1:[#6]:[#6]:[#6]:[#6]:[#6]:1",Closest MCS counterpart to a raw SMILES substructure query.,
p0036,size-combinations,mcs,mcs_elements_order_maximize_atoms,MCS elements/order maximize atoms,0,466826,622292,O=c1cc(-c2ccccc2)oc2cc(Oc3ccc4oc(-c5ccccc5O)cc(=O)c4c3)ccc12,CN(C)c1cccc2c(S(=O)(=O)N3CCC[C@H]3C(=O)N[C@@H](CCc3ccccc3)C(=O)N[C@@H](CCCNC(=N)N)C(=O)O)cccc12,36,47,83,36,47,83,11,41,50,6,4,ok,0.006698235,1,0.006698235,6698235.000,,,,10,10,0,"[#6](:[#6]:[#6]-,:[#6]):[#6]1:[#6]:[#6]:[#6]:[#6]:[#6]:1","Same element/order comparison, but optimize atom count instead of bond count.",
p0036,size-combinations,mcs,mcs_elements_order_ring_atoms,MCS elements/order ring atoms,0,466826,622292,O=c1cc(-c2ccccc2)oc2cc(Oc3ccc4oc(-c5ccccc5O)cc(=O)c4c3)ccc12,CN(C)c1cccc2c(S(=O)(=O)N3CCC[C@H]3C(=O)N[C@@H](CCc3ccccc3)C(=O)N[C@@H](CCCNC(=N)N)C(=O)O)cccc12,36,47,83,36,47,83,11,41,50,6,4,ok,0.000525336,1,0.000525336,525336.000,,,,9,9,0,[#6&R](:&@[#6&R]:&@[#6&R]):&@[#6]1:&@[#6]:&@[#6]:&@[#6]:&@[#6]:&@[#6]:&@1,Ring atoms and ring bonds only match ring atoms and ring bonds.,
p0036,size-combinations,mcs,mcs_elements_order_whole_rings,MCS elements/order whole rings,0,466826,622292,O=c1cc(-c2ccccc2)oc2cc(Oc3ccc4oc(-c5ccccc5O)cc(=O)c4c3)ccc12,CN(C)c1cccc2c(S(=O)(=O)N3CCC[C@H]3C(=O)N[C@@H](CCc3ccccc3)C(=O)N[C@@H](CCCNC(=N)N)C(=O)O)cccc12,36,47,83,36,47,83,11,41,50,6,4,ok,0.002615793,1,0.002615793,2615793.000,,,,7,7,0,[#6]-&!@[#6]1:&@[#6]:&@[#6]:&@[#6]:&@[#6]:&@[#6]:&@1,MCS completeRingsOnly=True; partial ring MCS results are rejected.,
p0036,size-combinations,mcs,mcs_elements_order_ring_atoms_whole_rings,MCS elements/order ring atoms + whole rings,0,466826,622292,O=c1cc(-c2ccccc2)oc2cc(Oc3ccc4oc(-c5ccccc5O)cc(=O)c4c3)ccc12,CN(C)c1cccc2c(S(=O)(=O)N3CCC[C@H]3C(=O)N[C@@H](CCc3ccccc3)C(=O)N[C@@H](CCCNC(=N)N)C(=O)O)cccc12,36,47,83,36,47,83,11,41,50,6,4,ok,0.001351706,1,0.001351706,1351706.000,,,,6,6,0,[#6]1:&@[#6]:&@[#6]:&@[#6]:&@[#6]:&@[#6]:&@1,Both ringMatchesRingOnly and completeRingsOnly are enabled.,
p0036,size-combinations,substruct,substruct_smiles,Substruct raw SMILES,1,466826,622292,O=c1cc(-c2ccccc2)oc2cc(Oc3ccc4oc(-c5ccccc5O)cc(=O)c4c3)ccc12,CN(C)c1cccc2c(S(=O)(=O)N3CCC[C@H]3C(=O)N[C@@H](CCc3ccccc3)C(=O)N[C@@H](CCCNC(=N)N)C(=O)O)cccc12,36,47,83,36,47,83,11,41,50,6,4,ok,3.6681e-05,20,1.83405e-06,1834.050,has-match,0,0,,,,,Best SMILES-substructure baseline. Substructure has no direct completeRingsOnly option.,
p0036,size-combinations,substruct,substruct_elements_any_bond,Substruct elements/any bond,0,466826,622292,O=c1cc(-c2ccccc2)oc2cc(Oc3ccc4oc(-c5ccccc5O)cc(=O)c4c3)ccc12,CN(C)c1cccc2c(S(=O)(=O)N3CCC[C@H]3C(=O)N[C@@H](CCc3ccccc3)C(=O)N[C@@H](CCCNC(=N)N)C(=O)O)cccc12,36,47,83,36,47,83,11,41,50,6,4,ok,3.1307e-05,20,1.56535e-06,1565.350,has-match,0,0,,,,,Query keeps atom elements but uses generic bonds.,
p0036,size-combinations,substruct,substruct_any_atom_bond,Substruct any atoms/bonds,0,466826,622292,O=c1cc(-c2ccccc2)oc2cc(Oc3ccc4oc(-c5ccccc5O)cc(=O)c4c3)ccc12,CN(C)c1cccc2c(S(=O)(=O)N3CCC[C@H]3C(=O)N[C@@H](CCc3ccccc3)C(=O)N[C@@H](CCCNC(=N)N)C(=O)O)cccc12,36,47,83,36,47,83,11,41,50,6,4,ok,0.000459302,20,2.29651e-05,22965.100,has-match,0,0,,,,,"Query uses generic atoms and generic bonds, similar to CompareAny topology.",
p0036,size-combinations,substruct,substruct_ring_atoms,Substruct ring-chain atoms,0,466826,622292,O=c1cc(-c2ccccc2)oc2cc(Oc3ccc4oc(-c5ccccc5O)cc(=O)c4c3)ccc12,CN(C)c1cccc2c(S(=O)(=O)N3CCC[C@H]3C(=O)N[C@@H](CCc3ccccc3)C(=O)N[C@@H](CCCNC(=N)N)C(=O)O)cccc12,36,47,83,36,47,83,11,41,50,6,4,ok,3.6108e-05,20,1.8054e-06,1805.400,has-match,0,0,,,,,Query adds ring/chain atom constraints; closest substruct analog to ringMatchesRingOnly.,
p0037,size-combinations,mcs,mcs_any_atom_bond,MCS CompareAny atoms/bonds,0,2402226,1824863,CO[C@@H]1CC[C@@]2(C)[C@@H](C1)C[C@H](OS(=O)(=O)[O-])[C@@H]1[C@@H]2CC[C@]2(C)[C@@H]([C@H](C)CCC(=O)N3CCCC3)CC[C@@H]12.[Na+],CC(=O)N[C@H]1CCC[C@@H]1C(=O)N[C@H]1CCC[C@@H]1C(=O)N[C@H]1CCC[C@@H]1C(=O)N[C@H]1CCC[C@@H]1C(=O)N[C@H]1CCC[C@@H]1C(=O)N[C@H]1CCC[C@@H]1C(=O)N[C@H]1CCC[C@@H]1C(=O)N[C@H]1CCC[C@@H]1C(=O)N[C@@H](CC(=O)N[C@H]1CCC[C@@H]1C(=O)N[C@H]1CCC[C@@H]1C(=O)N[C@H]1CCC[C@@H]1C(N)=O)[C@@H](C)O,38,100,138,38,100,138,62,41,110,5,11,ok,1.0110124,1,1.0110124,1011012401.000,,,,36,35,1,"[#6]-[#8,#6]-[#6](-[#6,#7]-[#6]-[#6](-[#6])-[#6]-[#6,#7]-[#6]-[#6](-[#6])-[#6]-[#6,#7]-[#6]-[#6]-[#6](-[#6])-[#6,#7]-[#6]-[#6](=,-[#8,#6])-[#7,#6](-[#6,#7]-[#6])-[#6]-[#6])-[#6]-[#6]-[#6,#7]-[#6](-[#8,#6]-[#16,#6](=[#8])-[#8,#7])-[#6]",Permissive MCS: any atom type and any bond type can match.,
p0037,size-combinations,mcs,mcs_elements_order,MCS elements/order,1,2402226,1824863,CO[C@@H]1CC[C@@]2(C)[C@@H](C1)C[C@H](OS(=O)(=O)[O-])[C@@H]1[C@@H]2CC[C@]2(C)[C@@H]([C@H](C)CCC(=O)N3CCCC3)CC[C@@H]12.[Na+],CC(=O)N[C@H]1CCC[C@@H]1C(=O)N[C@H]1CCC[C@@H]1C(=O)N[C@H]1CCC[C@@H]1C(=O)N[C@H]1CCC[C@@H]1C(=O)N[C@H]1CCC[C@@H]1C(=O)N[C@H]1CCC[C@@H]1C(=O)N[C@H]1CCC[C@@H]1C(=O)N[C@H]1CCC[C@@H]1C(=O)N[C@@H](CC(=O)N[C@H]1CCC[C@@H]1C(=O)N[C@H]1CCC[C@@H]1C(=O)N[C@H]1CCC[C@@H]1C(N)=O)[C@@H](C)O,38,100,138,38,100,138,62,41,110,5,11,ok,0.014916213,1,0.014916213,14916213.000,,,,12,11,0,[#6]-[#6]-[#6]-[#6]-[#6]-[#6](=[#8])-[#7]-[#6]-[#6]-[#6]-[#6],Closest MCS counterpart to a raw SMILES substructure query.,
p0037,size-combinations,mcs,mcs_elements_order_maximize_atoms,MCS elements/order maximize atoms,0,2402226,1824863,CO[C@@H]1CC[C@@]2(C)[C@@H](C1)C[C@H](OS(=O)(=O)[O-])[C@@H]1[C@@H]2CC[C@]2(C)[C@@H]([C@H](C)CCC(=O)N3CCCC3)CC[C@@H]12.[Na+],CC(=O)N[C@H]1CCC[C@@H]1C(=O)N[C@H]1CCC[C@@H]1C(=O)N[C@H]1CCC[C@@H]1C(=O)N[C@H]1CCC[C@@H]1C(=O)N[C@H]1CCC[C@@H]1C(=O)N[C@H]1CCC[C@@H]1C(=O)N[C@H]1CCC[C@@H]1C(=O)N[C@H]1CCC[C@@H]1C(=O)N[C@@H](CC(=O)N[C@H]1CCC[C@@H]1C(=O)N[C@H]1CCC[C@@H]1C(=O)N[C@H]1CCC[C@@H]1C(N)=O)[C@@H](C)O,38,100,138,38,100,138,62,41,110,5,11,ok,0.015003208,1,0.015003208,15003208.000,,,,12,11,0,[#6]-[#6]-[#6]-[#6]-[#6]-[#6](=[#8])-[#7]-[#6]-[#6]-[#6]-[#6],"Same element/order comparison, but optimize atom count instead of bond count.",
p0037,size-combinations,mcs,mcs_elements_order_ring_atoms,MCS elements/order ring atoms,0,2402226,1824863,CO[C@@H]1CC[C@@]2(C)[C@@H](C1)C[C@H](OS(=O)(=O)[O-])[C@@H]1[C@@H]2CC[C@]2(C)[C@@H]([C@H](C)CCC(=O)N3CCCC3)CC[C@@H]12.[Na+],CC(=O)N[C@H]1CCC[C@@H]1C(=O)N[C@H]1CCC[C@@H]1C(=O)N[C@H]1CCC[C@@H]1C(=O)N[C@H]1CCC[C@@H]1C(=O)N[C@H]1CCC[C@@H]1C(=O)N[C@H]1CCC[C@@H]1C(=O)N[C@H]1CCC[C@@H]1C(=O)N[C@H]1CCC[C@@H]1C(=O)N[C@@H](CC(=O)N[C@H]1CCC[C@@H]1C(=O)N[C@H]1CCC[C@@H]1C(=O)N[C@H]1CCC[C@@H]1C(N)=O)[C@@H](C)O,38,100,138,38,100,138,62,41,110,5,11,ok,0.004884936,1,0.004884936,4884936.000,,,,6,6,0,[#6]1(-&!@[#6&!R])-&@[#6]-&@[#6]-&@[#6]-&@[#6]-&@1,Ring atoms and ring bonds only match ring atoms and ring bonds.,
p0037,size-combinations,mcs,mcs_elements_order_whole_rings,MCS elements/order whole rings,0,2402226,1824863,CO[C@@H]1CC[C@@]2(C)[C@@H](C1)C[C@H](OS(=O)(=O)[O-])[C@@H]1[C@@H]2CC[C@]2(C)[C@@H]([C@H](C)CCC(=O)N3CCCC3)CC[C@@H]12.[Na+],CC(=O)N[C@H]1CCC[C@@H]1C(=O)N[C@H]1CCC[C@@H]1C(=O)N[C@H]1CCC[C@@H]1C(=O)N[C@H]1CCC[C@@H]1C(=O)N[C@H]1CCC[C@@H]1C(=O)N[C@H]1CCC[C@@H]1C(=O)N[C@H]1CCC[C@@H]1C(=O)N[C@H]1CCC[C@@H]1C(=O)N[C@@H](CC(=O)N[C@H]1CCC[C@@H]1C(=O)N[C@H]1CCC[C@@H]1C(=O)N[C@H]1CCC[C@@H]1C(N)=O)[C@@H](C)O,38,100,138,38,100,138,62,41,110,5,11,ok,0.001288682,1,0.001288682,1288682.000,,,,7,6,0,[#6]-&!@[#6]-&!@[#6]-&!@[#6]-&!@[#6](=&!@[#8])-&!@[#7],MCS completeRingsOnly=True; partial ring MCS results are rejected.,
p0037,size-combinations,mcs,mcs_elements_order_ring_atoms_whole_rings,MCS elements/order ring atoms + whole rings,0,2402226,1824863,CO[C@@H]1CC[C@@]2(C)[C@@H](C1)C[C@H](OS(=O)(=O)[O-])[C@@H]1[C@@H]2CC[C@]2(C)[C@@H]([C@H](C)CCC(=O)N3CCCC3)CC[C@@H]12.[Na+],CC(=O)N[C@H]1CCC[C@@H]1C(=O)N[C@H]1CCC[C@@H]1C(=O)N[C@H]1CCC[C@@H]1C(=O)N[C@H]1CCC[C@@H]1C(=O)N[C@H]1CCC[C@@H]1C(=O)N[C@H]1CCC[C@@H]1C(=O)N[C@H]1CCC[C@@H]1C(=O)N[C@H]1CCC[C@@H]1C(=O)N[C@@H](CC(=O)N[C@H]1CCC[C@@H]1C(=O)N[C@H]1CCC[C@@H]1C(=O)N[C@H]1CCC[C@@H]1C(N)=O)[C@@H](C)O,38,100,138,38,100,138,62,41,110,5,11,ok,0.001137817,1,0.001137817,1137817.000,,,,6,6,0,[#6]1(-&!@[#6&!R])-&@[#6]-&@[#6]-&@[#6]-&@[#6]-&@1,Both ringMatchesRingOnly and completeRingsOnly are enabled.,
p0037,size-combinations,substruct,substruct_smiles,Substruct raw SMILES,1,2402226,1824863,CO[C@@H]1CC[C@@]2(C)[C@@H](C1)C[C@H](OS(=O)(=O)[O-])[C@@H]1[C@@H]2CC[C@]2(C)[C@@H]([C@H](C)CCC(=O)N3CCCC3)CC[C@@H]12.[Na+],CC(=O)N[C@H]1CCC[C@@H]1C(=O)N[C@H]1CCC[C@@H]1C(=O)N[C@H]1CCC[C@@H]1C(=O)N[C@H]1CCC[C@@H]1C(=O)N[C@H]1CCC[C@@H]1C(=O)N[C@H]1CCC[C@@H]1C(=O)N[C@H]1CCC[C@@H]1C(=O)N[C@H]1CCC[C@@H]1C(=O)N[C@@H](CC(=O)N[C@H]1CCC[C@@H]1C(=O)N[C@H]1CCC[C@@H]1C(=O)N[C@H]1CCC[C@@H]1C(N)=O)[C@@H](C)O,38,100,138,38,100,138,62,41,110,5,11,ok,8.3451e-05,20,4.17255e-06,4172.550,has-match,0,0,,,,,Best SMILES-substructure baseline. Substructure has no direct completeRingsOnly option.,
p0037,size-combinations,substruct,substruct_elements_any_bond,Substruct elements/any bond,0,2402226,1824863,CO[C@@H]1CC[C@@]2(C)[C@@H](C1)C[C@H](OS(=O)(=O)[O-])[C@@H]1[C@@H]2CC[C@]2(C)[C@@H]([C@H](C)CCC(=O)N3CCCC3)CC[C@@H]12.[Na+],CC(=O)N[C@H]1CCC[C@@H]1C(=O)N[C@H]1CCC[C@@H]1C(=O)N[C@H]1CCC[C@@H]1C(=O)N[C@H]1CCC[C@@H]1C(=O)N[C@H]1CCC[C@@H]1C(=O)N[C@H]1CCC[C@@H]1C(=O)N[C@H]1CCC[C@@H]1C(=O)N[C@H]1CCC[C@@H]1C(=O)N[C@@H](CC(=O)N[C@H]1CCC[C@@H]1C(=O)N[C@H]1CCC[C@@H]1C(=O)N[C@H]1CCC[C@@H]1C(N)=O)[C@@H](C)O,38,100,138,38,100,138,62,41,110,5,11,ok,7.9482e-05,20,3.9741e-06,3974.100,has-match,0,0,,,,,Query keeps atom elements but uses generic bonds.,
p0037,size-combinations,substruct,substruct_any_atom_bond,Substruct any atoms/bonds,0,2402226,1824863,CO[C@@H]1CC[C@@]2(C)[C@@H](C1)C[C@H](OS(=O)(=O)[O-])[C@@H]1[C@@H]2CC[C@]2(C)[C@@H]([C@H](C)CCC(=O)N3CCCC3)CC[C@@H]12.[Na+],CC(=O)N[C@H]1CCC[C@@H]1C(=O)N[C@H]1CCC[C@@H]1C(=O)N[C@H]1CCC[C@@H]1C(=O)N[C@H]1CCC[C@@H]1C(=O)N[C@H]1CCC[C@@H]1C(=O)N[C@H]1CCC[C@@H]1C(=O)N[C@H]1CCC[C@@H]1C(=O)N[C@H]1CCC[C@@H]1C(=O)N[C@@H](CC(=O)N[C@H]1CCC[C@@H]1C(=O)N[C@H]1CCC[C@@H]1C(=O)N[C@H]1CCC[C@@H]1C(N)=O)[C@@H](C)O,38,100,138,38,100,138,62,41,110,5,11,ok,0.000703458,20,3.51729e-05,35172.900,has-match,0,0,,,,,"Query uses generic atoms and generic bonds, similar to CompareAny topology.",
p0037,size-combinations,substruct,substruct_ring_atoms,Substruct ring-chain atoms,0,2402226,1824863,CO[C@@H]1CC[C@@]2(C)[C@@H](C1)C[C@H](OS(=O)(=O)[O-])[C@@H]1[C@@H]2CC[C@]2(C)[C@@H]([C@H](C)CCC(=O)N3CCCC3)CC[C@@H]12.[Na+],CC(=O)N[C@H]1CCC[C@@H]1C(=O)N[C@H]1CCC[C@@H]1C(=O)N[C@H]1CCC[C@@H]1C(=O)N[C@H]1CCC[C@@H]1C(=O)N[C@H]1CCC[C@@H]1C(=O)N[C@H]1CCC[C@@H]1C(=O)N[C@H]1CCC[C@@H]1C(=O)N[C@H]1CCC[C@@H]1C(=O)N[C@@H](CC(=O)N[C@H]1CCC[C@@H]1C(=O)N[C@H]1CCC[C@@H]1C(=O)N[C@H]1CCC[C@@H]1C(N)=O)[C@@H](C)O,38,100,138,38,100,138,62,41,110,5,11,ok,7.2804e-05,20,3.6402e-06,3640.200,has-match,0,0,,,,,Query adds ring/chain atom constraints; closest substruct analog to ringMatchesRingOnly.,
p0038,size-combinations,mcs,mcs_any_atom_bond,MCS CompareAny atoms/bonds,0,2329786,1834009,Cn1cc(CNC(=O)CN2C(=O)N(c3cccc(C(F)(F)F)c3)C3=C(C(=O)CC3)C2c2ccc(C#N)cc2)cn1,CCCCC1C[C@@H](C(=O)N[C@@H](CO)C(=O)N[C@@H](Cc2ccc(O)cc2)C(=O)N[C@H](Cc2ccc3ccccc3c2)C(=O)N[C@H](CC(C)C)C(=O)N[C@@H](CCCN=C(N)N)C(=O)N2CCC[C@H]2C(=O)N[C@H](C)C(N)=O)NC(=O)CC[C@H](NC(C)=O)C(=O)N[C@H](Cc2ccc(Cl)cc2)C(=O)N1,40,99,139,40,99,139,59,44,104,5,6,ok,1.00527545,1,1.00527545,1005275449.000,,,,38,38,1,"[#6]-[#7,#6](:,-[#6,#7]:,-[#6]-[#6]-[#7]-[#6](=[#8])-[#6]-[#7]-[#6](=[#8])-[#7,#6](-[#6,#7]:,-[#6]:,-[#6]:,-[#6]:,-[#6](-[#6](-,=[#9,#8])-[#9,#7]):,-[#6,#7])-[#6]-[#6]-[#6,#7]-[#6](-[#6]-[#6]-[#6]1:[#6]:[#6]:[#6](:[#6]:[#6]:1)-[#6,#17])=[#8]):,-[#7,#6]:,=[#6,#8]",Permissive MCS: any atom type and any bond type can match.,
p0038,size-combinations,mcs,mcs_elements_order,MCS elements/order,1,2329786,1834009,Cn1cc(CNC(=O)CN2C(=O)N(c3cccc(C(F)(F)F)c3)C3=C(C(=O)CC3)C2c2ccc(C#N)cc2)cn1,CCCCC1C[C@@H](C(=O)N[C@@H](CO)C(=O)N[C@@H](Cc2ccc(O)cc2)C(=O)N[C@H](Cc2ccc3ccccc3c2)C(=O)N[C@H](CC(C)C)C(=O)N[C@@H](CCCN=C(N)N)C(=O)N2CCC[C@H]2C(=O)N[C@H](C)C(N)=O)NC(=O)CC[C@H](NC(C)=O)C(=O)N[C@H](Cc2ccc(Cl)cc2)C(=O)N1,40,99,139,40,99,139,59,44,104,5,6,ok,0.014595904,1,0.014595904,14595904.000,,,,20,19,0,"[#7](-[#6](:,-[#6]):,-[#6]:,-[#6](:,-[#6])-[#6])-[#6]-[#6]-[#6]-[#6]-,:[#6]-,:[#6]-,:[#6](:[#6]:[#6]:[#6]-,:[#6]):[#6]:[#6]",Closest MCS counterpart to a raw SMILES substructure query.,
p0038,size-combinations,mcs,mcs_elements_order_maximize_atoms,MCS elements/order maximize atoms,0,2329786,1834009,Cn1cc(CNC(=O)CN2C(=O)N(c3cccc(C(F)(F)F)c3)C3=C(C(=O)CC3)C2c2ccc(C#N)cc2)cn1,CCCCC1C[C@@H](C(=O)N[C@@H](CO)C(=O)N[C@@H](Cc2ccc(O)cc2)C(=O)N[C@H](Cc2ccc3ccccc3c2)C(=O)N[C@H](CC(C)C)C(=O)N[C@@H](CCCN=C(N)N)C(=O)N2CCC[C@H]2C(=O)N[C@H](C)C(N)=O)NC(=O)CC[C@H](NC(C)=O)C(=O)N[C@H](Cc2ccc(Cl)cc2)C(=O)N1,40,99,139,40,99,139,59,44,104,5,6,ok,0.012599573,1,0.012599573,12599573.000,,,,20,19,0,"[#7](-[#6](:,-[#6]):,-[#6]:,-[#6](:,-[#6])-[#6])-[#6]-[#6]-[#6]-[#6]-,:[#6]-,:[#6]-,:[#6](:[#6]:[#6]:[#6]-,:[#6]):[#6]:[#6]","Same element/order comparison, but optimize atom count instead of bond count.",
p0038,size-combinations,mcs,mcs_elements_order_ring_atoms,MCS elements/order ring atoms,0,2329786,1834009,Cn1cc(CNC(=O)CN2C(=O)N(c3cccc(C(F)(F)F)c3)C3=C(C(=O)CC3)C2c2ccc(C#N)cc2)cn1,CCCCC1C[C@@H](C(=O)N[C@@H](CO)C(=O)N[C@@H](Cc2ccc(O)cc2)C(=O)N[C@H](Cc2ccc3ccccc3c2)C(=O)N[C@H](CC(C)C)C(=O)N[C@@H](CCCN=C(N)N)C(=O)N2CCC[C@H]2C(=O)N[C@H](C)C(N)=O)NC(=O)CC[C@H](NC(C)=O)C(=O)N[C@H](Cc2ccc(Cl)cc2)C(=O)N1,40,99,139,40,99,139,59,44,104,5,6,ok,0.001538154,1,0.001538154,1538154.000,,,,9,8,0,[#6&!R]-&!@[#7&!R]-&!@[#6&!R]-&!@[#6&!R]-&!@[#7&R](-&@[#6&R])-&@[#6&R]-&@[#6&R]-&@[#6&R],Ring atoms and ring bonds only match ring atoms and ring bonds.,
p0038,size-combinations,mcs,mcs_elements_order_whole_rings,MCS elements/order whole rings,0,2329786,1834009,Cn1cc(CNC(=O)CN2C(=O)N(c3cccc(C(F)(F)F)c3)C3=C(C(=O)CC3)C2c2ccc(C#N)cc2)cn1,CCCCC1C[C@@H](C(=O)N[C@@H](CO)C(=O)N[C@@H](Cc2ccc(O)cc2)C(=O)N[C@H](Cc2ccc3ccccc3c2)C(=O)N[C@H](CC(C)C)C(=O)N[C@@H](CCCN=C(N)N)C(=O)N2CCC[C@H]2C(=O)N[C@H](C)C(N)=O)NC(=O)CC[C@H](NC(C)=O)C(=O)N[C@H](Cc2ccc(Cl)cc2)C(=O)N1,40,99,139,40,99,139,59,44,104,5,6,ok,0.002027826,1,0.002027826,2027826.000,,,,7,7,0,[#6]1:&@[#6]:&@[#6]:&@[#6]:&@[#6](:&@[#6]:&@1)-&!@[#6],MCS completeRingsOnly=True; partial ring MCS results are rejected.,
p0038,size-combinations,mcs,mcs_elements_order_ring_atoms_whole_rings,MCS elements/order ring atoms + whole rings,0,2329786,1834009,Cn1cc(CNC(=O)CN2C(=O)N(c3cccc(C(F)(F)F)c3)C3=C(C(=O)CC3)C2c2ccc(C#N)cc2)cn1,CCCCC1C[C@@H](C(=O)N[C@@H](CO)C(=O)N[C@@H](Cc2ccc(O)cc2)C(=O)N[C@H](Cc2ccc3ccccc3c2)C(=O)N[C@H](CC(C)C)C(=O)N[C@@H](CCCN=C(N)N)C(=O)N2CCC[C@H]2C(=O)N[C@H](C)C(N)=O)NC(=O)CC[C@H](NC(C)=O)C(=O)N[C@H](Cc2ccc(Cl)cc2)C(=O)N1,40,99,139,40,99,139,59,44,104,5,6,ok,0.001321648,1,0.001321648,1321648.000,,,,7,7,0,[#6]1:&@[#6]:&@[#6]:&@[#6]:&@[#6](:&@[#6]:&@1)-&!@[#6&!R],Both ringMatchesRingOnly and completeRingsOnly are enabled.,
p0038,size-combinations,substruct,substruct_smiles,Substruct raw SMILES,1,2329786,1834009,Cn1cc(CNC(=O)CN2C(=O)N(c3cccc(C(F)(F)F)c3)C3=C(C(=O)CC3)C2c2ccc(C#N)cc2)cn1,CCCCC1C[C@@H](C(=O)N[C@@H](CO)C(=O)N[C@@H](Cc2ccc(O)cc2)C(=O)N[C@H](Cc2ccc3ccccc3c2)C(=O)N[C@H](CC(C)C)C(=O)N[C@@H](CCCN=C(N)N)C(=O)N2CCC[C@H]2C(=O)N[C@H](C)C(N)=O)NC(=O)CC[C@H](NC(C)=O)C(=O)N[C@H](Cc2ccc(Cl)cc2)C(=O)N1,40,99,139,40,99,139,59,44,104,5,6,ok,8.2079e-05,20,4.10395e-06,4103.950,has-match,0,0,,,,,Best SMILES-substructure baseline. Substructure has no direct completeRingsOnly option.,
p0038,size-combinations,substruct,substruct_elements_any_bond,Substruct elements/any bond,0,2329786,1834009,Cn1cc(CNC(=O)CN2C(=O)N(c3cccc(C(F)(F)F)c3)C3=C(C(=O)CC3)C2c2ccc(C#N)cc2)cn1,CCCCC1C[C@@H](C(=O)N[C@@H](CO)C(=O)N[C@@H](Cc2ccc(O)cc2)C(=O)N[C@H](Cc2ccc3ccccc3c2)C(=O)N[C@H](CC(C)C)C(=O)N[C@@H](CCCN=C(N)N)C(=O)N2CCC[C@H]2C(=O)N[C@H](C)C(N)=O)NC(=O)CC[C@H](NC(C)=O)C(=O)N[C@H](Cc2ccc(Cl)cc2)C(=O)N1,40,99,139,40,99,139,59,44,104,5,6,ok,8.1387e-05,20,4.06935e-06,4069.350,has-match,0,0,,,,,Query keeps atom elements but uses generic bonds.,
p0038,size-combinations,substruct,substruct_any_atom_bond,Substruct any atoms/bonds,0,2329786,1834009,Cn1cc(CNC(=O)CN2C(=O)N(c3cccc(C(F)(F)F)c3)C3=C(C(=O)CC3)C2c2ccc(C#N)cc2)cn1,CCCCC1C[C@@H](C(=O)N[C@@H](CO)C(=O)N[C@@H](Cc2ccc(O)cc2)C(=O)N[C@H](Cc2ccc3ccccc3c2)C(=O)N[C@H](CC(C)C)C(=O)N[C@@H](CCCN=C(N)N)C(=O)N2CCC[C@H]2C(=O)N[C@H](C)C(N)=O)NC(=O)CC[C@H](NC(C)=O)C(=O)N[C@H](Cc2ccc(Cl)cc2)C(=O)N1,40,99,139,40,99,139,59,44,104,5,6,ok,0.000974819,20,4.874095e-05,48740.950,has-match,0,0,,,,,"Query uses generic atoms and generic bonds, similar to CompareAny topology.",
p0038,size-combinations,substruct,substruct_ring_atoms,Substruct ring-chain atoms,0,2329786,1834009,Cn1cc(CNC(=O)CN2C(=O)N(c3cccc(C(F)(F)F)c3)C3=C(C(=O)CC3)C2c2ccc(C#N)cc2)cn1,CCCCC1C[C@@H](C(=O)N[C@@H](CO)C(=O)N[C@@H](Cc2ccc(O)cc2)C(=O)N[C@H](Cc2ccc3ccccc3c2)C(=O)N[C@H](CC(C)C)C(=O)N[C@@H](CCCN=C(N)N)C(=O)N2CCC[C@H]2C(=O)N[C@H](C)C(N)=O)NC(=O)CC[C@H](NC(C)=O)C(=O)N[C@H](Cc2ccc(Cl)cc2)C(=O)N1,40,99,139,40,99,139,59,44,104,5,6,ok,7.9038e-05,20,3.9519e-06,3951.900,has-match,0,0,,,,,Query adds ring/chain atom constraints; closest substruct analog to ringMatchesRingOnly.,
p0039,size-combinations,mcs,mcs_any_atom_bond,MCS CompareAny atoms/bonds,0,1608477,729020,COc1ccc(-c2ccc3c(c2)S(=O)(=O)c2cccc(C(=O)NCc4cc(C)oc4C(F)(F)F)c2C3=O)cc1OC,COC(=O)N[C@H](C(=O)N1CCC[C@H]1c1ncc(-c2cc(F)c3c(c2)OC(c2ccc4c(c2)OCCC42CC2)n2c-3cc3cc(-c4cnc([C@@H]5CCCN5C(=O)[C@@H](NC(=O)OC)C(C)C)[nH]4)ccc32)[nH]1)C(C)C.O=C(O)C(F)(F)F.O=C(O)C(F)(F)F,41,86,127,41,86,127,45,45,94,5,11,ok,1.01426236,1,1.01426236,1014262357.000,,,,38,40,1,"[#6]-[#8,#6]-[#6]1:[#6]:[#6]:[#6](:[#6]:[#6]:1-[#8]-[#6])-[#6]1:,-[#6,#8]:,-[#6]:[#6](:,-[#6](:[#6,#7]:,-1)-,:[#16,#6]-,:[#6]1:[#6]:[#6]:[#6]:[#6](:[#6]:1)-[#6](=,:[#8,#6])-,:[#7]-,:[#6]-[#6]:,-[#6,#7]:,-[#6](-,=[#6,#8]):,-[#8,#6]:,-[#6,#7]-[#6](-,=[#9,#8])-[#9,#8])-,:[#6]=,:[#8,#6]",Permissive MCS: any atom type and any bond type can match.,
p0039,size-combinations,mcs,mcs_elements_order,MCS elements/order,1,1608477,729020,COc1ccc(-c2ccc3c(c2)S(=O)(=O)c2cccc(C(=O)NCc4cc(C)oc4C(F)(F)F)c2C3=O)cc1OC,COC(=O)N[C@H](C(=O)N1CCC[C@H]1c1ncc(-c2cc(F)c3c(c2)OC(c2ccc4c(c2)OCCC42CC2)n2c-3cc3cc(-c4cnc([C@@H]5CCCN5C(=O)[C@@H](NC(=O)OC)C(C)C)[nH]4)ccc32)[nH]1)C(C)C.O=C(O)C(F)(F)F.O=C(O)C(F)(F)F,41,86,127,41,86,127,45,45,94,5,11,ok,0.402634873,1,0.402634873,402634873.000,,,,25,25,0,"[#6]:[#6]-[#6]1:[#6]:[#6]:[#6](:[#6]:[#6]:1)-[#6]-,:[#6]:[#6](:[#6]:[#6]:,-[#6]:[#6])-,:[#6]-,:[#7]-[#6]-[#6](:[#6]:[#6](-,:[#6]):,-[#8]):[#6]-,:[#6]",Closest MCS counterpart to a raw SMILES substructure query.,
p0039,size-combinations,mcs,mcs_elements_order_maximize_atoms,MCS elements/order maximize atoms,0,1608477,729020,COc1ccc(-c2ccc3c(c2)S(=O)(=O)c2cccc(C(=O)NCc4cc(C)oc4C(F)(F)F)c2C3=O)cc1OC,COC(=O)N[C@H](C(=O)N1CCC[C@H]1c1ncc(-c2cc(F)c3c(c2)OC(c2ccc4c(c2)OCCC42CC2)n2c-3cc3cc(-c4cnc([C@@H]5CCCN5C(=O)[C@@H](NC(=O)OC)C(C)C)[nH]4)ccc32)[nH]1)C(C)C.O=C(O)C(F)(F)F.O=C(O)C(F)(F)F,41,86,127,41,86,127,45,45,94,5,11,ok,0.347700171,1,0.347700171,347700171.000,,,,25,25,0,"[#6]:[#6]-[#6]1:[#6]:[#6]:[#6](:[#6]:[#6]:1)-[#6]-,:[#6]:[#6](:[#6]:[#6]:,-[#6]:[#6])-,:[#6]-,:[#7]-[#6]-[#6](:[#6]:[#6](-,:[#6]):,-[#8]):[#6]-,:[#6]","Same element/order comparison, but optimize atom count instead of bond count.",
p0039,size-combinations,mcs,mcs_elements_order_ring_atoms,MCS elements/order ring atoms,0,1608477,729020,COc1ccc(-c2ccc3c(c2)S(=O)(=O)c2cccc(C(=O)NCc4cc(C)oc4C(F)(F)F)c2C3=O)cc1OC,COC(=O)N[C@H](C(=O)N1CCC[C@H]1c1ncc(-c2cc(F)c3c(c2)OC(c2ccc4c(c2)OCCC42CC2)n2c-3cc3cc(-c4cnc([C@@H]5CCCN5C(=O)[C@@H](NC(=O)OC)C(C)C)[nH]4)ccc32)[nH]1)C(C)C.O=C(O)C(F)(F)F.O=C(O)C(F)(F)F,41,86,127,41,86,127,45,45,94,5,11,ok,0.004807974,1,0.004807974,4807974.000,,,,15,15,0,"[#6&R]:&@[#6&R]-&!@[#6]1:&@[#6]:&@[#6]:&@[#6](:&@[#6]:&@[#6]:&@1)-&@[#6&R]-,:;@[#6&R]:&@[#6&R]:&@[#6&R]:&@[#6&R]:&@[#6&R]:&@[#6&R]",Ring atoms and ring bonds only match ring atoms and ring bonds.,
p0039,size-combinations,mcs,mcs_elements_order_whole_rings,MCS elements/order whole rings,0,1608477,729020,COc1ccc(-c2ccc3c(c2)S(=O)(=O)c2cccc(C(=O)NCc4cc(C)oc4C(F)(F)F)c2C3=O)cc1OC,COC(=O)N[C@H](C(=O)N1CCC[C@H]1c1ncc(-c2cc(F)c3c(c2)OC(c2ccc4c(c2)OCCC42CC2)n2c-3cc3cc(-c4cnc([C@@H]5CCCN5C(=O)[C@@H](NC(=O)OC)C(C)C)[nH]4)ccc32)[nH]1)C(C)C.O=C(O)C(F)(F)F.O=C(O)C(F)(F)F,41,86,127,41,86,127,45,45,94,5,11,ok,0.016486599,1,0.016486599,16486599.000,,,,7,7,0,[#6]1:&@[#6]:&@[#6]:&@[#6](:&@[#6]:&@[#6]:&@1)-&!@[#6],MCS completeRingsOnly=True; partial ring MCS results are rejected.,
p0039,size-combinations,mcs,mcs_elements_order_ring_atoms_whole_rings,MCS elements/order ring atoms + whole rings,0,1608477,729020,COc1ccc(-c2ccc3c(c2)S(=O)(=O)c2cccc(C(=O)NCc4cc(C)oc4C(F)(F)F)c2C3=O)cc1OC,COC(=O)N[C@H](C(=O)N1CCC[C@H]1c1ncc(-c2cc(F)c3c(c2)OC(c2ccc4c(c2)OCCC42CC2)n2c-3cc3cc(-c4cnc([C@@H]5CCCN5C(=O)[C@@H](NC(=O)OC)C(C)C)[nH]4)ccc32)[nH]1)C(C)C.O=C(O)C(F)(F)F.O=C(O)C(F)(F)F,41,86,127,41,86,127,45,45,94,5,11,ok,0.008782945,1,0.008782945,8782945.000,,,,7,7,0,[#6]1:&@[#6]:&@[#6]:&@[#6](:&@[#6]:&@[#6]:&@1)-&!@[#6&R],Both ringMatchesRingOnly and completeRingsOnly are enabled.,
p0039,size-combinations,substruct,substruct_smiles,Substruct raw SMILES,1,1608477,729020,COc1ccc(-c2ccc3c(c2)S(=O)(=O)c2cccc(C(=O)NCc4cc(C)oc4C(F)(F)F)c2C3=O)cc1OC,COC(=O)N[C@H](C(=O)N1CCC[C@H]1c1ncc(-c2cc(F)c3c(c2)OC(c2ccc4c(c2)OCCC42CC2)n2c-3cc3cc(-c4cnc([C@@H]5CCCN5C(=O)[C@@H](NC(=O)OC)C(C)C)[nH]4)ccc32)[nH]1)C(C)C.O=C(O)C(F)(F)F.O=C(O)C(F)(F)F,41,86,127,41,86,127,45,45,94,5,11,ok,9.7013e-05,20,4.85065e-06,4850.650,has-match,0,0,,,,,Best SMILES-substructure baseline. Substructure has no direct completeRingsOnly option.,
p0039,size-combinations,substruct,substruct_elements_any_bond,Substruct elements/any bond,0,1608477,729020,COc1ccc(-c2ccc3c(c2)S(=O)(=O)c2cccc(C(=O)NCc4cc(C)oc4C(F)(F)F)c2C3=O)cc1OC,COC(=O)N[C@H](C(=O)N1CCC[C@H]1c1ncc(-c2cc(F)c3c(c2)OC(c2ccc4c(c2)OCCC42CC2)n2c-3cc3cc(-c4cnc([C@@H]5CCCN5C(=O)[C@@H](NC(=O)OC)C(C)C)[nH]4)ccc32)[nH]1)C(C)C.O=C(O)C(F)(F)F.O=C(O)C(F)(F)F,41,86,127,41,86,127,45,45,94,5,11,ok,9.6812e-05,20,4.8406e-06,4840.600,has-match,0,0,,,,,Query keeps atom elements but uses generic bonds.,
p0039,size-combinations,substruct,substruct_any_atom_bond,Substruct any atoms/bonds,0,1608477,729020,COc1ccc(-c2ccc3c(c2)S(=O)(=O)c2cccc(C(=O)NCc4cc(C)oc4C(F)(F)F)c2C3=O)cc1OC,COC(=O)N[C@H](C(=O)N1CCC[C@H]1c1ncc(-c2cc(F)c3c(c2)OC(c2ccc4c(c2)OCCC42CC2)n2c-3cc3cc(-c4cnc([C@@H]5CCCN5C(=O)[C@@H](NC(=O)OC)C(C)C)[nH]4)ccc32)[nH]1)C(C)C.O=C(O)C(F)(F)F.O=C(O)C(F)(F)F,41,86,127,41,86,127,45,45,94,5,11,ok,0.002656691,20,0.00013283455,132834.550,has-match,0,0,,,,,"Query uses generic atoms and generic bonds, similar to CompareAny topology.",
p0039,size-combinations,substruct,substruct_ring_atoms,Substruct ring-chain atoms,0,1608477,729020,COc1ccc(-c2ccc3c(c2)S(=O)(=O)c2cccc(C(=O)NCc4cc(C)oc4C(F)(F)F)c2C3=O)cc1OC,COC(=O)N[C@H](C(=O)N1CCC[C@H]1c1ncc(-c2cc(F)c3c(c2)OC(c2ccc4c(c2)OCCC42CC2)n2c-3cc3cc(-c4cnc([C@@H]5CCCN5C(=O)[C@@H](NC(=O)OC)C(C)C)[nH]4)ccc32)[nH]1)C(C)C.O=C(O)C(F)(F)F.O=C(O)C(F)(F)F,41,86,127,41,86,127,45,45,94,5,11,ok,7.0982e-05,20,3.5491e-06,3549.100,has-match,0,0,,,,,Query adds ring/chain atom constraints; closest substruct analog to ringMatchesRingOnly.,
p0040,size-combinations,mcs,mcs_any_atom_bond,MCS CompareAny atoms/bonds,0,330967,1945731,CCCCc1nn(-c2ccccc2C(F)(F)F)c(C(=O)OCC)c1Cc1ccc(-c2ccccc2-c2nn[nH]n2)cc1,C=CC(=O)Nc1cccc(N2C(=O)C(Cc3ccc(Cl)cc3)N(C)C(=O)c3cnc(Nc4ccc(N5CCN(C)CC5)cc4OC)nc32)c1,42,49,91,42,49,91,7,46,54,5,6,ok,1.00711987,1,1.00711987,1007119868.000,,,,39,38,1,"[#6]-[#6]-[#6]-[#6]-[#6,#7](:,-[#7,#6]:[#7,#6]-,:[#6](:[#6]:[#6]:[#6]):,-[#6,#7]-[#6](-[#9,#6])-,=[#9,#8]):,-[#6](:[#6]-[#6](=[#8])-[#8,#7]-[#6])-,:[#6,#7]-,:[#6](:[#6,#7]:[#6]):,-[#6,#7]:,-[#6]:[#6]-,:[#6]:[#6](:[#6]:[#6]:,-[#6,#8]:,-[#6])-[#6,#7](:,-[#7,#6]:,-[#7,#6]):,-[#7,#6]:,-[#7,#6]",Permissive MCS: any atom type and any bond type can match.,
p0040,size-combinations,mcs,mcs_elements_order,MCS elements/order,1,330967,1945731,CCCCc1nn(-c2ccccc2C(F)(F)F)c(C(=O)OCC)c1Cc1ccc(-c2ccccc2-c2nn[nH]n2)cc1,C=CC(=O)Nc1cccc(N2C(=O)C(Cc3ccc(Cl)cc3)N(C)C(=O)c3cnc(Nc4ccc(N5CCN(C)CC5)cc4OC)nc32)c1,42,49,91,42,49,91,7,46,54,5,6,ok,0.025630794,1,0.025630794,25630794.000,,,,16,17,0,"[#7](-[#6]1:[#6]:[#6]:[#6]:[#6]:[#6]:1):,-[#6]:,-[#6]-[#6]-[#6]1:[#6]:[#6]:[#6]:[#6]:[#6]:1",Closest MCS counterpart to a raw SMILES substructure query.,
p0040,size-combinations,mcs,mcs_elements_order_maximize_atoms,MCS elements/order maximize atoms,0,330967,1945731,CCCCc1nn(-c2ccccc2C(F)(F)F)c(C(=O)OCC)c1Cc1ccc(-c2ccccc2-c2nn[nH]n2)cc1,C=CC(=O)Nc1cccc(N2C(=O)C(Cc3ccc(Cl)cc3)N(C)C(=O)c3cnc(Nc4ccc(N5CCN(C)CC5)cc4OC)nc32)c1,42,49,91,42,49,91,7,46,54,5,6,ok,0.023884252,1,0.023884252,23884252.000,,,,16,17,0,"[#7](-[#6]1:[#6]:[#6]:[#6]:[#6]:[#6]:1):,-[#6]:,-[#6]-[#6]-[#6]1:[#6]:[#6]:[#6]:[#6]:[#6]:1","Same element/order comparison, but optimize atom count instead of bond count.",
p0040,size-combinations,mcs,mcs_elements_order_ring_atoms,MCS elements/order ring atoms,0,330967,1945731,CCCCc1nn(-c2ccccc2C(F)(F)F)c(C(=O)OCC)c1Cc1ccc(-c2ccccc2-c2nn[nH]n2)cc1,C=CC(=O)Nc1cccc(N2C(=O)C(Cc3ccc(Cl)cc3)N(C)C(=O)c3cnc(Nc4ccc(N5CCN(C)CC5)cc4OC)nc32)c1,42,49,91,42,49,91,7,46,54,5,6,ok,0.001757257,1,0.001757257,1757257.000,,,,16,17,0,"[#7&R](-&!@[#6]1:&@[#6]:&@[#6]:&@[#6]:&@[#6]:&@[#6]:&@1):,-;@[#6&R]:,-;@[#6&R]-&!@[#6&!R]-&!@[#6]1:&@[#6]:&@[#6]:&@[#6]:&@[#6]:&@[#6]:&@1",Ring atoms and ring bonds only match ring atoms and ring bonds.,
p0040,size-combinations,mcs,mcs_elements_order_whole_rings,MCS elements/order whole rings,0,330967,1945731,CCCCc1nn(-c2ccccc2C(F)(F)F)c(C(=O)OCC)c1Cc1ccc(-c2ccccc2-c2nn[nH]n2)cc1,C=CC(=O)Nc1cccc(N2C(=O)C(Cc3ccc(Cl)cc3)N(C)C(=O)c3cnc(Nc4ccc(N5CCN(C)CC5)cc4OC)nc32)c1,42,49,91,42,49,91,7,46,54,5,6,ok,0.002162763,1,0.002162763,2162763.000,,,,8,8,0,[#6]-&!@[#6]-&!@[#6]1:&@[#6]:&@[#6]:&@[#6]:&@[#6]:&@[#6]:&@1,MCS completeRingsOnly=True; partial ring MCS results are rejected.,
p0040,size-combinations,mcs,mcs_elements_order_ring_atoms_whole_rings,MCS elements/order ring atoms + whole rings,0,330967,1945731,CCCCc1nn(-c2ccccc2C(F)(F)F)c(C(=O)OCC)c1Cc1ccc(-c2ccccc2-c2nn[nH]n2)cc1,C=CC(=O)Nc1cccc(N2C(=O)C(Cc3ccc(Cl)cc3)N(C)C(=O)c3cnc(Nc4ccc(N5CCN(C)CC5)cc4OC)nc32)c1,42,49,91,42,49,91,7,46,54,5,6,ok,0.001100721,1,0.001100721,1100721.000,,,,8,8,0,[#6&R]-&!@[#6&!R]-&!@[#6]1:&@[#6]:&@[#6]:&@[#6]:&@[#6]:&@[#6]:&@1,Both ringMatchesRingOnly and completeRingsOnly are enabled.,
p0040,size-combinations,substruct,substruct_smiles,Substruct raw SMILES,1,330967,1945731,CCCCc1nn(-c2ccccc2C(F)(F)F)c(C(=O)OCC)c1Cc1ccc(-c2ccccc2-c2nn[nH]n2)cc1,C=CC(=O)Nc1cccc(N2C(=O)C(Cc3ccc(Cl)cc3)N(C)C(=O)c3cnc(Nc4ccc(N5CCN(C)CC5)cc4OC)nc32)c1,42,49,91,42,49,91,7,46,54,5,6,ok,8.9758e-05,20,4.4879e-06,4487.900,has-match,0,0,,,,,Best SMILES-substructure baseline. Substructure has no direct completeRingsOnly option.,
p0040,size-combinations,substruct,substruct_elements_any_bond,Substruct elements/any bond,0,330967,1945731,CCCCc1nn(-c2ccccc2C(F)(F)F)c(C(=O)OCC)c1Cc1ccc(-c2ccccc2-c2nn[nH]n2)cc1,C=CC(=O)Nc1cccc(N2C(=O)C(Cc3ccc(Cl)cc3)N(C)C(=O)c3cnc(Nc4ccc(N5CCN(C)CC5)cc4OC)nc32)c1,42,49,91,42,49,91,7,46,54,5,6,ok,0.000233743,20,1.168715e-05,11687.150,has-match,0,0,,,,,Query keeps atom elements but uses generic bonds.,
p0040,size-combinations,substruct,substruct_any_atom_bond,Substruct any atoms/bonds,0,330967,1945731,CCCCc1nn(-c2ccccc2C(F)(F)F)c(C(=O)OCC)c1Cc1ccc(-c2ccccc2-c2nn[nH]n2)cc1,C=CC(=O)Nc1cccc(N2C(=O)C(Cc3ccc(Cl)cc3)N(C)C(=O)c3cnc(Nc4ccc(N5CCN(C)CC5)cc4OC)nc32)c1,42,49,91,42,49,91,7,46,54,5,6,ok,0.002100887,20,0.00010504435,105044.350,has-match,0,0,,,,,"Query uses generic atoms and generic bonds, similar to CompareAny topology.",
p0040,size-combinations,substruct,substruct_ring_atoms,Substruct ring-chain atoms,0,330967,1945731,CCCCc1nn(-c2ccccc2C(F)(F)F)c(C(=O)OCC)c1Cc1ccc(-c2ccccc2-c2nn[nH]n2)cc1,C=CC(=O)Nc1cccc(N2C(=O)C(Cc3ccc(Cl)cc3)N(C)C(=O)c3cnc(Nc4ccc(N5CCN(C)CC5)cc4OC)nc32)c1,42,49,91,42,49,91,7,46,54,5,6,ok,6.2005e-05,20,3.10025e-06,3100.250,has-match,0,0,,,,,Query adds ring/chain atom constraints; closest substruct analog to ringMatchesRingOnly.,
p0041,size-combinations,mcs,mcs_any_atom_bond,MCS CompareAny atoms/bonds,0,330967,1839467,CCCCc1nn(-c2ccccc2C(F)(F)F)c(C(=O)OCC)c1Cc1ccc(-c2ccccc2-c2nn[nH]n2)cc1,CC[C@H]1OC(=O)[C@H](C)C(=O)[C@H](C)[C@@H](O[C@@H]2O[C@H](C)C[C@H](N(C)C)[C@H]2O)[C@](C)(OC/C=C/c2ccccc2)C[C@@H](C)C(=O)[C@H](C)[C@H]2NC(=O)O[C@@]21C,42,51,93,42,51,93,9,46,54,5,4,ok,1.01705594,1,1.01705594,1017055936.000,,,,38,37,1,"[#6,#8]-,=[#6]-[#6]-[#6]-[#6](:,-[#7,#8]:,-[#7,#6]-[#6]:,=[#6]:,-[#6]:[#6]:[#6]:[#6]-,:[#6]-,:[#9,#6]):,-[#6](:,-[#6,#8]-[#6](=,-[#8])-[#8,#6]-[#6]-[#6])-[#6]-[#6](:,=[#6,#8]):,-[#6]:,-[#6]:,-[#6,#8]-[#6](:,-[#6]:,-[#6]):,-[#6](:,-[#6,#8]:,-[#6])-[#6](:,-[#7,#6]:,-[#7,#6]):,-[#7]",Permissive MCS: any atom type and any bond type can match.,
p0041,size-combinations,mcs,mcs_elements_order,MCS elements/order,1,330967,1839467,CCCCc1nn(-c2ccccc2C(F)(F)F)c(C(=O)OCC)c1Cc1ccc(-c2ccccc2-c2nn[nH]n2)cc1,CC[C@H]1OC(=O)[C@H](C)C(=O)[C@H](C)[C@@H](O[C@@H]2O[C@H](C)C[C@H](N(C)C)[C@H]2O)[C@](C)(OC/C=C/c2ccccc2)C[C@@H](C)C(=O)[C@H](C)[C@H]2NC(=O)O[C@@]21C,42,51,93,42,51,93,9,46,54,5,4,ok,0.024064894,1,0.024064894,24064894.000,,,,19,18,0,"[#6]-[#6]-[#6]-[#6]-[#6](:,-[#7]):,-[#6](:,-[#6])-[#6]-[#6](:,-[#6]:,-[#6]:,-[#6]-[#6](:,-[#6]:,-[#6]:,-[#6]):,-[#6]):,-[#6]",Closest MCS counterpart to a raw SMILES substructure query.,
p0041,size-combinations,mcs,mcs_elements_order_maximize_atoms,MCS elements/order maximize atoms,0,330967,1839467,CCCCc1nn(-c2ccccc2C(F)(F)F)c(C(=O)OCC)c1Cc1ccc(-c2ccccc2-c2nn[nH]n2)cc1,CC[C@H]1OC(=O)[C@H](C)C(=O)[C@H](C)[C@@H](O[C@@H]2O[C@H](C)C[C@H](N(C)C)[C@H]2O)[C@](C)(OC/C=C/c2ccccc2)C[C@@H](C)C(=O)[C@H](C)[C@H]2NC(=O)O[C@@]21C,42,51,93,42,51,93,9,46,54,5,4,ok,0.024055296,1,0.024055296,24055296.000,,,,19,18,0,"[#6]-[#6]-[#6]-[#6]-[#6](:,-[#7]):,-[#6](:,-[#6])-[#6]-[#6](:,-[#6]:,-[#6]:,-[#6]-[#6](:,-[#6]:,-[#6]:,-[#6]):,-[#6]):,-[#6]","Same element/order comparison, but optimize atom count instead of bond count.",
p0041,size-combinations,mcs,mcs_elements_order_ring_atoms,MCS elements/order ring atoms,0,330967,1839467,CCCCc1nn(-c2ccccc2C(F)(F)F)c(C(=O)OCC)c1Cc1ccc(-c2ccccc2-c2nn[nH]n2)cc1,CC[C@H]1OC(=O)[C@H](C)C(=O)[C@H](C)[C@@H](O[C@@H]2O[C@H](C)C[C@H](N(C)C)[C@H]2O)[C@](C)(OC/C=C/c2ccccc2)C[C@@H](C)C(=O)[C@H](C)[C@H]2NC(=O)O[C@@]21C,42,51,93,42,51,93,9,46,54,5,4,ok,0.001097127,1,0.001097127,1097127.000,,,,7,7,0,[#6]1:&@[#6]:&@[#6]:&@[#6]:&@[#6]:&@[#6]:&@1-&!@[#6&!R],Ring atoms and ring bonds only match ring atoms and ring bonds.,
p0041,size-combinations,mcs,mcs_elements_order_whole_rings,MCS elements/order whole rings,0,330967,1839467,CCCCc1nn(-c2ccccc2C(F)(F)F)c(C(=O)OCC)c1Cc1ccc(-c2ccccc2-c2nn[nH]n2)cc1,CC[C@H]1OC(=O)[C@H](C)C(=O)[C@H](C)[C@@H](O[C@@H]2O[C@H](C)C[C@H](N(C)C)[C@H]2O)[C@](C)(OC/C=C/c2ccccc2)C[C@@H](C)C(=O)[C@H](C)[C@H]2NC(=O)O[C@@]21C,42,51,93,42,51,93,9,46,54,5,4,ok,0.001874573,1,0.001874573,1874573.000,,,,7,7,0,[#6]1:&@[#6]:&@[#6]:&@[#6]:&@[#6]:&@[#6]:&@1-&!@[#6],MCS completeRingsOnly=True; partial ring MCS results are rejected.,
p0041,size-combinations,mcs,mcs_elements_order_ring_atoms_whole_rings,MCS elements/order ring atoms + whole rings,0,330967,1839467,CCCCc1nn(-c2ccccc2C(F)(F)F)c(C(=O)OCC)c1Cc1ccc(-c2ccccc2-c2nn[nH]n2)cc1,CC[C@H]1OC(=O)[C@H](C)C(=O)[C@H](C)[C@@H](O[C@@H]2O[C@H](C)C[C@H](N(C)C)[C@H]2O)[C@](C)(OC/C=C/c2ccccc2)C[C@@H](C)C(=O)[C@H](C)[C@H]2NC(=O)O[C@@]21C,42,51,93,42,51,93,9,46,54,5,4,ok,0.000862383,1,0.000862383,862383.000,,,,7,7,0,[#6]1:&@[#6]:&@[#6]:&@[#6]:&@[#6]:&@[#6]:&@1-&!@[#6&!R],Both ringMatchesRingOnly and completeRingsOnly are enabled.,
p0041,size-combinations,substruct,substruct_smiles,Substruct raw SMILES,1,330967,1839467,CCCCc1nn(-c2ccccc2C(F)(F)F)c(C(=O)OCC)c1Cc1ccc(-c2ccccc2-c2nn[nH]n2)cc1,CC[C@H]1OC(=O)[C@H](C)C(=O)[C@H](C)[C@@H](O[C@@H]2O[C@H](C)C[C@H](N(C)C)[C@H]2O)[C@](C)(OC/C=C/c2ccccc2)C[C@@H](C)C(=O)[C@H](C)[C@H]2NC(=O)O[C@@]21C,42,51,93,42,51,93,9,46,54,5,4,ok,0.000184491,20,9.22455e-06,9224.550,has-match,0,0,,,,,Best SMILES-substructure baseline. Substructure has no direct completeRingsOnly option.,
p0041,size-combinations,substruct,substruct_elements_any_bond,Substruct elements/any bond,0,330967,1839467,CCCCc1nn(-c2ccccc2C(F)(F)F)c(C(=O)OCC)c1Cc1ccc(-c2ccccc2-c2nn[nH]n2)cc1,CC[C@H]1OC(=O)[C@H](C)C(=O)[C@H](C)[C@@H](O[C@@H]2O[C@H](C)C[C@H](N(C)C)[C@H]2O)[C@](C)(OC/C=C/c2ccccc2)C[C@@H](C)C(=O)[C@H](C)[C@H]2NC(=O)O[C@@]21C,42,51,93,42,51,93,9,46,54,5,4,ok,0.000218076,20,1.09038e-05,10903.800,has-match,0,0,,,,,Query keeps atom elements but uses generic bonds.,
p0041,size-combinations,substruct,substruct_any_atom_bond,Substruct any atoms/bonds,0,330967,1839467,CCCCc1nn(-c2ccccc2C(F)(F)F)c(C(=O)OCC)c1Cc1ccc(-c2ccccc2-c2nn[nH]n2)cc1,CC[C@H]1OC(=O)[C@H](C)C(=O)[C@H](C)[C@@H](O[C@@H]2O[C@H](C)C[C@H](N(C)C)[C@H]2O)[C@](C)(OC/C=C/c2ccccc2)C[C@@H](C)C(=O)[C@H](C)[C@H]2NC(=O)O[C@@]21C,42,51,93,42,51,93,9,46,54,5,4,ok,0.001225448,20,6.12724e-05,61272.400,has-match,0,0,,,,,"Query uses generic atoms and generic bonds, similar to CompareAny topology.",
p0041,size-combinations,substruct,substruct_ring_atoms,Substruct ring-chain atoms,0,330967,1839467,CCCCc1nn(-c2ccccc2C(F)(F)F)c(C(=O)OCC)c1Cc1ccc(-c2ccccc2-c2nn[nH]n2)cc1,CC[C@H]1OC(=O)[C@H](C)C(=O)[C@H](C)[C@@H](O[C@@H]2O[C@H](C)C[C@H](N(C)C)[C@H]2O)[C@](C)(OC/C=C/c2ccccc2)C[C@@H](C)C(=O)[C@H](C)[C@H]2NC(=O)O[C@@]21C,42,51,93,42,51,93,9,46,54,5,4,ok,5.7037e-05,20,2.85185e-06,2851.850,has-match,0,0,,,,,Query adds ring/chain atom constraints; closest substruct analog to ringMatchesRingOnly.,
p0042,size-combinations,mcs,mcs_any_atom_bond,MCS CompareAny atoms/bonds,0,330967,1835593,CCCCc1nn(-c2ccccc2C(F)(F)F)c(C(=O)OCC)c1Cc1ccc(-c2ccccc2-c2nn[nH]n2)cc1,CCC[C@H](NC(=O)[C@@H]1C[C@@H](OC(=O)N2CCc3ccccc3C2)CN1C(=O)[C@@H](NC(=O)[C@@H](NC(=O)CCCCn1cnnn1)C(C)C)C(C)C)C(=O)C(=O)NC(=O)CN,42,59,101,42,59,101,17,46,62,5,4,ok,1.0148829,1,1.0148829,1014882901.000,,,,37,37,1,"[#6]-[#6](:,-[#7,#6]:,-[#7]-[#6](:,-[#6]:,-[#6]:,-[#6]):,-[#6](:,=[#6,#8])-[#6](-,=[#9,#8])-[#9,#7]):,-[#6,#7](:,-[#6]-[#6]-[#8]-[#6]-,=[#6,#8])-[#6]-[#6](:,-[#6]:,-[#6]):,-[#6,#7]:,-[#6]:,-[#6]-[#6,#7]:,-[#6]:,-[#6]:,-[#6]:,-[#6]:,-[#6]-[#6,#7]1:[#7,#6]:[#7]:[#7]:[#7]:1",Permissive MCS: any atom type and any bond type can match.,
p0042,size-combinations,mcs,mcs_elements_order,MCS elements/order,1,330967,1835593,CCCCc1nn(-c2ccccc2C(F)(F)F)c(C(=O)OCC)c1Cc1ccc(-c2ccccc2-c2nn[nH]n2)cc1,CCC[C@H](NC(=O)[C@@H]1C[C@@H](OC(=O)N2CCc3ccccc3C2)CN1C(=O)[C@@H](NC(=O)[C@@H](NC(=O)CCCCn1cnnn1)C(C)C)C(C)C)C(=O)C(=O)NC(=O)CN,42,59,101,42,59,101,17,46,62,5,4,ok,0.01549504,1,0.01549504,15495040.000,,,,12,11,0,"[#6]-[#6]-[#6]:,-[#6]:,-[#6]:,-[#7]-[#6](:,-[#6]:,-[#6]:,-[#6]):,-[#6]-[#6]",Closest MCS counterpart to a raw SMILES substructure query.,
p0042,size-combinations,mcs,mcs_elements_order_maximize_atoms,MCS elements/order maximize atoms,0,330967,1835593,CCCCc1nn(-c2ccccc2C(F)(F)F)c(C(=O)OCC)c1Cc1ccc(-c2ccccc2-c2nn[nH]n2)cc1,CCC[C@H](NC(=O)[C@@H]1C[C@@H](OC(=O)N2CCc3ccccc3C2)CN1C(=O)[C@@H](NC(=O)[C@@H](NC(=O)CCCCn1cnnn1)C(C)C)C(C)C)C(=O)C(=O)NC(=O)CN,42,59,101,42,59,101,17,46,62,5,4,ok,0.015398583,1,0.015398583,15398583.000,,,,12,11,0,"[#6]-[#6]-[#6]:,-[#6]:,-[#6]:,-[#7]-[#6](:,-[#6]:,-[#6]:,-[#6]):,-[#6]-[#6]","Same element/order comparison, but optimize atom count instead of bond count.",
p0042,size-combinations,mcs,mcs_elements_order_ring_atoms,MCS elements/order ring atoms,0,330967,1835593,CCCCc1nn(-c2ccccc2C(F)(F)F)c(C(=O)OCC)c1Cc1ccc(-c2ccccc2-c2nn[nH]n2)cc1,CCC[C@H](NC(=O)[C@@H]1C[C@@H](OC(=O)N2CCc3ccccc3C2)CN1C(=O)[C@@H](NC(=O)[C@@H](NC(=O)CCCCn1cnnn1)C(C)C)C(C)C)C(=O)C(=O)NC(=O)CN,42,59,101,42,59,101,17,46,62,5,4,ok,0.00096108,1,0.00096108,961080.000,,,,6,6,0,[#6]1:&@[#6]:&@[#6]:&@[#6]:&@[#6]:&@[#6]:&@1,Ring atoms and ring bonds only match ring atoms and ring bonds.,
p0042,size-combinations,mcs,mcs_elements_order_whole_rings,MCS elements/order whole rings,0,330967,1835593,CCCCc1nn(-c2ccccc2C(F)(F)F)c(C(=O)OCC)c1Cc1ccc(-c2ccccc2-c2nn[nH]n2)cc1,CCC[C@H](NC(=O)[C@@H]1C[C@@H](OC(=O)N2CCc3ccccc3C2)CN1C(=O)[C@@H](NC(=O)[C@@H](NC(=O)CCCCn1cnnn1)C(C)C)C(C)C)C(=O)C(=O)NC(=O)CN,42,59,101,42,59,101,17,46,62,5,4,ok,0.001443759,1,0.001443759,1443759.000,,,,6,6,0,[#6]1:&@[#6]:&@[#6]:&@[#6]:&@[#6]:&@[#6]:&@1,MCS completeRingsOnly=True; partial ring MCS results are rejected.,
p0042,size-combinations,mcs,mcs_elements_order_ring_atoms_whole_rings,MCS elements/order ring atoms + whole rings,0,330967,1835593,CCCCc1nn(-c2ccccc2C(F)(F)F)c(C(=O)OCC)c1Cc1ccc(-c2ccccc2-c2nn[nH]n2)cc1,CCC[C@H](NC(=O)[C@@H]1C[C@@H](OC(=O)N2CCc3ccccc3C2)CN1C(=O)[C@@H](NC(=O)[C@@H](NC(=O)CCCCn1cnnn1)C(C)C)C(C)C)C(=O)C(=O)NC(=O)CN,42,59,101,42,59,101,17,46,62,5,4,ok,0.000951409,1,0.000951409,951409.000,,,,6,6,0,[#6]1:&@[#6]:&@[#6]:&@[#6]:&@[#6]:&@[#6]:&@1,Both ringMatchesRingOnly and completeRingsOnly are enabled.,
p0042,size-combinations,substruct,substruct_smiles,Substruct raw SMILES,1,330967,1835593,CCCCc1nn(-c2ccccc2C(F)(F)F)c(C(=O)OCC)c1Cc1ccc(-c2ccccc2-c2nn[nH]n2)cc1,CCC[C@H](NC(=O)[C@@H]1C[C@@H](OC(=O)N2CCc3ccccc3C2)CN1C(=O)[C@@H](NC(=O)[C@@H](NC(=O)CCCCn1cnnn1)C(C)C)C(C)C)C(=O)C(=O)NC(=O)CN,42,59,101,42,59,101,17,46,62,5,4,ok,0.000132893,20,6.64465e-06,6644.650,has-match,0,0,,,,,Best SMILES-substructure baseline. Substructure has no direct completeRingsOnly option.,
p0042,size-combinations,substruct,substruct_elements_any_bond,Substruct elements/any bond,0,330967,1835593,CCCCc1nn(-c2ccccc2C(F)(F)F)c(C(=O)OCC)c1Cc1ccc(-c2ccccc2-c2nn[nH]n2)cc1,CCC[C@H](NC(=O)[C@@H]1C[C@@H](OC(=O)N2CCc3ccccc3C2)CN1C(=O)[C@@H](NC(=O)[C@@H](NC(=O)CCCCn1cnnn1)C(C)C)C(C)C)C(=O)C(=O)NC(=O)CN,42,59,101,42,59,101,17,46,62,5,4,ok,0.000163266,20,8.1633e-06,8163.300,has-match,0,0,,,,,Query keeps atom elements but uses generic bonds.,
p0042,size-combinations,substruct,substruct_any_atom_bond,Substruct any atoms/bonds,0,330967,1835593,CCCCc1nn(-c2ccccc2C(F)(F)F)c(C(=O)OCC)c1Cc1ccc(-c2ccccc2-c2nn[nH]n2)cc1,CCC[C@H](NC(=O)[C@@H]1C[C@@H](OC(=O)N2CCc3ccccc3C2)CN1C(=O)[C@@H](NC(=O)[C@@H](NC(=O)CCCCn1cnnn1)C(C)C)C(C)C)C(=O)C(=O)NC(=O)CN,42,59,101,42,59,101,17,46,62,5,4,ok,0.001061581,20,5.307905e-05,53079.050,has-match,0,0,,,,,"Query uses generic atoms and generic bonds, similar to CompareAny topology.",
p0042,size-combinations,substruct,substruct_ring_atoms,Substruct ring-chain atoms,0,330967,1835593,CCCCc1nn(-c2ccccc2C(F)(F)F)c(C(=O)OCC)c1Cc1ccc(-c2ccccc2-c2nn[nH]n2)cc1,CCC[C@H](NC(=O)[C@@H]1C[C@@H](OC(=O)N2CCc3ccccc3C2)CN1C(=O)[C@@H](NC(=O)[C@@H](NC(=O)CCCCn1cnnn1)C(C)C)C(C)C)C(=O)C(=O)NC(=O)CN,42,59,101,42,59,101,17,46,62,5,4,ok,0.00012011,20,6.0055e-06,6005.500,has-match,0,0,,,,,Query adds ring/chain atom constraints; closest substruct analog to ringMatchesRingOnly.,
p0043,size-combinations,mcs,mcs_any_atom_bond,MCS CompareAny atoms/bonds,0,1886396,2038742,Cc1ccc(C2CC(c3ccccc3)=NN2C(=O)c2ccc(-n3c(-c4ccccc4)nc4ccccc4c3=O)cc2)cc1,NCCCC[C@H](N)C(=O)Nc1ccc(-c2c3nc(c(-c4ccc(NC(=O)[C@@H](N)CCCCN)cc4)c4ccc([nH]4)c(-c4ccc(NC(=O)[C@@H](N)CCCCN)cc4)c4nc(c(-c5ccc(N)cc5)c5ccc2[nH]5)C=C4)C=C3)cc1,43,79,122,43,79,122,36,49,87,7,9,ok,1.00360557,1,1.00360557,1003605570.000,,,,41,41,1,"[#6,#7]-[#6]1:[#6]:[#6]:[#6](:[#6]:[#6]:1)-[#6](-,:[#6]-,:[#6,#7]-,:[#6](:,-[#6]:,=[#6]):[#6]:,-[#6]:[#6])-,:[#7,#6](-,:[#7,#6])-,:[#6,#7]-,:[#6](:[#6]):[#6]:[#6]:,-[#6]-,=[#7,#6]:,-[#6](:[#6](:[#6]:[#6]):,-[#6](:[#7,#6]:[#6]-,:[#6]:,-[#6,#7]:,-[#6]:,-[#6]:,-[#6]:,-[#6]):[#6]:[#6])=,:[#8,#7]",Permissive MCS: any atom type and any bond type can match.,
p0043,size-combinations,mcs,mcs_elements_order,MCS elements/order,1,1886396,2038742,Cc1ccc(C2CC(c3ccccc3)=NN2C(=O)c2ccc(-n3c(-c4ccccc4)nc4ccccc4c3=O)cc2)cc1,NCCCC[C@H](N)C(=O)Nc1ccc(-c2c3nc(c(-c4ccc(NC(=O)[C@@H](N)CCCCN)cc4)c4ccc([nH]4)c(-c4ccc(NC(=O)[C@@H](N)CCCCN)cc4)c4nc(c(-c5ccc(N)cc5)c5ccc2[nH]5)C=C4)C=C3)cc1,43,79,122,43,79,122,36,49,87,7,9,ok,0.093393146,1,0.093393146,93393146.000,,,,23,22,0,"[#6]-,:[#6]:[#6]:,-[#6]:[#6](-,:[#7]:[#6]:[#6](:,-[#6]:[#6]:[#6]):[#6](:[#7]:[#6]-,:[#6](:[#6]:[#6]:[#6]):,-[#6]:[#6]):,-[#6]):[#6]:[#6]",Closest MCS counterpart to a raw SMILES substructure query.,
p0043,size-combinations,mcs,mcs_elements_order_maximize_atoms,MCS elements/order maximize atoms,0,1886396,2038742,Cc1ccc(C2CC(c3ccccc3)=NN2C(=O)c2ccc(-n3c(-c4ccccc4)nc4ccccc4c3=O)cc2)cc1,NCCCC[C@H](N)C(=O)Nc1ccc(-c2c3nc(c(-c4ccc(NC(=O)[C@@H](N)CCCCN)cc4)c4ccc([nH]4)c(-c4ccc(NC(=O)[C@@H](N)CCCCN)cc4)c4nc(c(-c5ccc(N)cc5)c5ccc2[nH]5)C=C4)C=C3)cc1,43,79,122,43,79,122,36,49,87,7,9,ok,0.09372772,1,0.09372772,93727720.000,,,,23,22,0,"[#6]-,:[#6]:[#6]:,-[#6]:[#6](-,:[#7]:[#6]:[#6](:,-[#6]:[#6]:[#6]):[#6](:[#7]:[#6]-,:[#6](:[#6]:[#6]:[#6]):,-[#6]:[#6]):,-[#6]):[#6]:[#6]","Same element/order comparison, but optimize atom count instead of bond count.",
p0043,size-combinations,mcs,mcs_elements_order_ring_atoms,MCS elements/order ring atoms,0,1886396,2038742,Cc1ccc(C2CC(c3ccccc3)=NN2C(=O)c2ccc(-n3c(-c4ccccc4)nc4ccccc4c3=O)cc2)cc1,NCCCC[C@H](N)C(=O)Nc1ccc(-c2c3nc(c(-c4ccc(NC(=O)[C@@H](N)CCCCN)cc4)c4ccc([nH]4)c(-c4ccc(NC(=O)[C@@H](N)CCCCN)cc4)c4nc(c(-c5ccc(N)cc5)c5ccc2[nH]5)C=C4)C=C3)cc1,43,79,122,43,79,122,36,49,87,7,9,ok,0.002566523,1,0.002566523,2566523.000,,,,10,9,0,[#7&R](:&@[#6&R]):&@[#6&R]:&@[#6&R]:&@[#6&R](:&@[#7&R]):&@[#6&R]:&@[#6&R]:&@[#6&R]:&@[#6&R],Ring atoms and ring bonds only match ring atoms and ring bonds.,
p0043,size-combinations,mcs,mcs_elements_order_whole_rings,MCS elements/order whole rings,0,1886396,2038742,Cc1ccc(C2CC(c3ccccc3)=NN2C(=O)c2ccc(-n3c(-c4ccccc4)nc4ccccc4c3=O)cc2)cc1,NCCCC[C@H](N)C(=O)Nc1ccc(-c2c3nc(c(-c4ccc(NC(=O)[C@@H](N)CCCCN)cc4)c4ccc([nH]4)c(-c4ccc(NC(=O)[C@@H](N)CCCCN)cc4)c4nc(c(-c5ccc(N)cc5)c5ccc2[nH]5)C=C4)C=C3)cc1,43,79,122,43,79,122,36,49,87,7,9,ok,0.003578564,1,0.003578564,3578564.000,,,,8,8,0,[#6]-&!@[#6]1:&@[#6]:&@[#6]:&@[#6](:&@[#6]:&@[#6]:&@1)-&!@[#7],MCS completeRingsOnly=True; partial ring MCS results are rejected.,
p0043,size-combinations,mcs,mcs_elements_order_ring_atoms_whole_rings,MCS elements/order ring atoms + whole rings,0,1886396,2038742,Cc1ccc(C2CC(c3ccccc3)=NN2C(=O)c2ccc(-n3c(-c4ccccc4)nc4ccccc4c3=O)cc2)cc1,NCCCC[C@H](N)C(=O)Nc1ccc(-c2c3nc(c(-c4ccc(NC(=O)[C@@H](N)CCCCN)cc4)c4ccc([nH]4)c(-c4ccc(NC(=O)[C@@H](N)CCCCN)cc4)c4nc(c(-c5ccc(N)cc5)c5ccc2[nH]5)C=C4)C=C3)cc1,43,79,122,43,79,122,36,49,87,7,9,ok,0.002205113,1,0.002205113,2205113.000,,,,7,7,0,[#6]1:&@[#6]:&@[#6]:&@[#6](:&@[#6]:&@[#6]:&@1)-&!@[#6&R],Both ringMatchesRingOnly and completeRingsOnly are enabled.,
p0043,size-combinations,substruct,substruct_smiles,Substruct raw SMILES,1,1886396,2038742,Cc1ccc(C2CC(c3ccccc3)=NN2C(=O)c2ccc(-n3c(-c4ccccc4)nc4ccccc4c3=O)cc2)cc1,NCCCC[C@H](N)C(=O)Nc1ccc(-c2c3nc(c(-c4ccc(NC(=O)[C@@H](N)CCCCN)cc4)c4ccc([nH]4)c(-c4ccc(NC(=O)[C@@H](N)CCCCN)cc4)c4nc(c(-c5ccc(N)cc5)c5ccc2[nH]5)C=C4)C=C3)cc1,43,79,122,43,79,122,36,49,87,7,9,ok,0.000129448,20,6.4724e-06,6472.400,has-match,0,0,,,,,Best SMILES-substructure baseline. Substructure has no direct completeRingsOnly option.,
p0043,size-combinations,substruct,substruct_elements_any_bond,Substruct elements/any bond,0,1886396,2038742,Cc1ccc(C2CC(c3ccccc3)=NN2C(=O)c2ccc(-n3c(-c4ccccc4)nc4ccccc4c3=O)cc2)cc1,NCCCC[C@H](N)C(=O)Nc1ccc(-c2c3nc(c(-c4ccc(NC(=O)[C@@H](N)CCCCN)cc4)c4ccc([nH]4)c(-c4ccc(NC(=O)[C@@H](N)CCCCN)cc4)c4nc(c(-c5ccc(N)cc5)c5ccc2[nH]5)C=C4)C=C3)cc1,43,79,122,43,79,122,36,49,87,7,9,ok,0.000305161,20,1.525805e-05,15258.050,has-match,0,0,,,,,Query keeps atom elements but uses generic bonds.,
p0043,size-combinations,substruct,substruct_any_atom_bond,Substruct any atoms/bonds,0,1886396,2038742,Cc1ccc(C2CC(c3ccccc3)=NN2C(=O)c2ccc(-n3c(-c4ccccc4)nc4ccccc4c3=O)cc2)cc1,NCCCC[C@H](N)C(=O)Nc1ccc(-c2c3nc(c(-c4ccc(NC(=O)[C@@H](N)CCCCN)cc4)c4ccc([nH]4)c(-c4ccc(NC(=O)[C@@H](N)CCCCN)cc4)c4nc(c(-c5ccc(N)cc5)c5ccc2[nH]5)C=C4)C=C3)cc1,43,79,122,43,79,122,36,49,87,7,9,ok,0.000968749,20,4.843745e-05,48437.450,has-match,0,0,,,,,"Query uses generic atoms and generic bonds, similar to CompareAny topology.",
p0043,size-combinations,substruct,substruct_ring_atoms,Substruct ring-chain atoms,0,1886396,2038742,Cc1ccc(C2CC(c3ccccc3)=NN2C(=O)c2ccc(-n3c(-c4ccccc4)nc4ccccc4c3=O)cc2)cc1,NCCCC[C@H](N)C(=O)Nc1ccc(-c2c3nc(c(-c4ccc(NC(=O)[C@@H](N)CCCCN)cc4)c4ccc([nH]4)c(-c4ccc(NC(=O)[C@@H](N)CCCCN)cc4)c4nc(c(-c5ccc(N)cc5)c5ccc2[nH]5)C=C4)C=C3)cc1,43,79,122,43,79,122,36,49,87,7,9,ok,6.7883e-05,20,3.39415e-06,3394.150,has-match,0,0,,,,,Query adds ring/chain atom constraints; closest substruct analog to ringMatchesRingOnly.,
p0044,size-combinations,mcs,mcs_any_atom_bond,MCS CompareAny atoms/bonds,0,1886396,729020,Cc1ccc(C2CC(c3ccccc3)=NN2C(=O)c2ccc(-n3c(-c4ccccc4)nc4ccccc4c3=O)cc2)cc1,COC(=O)N[C@H](C(=O)N1CCC[C@H]1c1ncc(-c2cc(F)c3c(c2)OC(c2ccc4c(c2)OCCC42CC2)n2c-3cc3cc(-c4cnc([C@@H]5CCCN5C(=O)[C@@H](NC(=O)OC)C(C)C)[nH]4)ccc32)[nH]1)C(C)C.O=C(O)C(F)(F)F.O=C(O)C(F)(F)F,43,86,129,43,86,129,43,49,94,7,11,ok,1.00640084,1,1.00640084,1006400839.000,,,,41,41,1,"[#6]-[#6]1:[#6]:[#6]:[#6](:[#6]:[#6]:1)-[#6](-[#6,#8]-[#6]-,:[#6]:[#6]:[#6]:[#6]:,-[#6]:[#6])-[#7](-,:[#7,#6])-,:[#6](=,:[#8,#6])-,:[#6](:[#6]):[#6]:[#6]:,-[#6](:[#6])-,:[#7]:[#6](:,-[#6]:,-[#6]:,-[#6]:,-[#6]:,-[#6,#7]:,-[#6]:,-[#7,#6]:,-[#6,#7]-[#6](:,-[#6,#8]:,-[#6]):,=[#6,#8])=,:[#8,#7]",Permissive MCS: any atom type and any bond type can match.,
p0044,size-combinations,mcs,mcs_elements_order,MCS elements/order,1,1886396,729020,Cc1ccc(C2CC(c3ccccc3)=NN2C(=O)c2ccc(-n3c(-c4ccccc4)nc4ccccc4c3=O)cc2)cc1,COC(=O)N[C@H](C(=O)N1CCC[C@H]1c1ncc(-c2cc(F)c3c(c2)OC(c2ccc4c(c2)OCCC42CC2)n2c-3cc3cc(-c4cnc([C@@H]5CCCN5C(=O)[C@@H](NC(=O)OC)C(C)C)[nH]4)ccc32)[nH]1)C(C)C.O=C(O)C(F)(F)F.O=C(O)C(F)(F)F,43,86,129,43,86,129,43,49,94,7,11,ok,0.798957634,1,0.798957634,798957634.000,,,,29,30,0,"[#6]:,-[#6]:,-[#6]:,-[#6]-[#6]-,:[#7]-,:[#6]-[#6]1:[#6]:[#6]:[#6](:[#6]:[#6]:1)-,:[#7](:,-[#6]-[#6]1:[#6]:[#6]:[#6]:[#6]:[#6]:1):[#6]:,-[#6]:[#6]:[#6]:[#6]:,-[#6]:[#6]:[#7]",Closest MCS counterpart to a raw SMILES substructure query.,
p0044,size-combinations,mcs,mcs_elements_order_maximize_atoms,MCS elements/order maximize atoms,0,1886396,729020,Cc1ccc(C2CC(c3ccccc3)=NN2C(=O)c2ccc(-n3c(-c4ccccc4)nc4ccccc4c3=O)cc2)cc1,COC(=O)N[C@H](C(=O)N1CCC[C@H]1c1ncc(-c2cc(F)c3c(c2)OC(c2ccc4c(c2)OCCC42CC2)n2c-3cc3cc(-c4cnc([C@@H]5CCCN5C(=O)[C@@H](NC(=O)OC)C(C)C)[nH]4)ccc32)[nH]1)C(C)C.O=C(O)C(F)(F)F.O=C(O)C(F)(F)F,43,86,129,43,86,129,43,49,94,7,11,ok,0.86419323,1,0.86419323,864193230.000,,,,29,30,0,"[#6]:,-[#6]:,-[#6]:,-[#6]-[#6]-,:[#7]-,:[#6]-[#6]1:[#6]:[#6]:[#6](:[#6]:[#6]:1)-,:[#7](:,-[#6]-[#6]1:[#6]:[#6]:[#6]:[#6]:[#6]:1):[#6]:,-[#6]:[#6]:[#6]:[#6]:,-[#6]:[#6]:[#7]","Same element/order comparison, but optimize atom count instead of bond count.",
p0044,size-combinations,mcs,mcs_elements_order_ring_atoms,MCS elements/order ring atoms,0,1886396,729020,Cc1ccc(C2CC(c3ccccc3)=NN2C(=O)c2ccc(-n3c(-c4ccccc4)nc4ccccc4c3=O)cc2)cc1,COC(=O)N[C@H](C(=O)N1CCC[C@H]1c1ncc(-c2cc(F)c3c(c2)OC(c2ccc4c(c2)OCCC42CC2)n2c-3cc3cc(-c4cnc([C@@H]5CCCN5C(=O)[C@@H](NC(=O)OC)C(C)C)[nH]4)ccc32)[nH]1)C(C)C.O=C(O)C(F)(F)F.O=C(O)C(F)(F)F,43,86,129,43,86,129,43,49,94,7,11,ok,0.007682168,1,0.007682168,7682168.000,,,,15,16,0,"[#7&R](:,-;@[#6&R]-&!@[#6]1:&@[#6]:&@[#6]:&@[#6]:&@[#6]:&@[#6]:&@1):&@[#6&R]:,-;@[#6]1:&@[#6]:&@[#6]:&@[#6]:&@[#6]:&@[#6]:&@1",Ring atoms and ring bonds only match ring atoms and ring bonds.,
p0044,size-combinations,mcs,mcs_elements_order_whole_rings,MCS elements/order whole rings,0,1886396,729020,Cc1ccc(C2CC(c3ccccc3)=NN2C(=O)c2ccc(-n3c(-c4ccccc4)nc4ccccc4c3=O)cc2)cc1,COC(=O)N[C@H](C(=O)N1CCC[C@H]1c1ncc(-c2cc(F)c3c(c2)OC(c2ccc4c(c2)OCCC42CC2)n2c-3cc3cc(-c4cnc([C@@H]5CCCN5C(=O)[C@@H](NC(=O)OC)C(C)C)[nH]4)ccc32)[nH]1)C(C)C.O=C(O)C(F)(F)F.O=C(O)C(F)(F)F,43,86,129,43,86,129,43,49,94,7,11,ok,0.025315208,1,0.025315208,25315208.000,,,,7,7,0,[#6]-&!@[#6]1:&@[#6]:&@[#6]:&@[#6]:&@[#6]:&@[#6]:&@1,MCS completeRingsOnly=True; partial ring MCS results are rejected.,
p0044,size-combinations,mcs,mcs_elements_order_ring_atoms_whole_rings,MCS elements/order ring atoms + whole rings,0,1886396,729020,Cc1ccc(C2CC(c3ccccc3)=NN2C(=O)c2ccc(-n3c(-c4ccccc4)nc4ccccc4c3=O)cc2)cc1,COC(=O)N[C@H](C(=O)N1CCC[C@H]1c1ncc(-c2cc(F)c3c(c2)OC(c2ccc4c(c2)OCCC42CC2)n2c-3cc3cc(-c4cnc([C@@H]5CCCN5C(=O)[C@@H](NC(=O)OC)C(C)C)[nH]4)ccc32)[nH]1)C(C)C.O=C(O)C(F)(F)F.O=C(O)C(F)(F)F,43,86,129,43,86,129,43,49,94,7,11,ok,0.022898948,1,0.022898948,22898948.000,,,,7,7,0,[#6]1:&@[#6]:&@[#6]:&@[#6](:&@[#6]:&@[#6]:&@1)-&!@[#6&R],Both ringMatchesRingOnly and completeRingsOnly are enabled.,
p0044,size-combinations,substruct,substruct_smiles,Substruct raw SMILES,1,1886396,729020,Cc1ccc(C2CC(c3ccccc3)=NN2C(=O)c2ccc(-n3c(-c4ccccc4)nc4ccccc4c3=O)cc2)cc1,COC(=O)N[C@H](C(=O)N1CCC[C@H]1c1ncc(-c2cc(F)c3c(c2)OC(c2ccc4c(c2)OCCC42CC2)n2c-3cc3cc(-c4cnc([C@@H]5CCCN5C(=O)[C@@H](NC(=O)OC)C(C)C)[nH]4)ccc32)[nH]1)C(C)C.O=C(O)C(F)(F)F.O=C(O)C(F)(F)F,43,86,129,43,86,129,43,49,94,7,11,ok,0.000202287,20,1.011435e-05,10114.350,has-match,0,0,,,,,Best SMILES-substructure baseline. Substructure has no direct completeRingsOnly option.,
p0044,size-combinations,substruct,substruct_elements_any_bond,Substruct elements/any bond,0,1886396,729020,Cc1ccc(C2CC(c3ccccc3)=NN2C(=O)c2ccc(-n3c(-c4ccccc4)nc4ccccc4c3=O)cc2)cc1,COC(=O)N[C@H](C(=O)N1CCC[C@H]1c1ncc(-c2cc(F)c3c(c2)OC(c2ccc4c(c2)OCCC42CC2)n2c-3cc3cc(-c4cnc([C@@H]5CCCN5C(=O)[C@@H](NC(=O)OC)C(C)C)[nH]4)ccc32)[nH]1)C(C)C.O=C(O)C(F)(F)F.O=C(O)C(F)(F)F,43,86,129,43,86,129,43,49,94,7,11,ok,0.000496155,20,2.480775e-05,24807.750,has-match,0,0,,,,,Query keeps atom elements but uses generic bonds.,
p0044,size-combinations,substruct,substruct_any_atom_bond,Substruct any atoms/bonds,0,1886396,729020,Cc1ccc(C2CC(c3ccccc3)=NN2C(=O)c2ccc(-n3c(-c4ccccc4)nc4ccccc4c3=O)cc2)cc1,COC(=O)N[C@H](C(=O)N1CCC[C@H]1c1ncc(-c2cc(F)c3c(c2)OC(c2ccc4c(c2)OCCC42CC2)n2c-3cc3cc(-c4cnc([C@@H]5CCCN5C(=O)[C@@H](NC(=O)OC)C(C)C)[nH]4)ccc32)[nH]1)C(C)C.O=C(O)C(F)(F)F.O=C(O)C(F)(F)F,43,86,129,43,86,129,43,49,94,7,11,ok,0.003995613,20,0.00019978065,199780.650,has-match,0,0,,,,,"Query uses generic atoms and generic bonds, similar to CompareAny topology.",
p0044,size-combinations,substruct,substruct_ring_atoms,Substruct ring-chain atoms,0,1886396,729020,Cc1ccc(C2CC(c3ccccc3)=NN2C(=O)c2ccc(-n3c(-c4ccccc4)nc4ccccc4c3=O)cc2)cc1,COC(=O)N[C@H](C(=O)N1CCC[C@H]1c1ncc(-c2cc(F)c3c(c2)OC(c2ccc4c(c2)OCCC42CC2)n2c-3cc3cc(-c4cnc([C@@H]5CCCN5C(=O)[C@@H](NC(=O)OC)C(C)C)[nH]4)ccc32)[nH]1)C(C)C.O=C(O)C(F)(F)F.O=C(O)C(F)(F)F,43,86,129,43,86,129,43,49,94,7,11,ok,0.000101566,20,5.0783e-06,5078.300,has-match,0,0,,,,,Query adds ring/chain atom constraints; closest substruct analog to ringMatchesRingOnly.,
p0045,size-combinations,mcs,mcs_any_atom_bond,MCS CompareAny atoms/bonds,0,1724209,1308340,CC1(C)[C@@H](O)CC[C@]2(C)[C@H]3C(=O)C=C4[C@@H]5C[C@@](C)(C(=O)OCc6cccc7cccnc67)CC[C@]5(C)CC[C@@]4(C)[C@]3(C)CC[C@@H]12,O=C(CCCCCCCCCCCNC(=O)COc1cccc2c1C(=O)N(C1CCC(=O)NC1=O)C2=O)NCCCCCCCCCCCC(=O)N1CCC(NC(=O)c2n[nH]cc2NC(=O)c2c(Cl)cccc2Cl)CC1,45,76,121,45,76,121,31,51,81,7,6,ok,1.0212083,1,1.0212083,1021208304.000,,,,39,38,1,"[#6]-[#6](-[#6](-,=[#8])-[#6,#7]-[#6])-[#6,#7](-[#6]-,=[#6,#8])-[#6](-,=[#6,#8])-[#6](-,:[#6](=,:[#8,#6])-[#6,#8]=,-[#6]-[#6](-[#6,#7]-[#6]-[#6]-[#6]-[#6]-[#6]-[#6]-[#8,#6]-[#6]-[#6]:,-[#6]:,-[#6]:,-[#6]:,-[#6,#7]:,-[#6]:,-[#6]:,-[#6]:,-[#7,#6]:,-[#6])-,=[#6,#8])-,:[#6]-,:[#6]",Permissive MCS: any atom type and any bond type can match.,
p0045,size-combinations,mcs,mcs_elements_order,MCS elements/order,1,1724209,1308340,CC1(C)[C@@H](O)CC[C@]2(C)[C@H]3C(=O)C=C4[C@@H]5C[C@@](C)(C(=O)OCc6cccc7cccnc67)CC[C@]5(C)CC[C@@]4(C)[C@]3(C)CC[C@@H]12,O=C(CCCCCCCCCCCNC(=O)COc1cccc2c1C(=O)N(C1CCC(=O)NC1=O)C2=O)NCCCCCCCCCCCC(=O)N1CCC(NC(=O)c2n[nH]cc2NC(=O)c2c(Cl)cccc2Cl)CC1,45,76,121,45,76,121,31,51,81,7,6,ok,0.086494998,1,0.086494998,86494998.000,,,,14,13,0,"[#6]-[#6]-[#8]-[#6]-,:[#6](:[#6]:[#6]:[#6]:[#6]):,-[#6]:,-[#7]:,-[#6]:,-[#6]:,-[#6]",Closest MCS counterpart to a raw SMILES substructure query.,
p0045,size-combinations,mcs,mcs_elements_order_maximize_atoms,MCS elements/order maximize atoms,0,1724209,1308340,CC1(C)[C@@H](O)CC[C@]2(C)[C@H]3C(=O)C=C4[C@@H]5C[C@@](C)(C(=O)OCc6cccc7cccnc67)CC[C@]5(C)CC[C@@]4(C)[C@]3(C)CC[C@@H]12,O=C(CCCCCCCCCCCNC(=O)COc1cccc2c1C(=O)N(C1CCC(=O)NC1=O)C2=O)NCCCCCCCCCCCC(=O)N1CCC(NC(=O)c2n[nH]cc2NC(=O)c2c(Cl)cccc2Cl)CC1,45,76,121,45,76,121,31,51,81,7,6,ok,0.074761413,1,0.074761413,74761413.000,,,,14,13,0,"[#6]-[#6]-[#8]-[#6]-,:[#6](:[#6]:[#6]:[#6]:[#6]):,-[#6]:,-[#7]:,-[#6]:,-[#6]:,-[#6]","Same element/order comparison, but optimize atom count instead of bond count.",
p0045,size-combinations,mcs,mcs_elements_order_ring_atoms,MCS elements/order ring atoms,0,1724209,1308340,CC1(C)[C@@H](O)CC[C@]2(C)[C@H]3C(=O)C=C4[C@@H]5C[C@@](C)(C(=O)OCc6cccc7cccnc67)CC[C@]5(C)CC[C@@]4(C)[C@]3(C)CC[C@@H]12,O=C(CCCCCCCCCCCNC(=O)COc1cccc2c1C(=O)N(C1CCC(=O)NC1=O)C2=O)NCCCCCCCCCCCC(=O)N1CCC(NC(=O)c2n[nH]cc2NC(=O)c2c(Cl)cccc2Cl)CC1,45,76,121,45,76,121,31,51,81,7,6,ok,0.028808914,1,0.028808914,28808914.000,,,,10,9,0,"[#6&R](-,:;@[#6&R](-&!@[#8&!R])-,:;@[#6&R]-&@[#6&R])-,:;@[#6&R]-,:;@[#6&R]-,:;@[#6&R]-&@[#6&R]=&!@[#8&!R]",Ring atoms and ring bonds only match ring atoms and ring bonds.,
p0045,size-combinations,mcs,mcs_elements_order_whole_rings,MCS elements/order whole rings,0,1724209,1308340,CC1(C)[C@@H](O)CC[C@]2(C)[C@H]3C(=O)C=C4[C@@H]5C[C@@](C)(C(=O)OCc6cccc7cccnc67)CC[C@]5(C)CC[C@@]4(C)[C@]3(C)CC[C@@H]12,O=C(CCCCCCCCCCCNC(=O)COc1cccc2c1C(=O)N(C1CCC(=O)NC1=O)C2=O)NCCCCCCCCCCCC(=O)N1CCC(NC(=O)c2n[nH]cc2NC(=O)c2c(Cl)cccc2Cl)CC1,45,76,121,45,76,121,31,51,81,7,6,ok,0.026772584,1,0.026772584,26772584.000,,,,8,8,0,"[#6]1-,:;@[#6]-,:;@[#6](-&!@[#6]=&!@[#8])-,:;@[#6]-,:;@[#6]-,:;@[#6]-,:;@1",MCS completeRingsOnly=True; partial ring MCS results are rejected.,
p0045,size-combinations,mcs,mcs_elements_order_ring_atoms_whole_rings,MCS elements/order ring atoms + whole rings,0,1724209,1308340,CC1(C)[C@@H](O)CC[C@]2(C)[C@H]3C(=O)C=C4[C@@H]5C[C@@](C)(C(=O)OCc6cccc7cccnc67)CC[C@]5(C)CC[C@@]4(C)[C@]3(C)CC[C@@H]12,O=C(CCCCCCCCCCCNC(=O)COc1cccc2c1C(=O)N(C1CCC(=O)NC1=O)C2=O)NCCCCCCCCCCCC(=O)N1CCC(NC(=O)c2n[nH]cc2NC(=O)c2c(Cl)cccc2Cl)CC1,45,76,121,45,76,121,31,51,81,7,6,ok,0.02442251,1,0.02442251,24422510.000,,,,8,8,0,"[#6]1-,:;@[#6]-,:;@[#6](-&!@[#6&!R]=&!@[#8&!R])-,:;@[#6]-,:;@[#6]-,:;@[#6]-,:;@1",Both ringMatchesRingOnly and completeRingsOnly are enabled.,
p0045,size-combinations,substruct,substruct_smiles,Substruct raw SMILES,1,1724209,1308340,CC1(C)[C@@H](O)CC[C@]2(C)[C@H]3C(=O)C=C4[C@@H]5C[C@@](C)(C(=O)OCc6cccc7cccnc67)CC[C@]5(C)CC[C@@]4(C)[C@]3(C)CC[C@@H]12,O=C(CCCCCCCCCCCNC(=O)COc1cccc2c1C(=O)N(C1CCC(=O)NC1=O)C2=O)NCCCCCCCCCCCC(=O)N1CCC(NC(=O)c2n[nH]cc2NC(=O)c2c(Cl)cccc2Cl)CC1,45,76,121,45,76,121,31,51,81,7,6,ok,6.3591e-05,20,3.17955e-06,3179.550,has-match,0,0,,,,,Best SMILES-substructure baseline. Substructure has no direct completeRingsOnly option.,
p0045,size-combinations,substruct,substruct_elements_any_bond,Substruct elements/any bond,0,1724209,1308340,CC1(C)[C@@H](O)CC[C@]2(C)[C@H]3C(=O)C=C4[C@@H]5C[C@@](C)(C(=O)OCc6cccc7cccnc67)CC[C@]5(C)CC[C@@]4(C)[C@]3(C)CC[C@@H]12,O=C(CCCCCCCCCCCNC(=O)COc1cccc2c1C(=O)N(C1CCC(=O)NC1=O)C2=O)NCCCCCCCCCCCC(=O)N1CCC(NC(=O)c2n[nH]cc2NC(=O)c2c(Cl)cccc2Cl)CC1,45,76,121,45,76,121,31,51,81,7,6,ok,5.2119e-05,20,2.60595e-06,2605.950,has-match,0,0,,,,,Query keeps atom elements but uses generic bonds.,
p0045,size-combinations,substruct,substruct_any_atom_bond,Substruct any atoms/bonds,0,1724209,1308340,CC1(C)[C@@H](O)CC[C@]2(C)[C@H]3C(=O)C=C4[C@@H]5C[C@@](C)(C(=O)OCc6cccc7cccnc67)CC[C@]5(C)CC[C@@]4(C)[C@]3(C)CC[C@@H]12,O=C(CCCCCCCCCCCNC(=O)COc1cccc2c1C(=O)N(C1CCC(=O)NC1=O)C2=O)NCCCCCCCCCCCC(=O)N1CCC(NC(=O)c2n[nH]cc2NC(=O)c2c(Cl)cccc2Cl)CC1,45,76,121,45,76,121,31,51,81,7,6,ok,6.5921e-05,20,3.29605e-06,3296.050,has-match,0,0,,,,,"Query uses generic atoms and generic bonds, similar to CompareAny topology.",
p0045,size-combinations,substruct,substruct_ring_atoms,Substruct ring-chain atoms,0,1724209,1308340,CC1(C)[C@@H](O)CC[C@]2(C)[C@H]3C(=O)C=C4[C@@H]5C[C@@](C)(C(=O)OCc6cccc7cccnc67)CC[C@]5(C)CC[C@@]4(C)[C@]3(C)CC[C@@H]12,O=C(CCCCCCCCCCCNC(=O)COc1cccc2c1C(=O)N(C1CCC(=O)NC1=O)C2=O)NCCCCCCCCCCCC(=O)N1CCC(NC(=O)c2n[nH]cc2NC(=O)c2c(Cl)cccc2Cl)CC1,45,76,121,45,76,121,31,51,81,7,6,ok,6.2754e-05,20,3.1377e-06,3137.700,has-match,0,0,,,,,Query adds ring/chain atom constraints; closest substruct analog to ringMatchesRingOnly.,
p0046,size-combinations,mcs,mcs_any_atom_bond,MCS CompareAny atoms/bonds,0,622292,409176,CN(C)c1cccc2c(S(=O)(=O)N3CCC[C@H]3C(=O)N[C@@H](CCc3ccccc3)C(=O)N[C@@H](CCCNC(=N)N)C(=O)O)cccc12,CSCC[C@H](NC(=O)[C@@H](CC(C)C)NC(=O)CNC(=O)[C@@H](Cc1ccccc1)NC(=O)[C@H](Cc1ccccc1)NC(=O)[C@H](CCC(N)=O)NC(=O)[C@@H](CCC(N)=O)NC(=O)[C@@H]1CCCN1C(=O)[C@@H](CCCCN)NC(=O)[C@@H]1CCCN1C(=O)[C@H](N)CCCN=C(N)N)C(N)=O,47,95,142,47,95,142,48,50,98,4,4,ok,1.02131993,1,1.02131993,1021319933.000,,,,44,43,1,"[#6]-[#7,#6](-[#6,#7])-[#6](:,=[#6,#8]):,-[#6,#7](:,-[#6]:,-[#6]:,-[#6,#7]:,-[#6]-[#16,#6](=[#8])-[#7]-[#6](-[#6]-[#6]-[#6])-[#6](=[#8])-[#7]-[#6](-[#6]-[#6]-,:[#6]:[#6]:[#6]:[#6]:[#6])-[#6](=[#8])-[#7]-[#6](-[#6]-[#6]-,:[#6]-,:[#7,#6]-,:[#6]=,:[#7,#6])-[#6](=,-[#8,#7])-,=[#8]):,-[#6]:,-[#6]:,-[#6]",Permissive MCS: any atom type and any bond type can match.,
p0046,size-combinations,mcs,mcs_elements_order,MCS elements/order,1,622292,409176,CN(C)c1cccc2c(S(=O)(=O)N3CCC[C@H]3C(=O)N[C@@H](CCc3ccccc3)C(=O)N[C@@H](CCCNC(=N)N)C(=O)O)cccc12,CSCC[C@H](NC(=O)[C@@H](CC(C)C)NC(=O)CNC(=O)[C@@H](Cc1ccccc1)NC(=O)[C@H](Cc1ccccc1)NC(=O)[C@H](CCC(N)=O)NC(=O)[C@@H](CCC(N)=O)NC(=O)[C@@H]1CCCN1C(=O)[C@@H](CCCCN)NC(=O)[C@@H]1CCCN1C(=O)[C@H](N)CCCN=C(N)N)C(N)=O,47,95,142,47,95,142,48,50,98,4,4,ok,0.037416073,1,0.037416073,37416073.000,,,,25,24,0,"[#7](-[#6]-[#6]-[#6])-[#6]-[#6](=[#8])-[#7]-[#6](-[#6]-[#6]-,:[#6]:[#6]:[#6]:[#6]:[#6])-[#6](=[#8])-[#7]-[#6](-[#6]-[#6]-,:[#6])-[#6]=[#8]",Closest MCS counterpart to a raw SMILES substructure query.,
p0046,size-combinations,mcs,mcs_elements_order_maximize_atoms,MCS elements/order maximize atoms,0,622292,409176,CN(C)c1cccc2c(S(=O)(=O)N3CCC[C@H]3C(=O)N[C@@H](CCc3ccccc3)C(=O)N[C@@H](CCCNC(=N)N)C(=O)O)cccc12,CSCC[C@H](NC(=O)[C@@H](CC(C)C)NC(=O)CNC(=O)[C@@H](Cc1ccccc1)NC(=O)[C@H](Cc1ccccc1)NC(=O)[C@H](CCC(N)=O)NC(=O)[C@@H](CCC(N)=O)NC(=O)[C@@H]1CCCN1C(=O)[C@@H](CCCCN)NC(=O)[C@@H]1CCCN1C(=O)[C@H](N)CCCN=C(N)N)C(N)=O,47,95,142,47,95,142,48,50,98,4,4,ok,0.045270096,1,0.045270096,45270096.000,,,,25,24,0,"[#7](-[#6]-[#6]-[#6])-[#6]-[#6](=[#8])-[#7]-[#6](-[#6]-[#6]-,:[#6]:[#6]:[#6]:[#6]:[#6])-[#6](=[#8])-[#7]-[#6](-[#6]-[#6]-,:[#6])-[#6]=[#8]","Same element/order comparison, but optimize atom count instead of bond count.",
p0046,size-combinations,mcs,mcs_elements_order_ring_atoms,MCS elements/order ring atoms,0,622292,409176,CN(C)c1cccc2c(S(=O)(=O)N3CCC[C@H]3C(=O)N[C@@H](CCc3ccccc3)C(=O)N[C@@H](CCCNC(=N)N)C(=O)O)cccc12,CSCC[C@H](NC(=O)[C@@H](CC(C)C)NC(=O)CNC(=O)[C@@H](Cc1ccccc1)NC(=O)[C@H](Cc1ccccc1)NC(=O)[C@H](CCC(N)=O)NC(=O)[C@@H](CCC(N)=O)NC(=O)[C@@H]1CCCN1C(=O)[C@@H](CCCCN)NC(=O)[C@@H]1CCCN1C(=O)[C@H](N)CCCN=C(N)N)C(N)=O,47,95,142,47,95,142,48,50,98,4,4,ok,0.012538435,1,0.012538435,12538435.000,,,,21,21,0,[#7]1-&@[#6]-&@[#6]-&@[#6]-&@[#6]-&@1-&!@[#6&!R](=&!@[#8&!R])-&!@[#7&!R]-&!@[#6&!R](-&!@[#6&!R]-&!@[#6&!R])-&!@[#6&!R](=&!@[#8&!R])-&!@[#7&!R]-&!@[#6&!R](-&!@[#6&!R]-&!@[#6&!R]-&!@[#6&!R]-&!@[#7&!R])-&!@[#6&!R]=&!@[#8&!R],Ring atoms and ring bonds only match ring atoms and ring bonds.,
p0046,size-combinations,mcs,mcs_elements_order_whole_rings,MCS elements/order whole rings,0,622292,409176,CN(C)c1cccc2c(S(=O)(=O)N3CCC[C@H]3C(=O)N[C@@H](CCc3ccccc3)C(=O)N[C@@H](CCCNC(=N)N)C(=O)O)cccc12,CSCC[C@H](NC(=O)[C@@H](CC(C)C)NC(=O)CNC(=O)[C@@H](Cc1ccccc1)NC(=O)[C@H](Cc1ccccc1)NC(=O)[C@H](CCC(N)=O)NC(=O)[C@@H](CCC(N)=O)NC(=O)[C@@H]1CCCN1C(=O)[C@@H](CCCCN)NC(=O)[C@@H]1CCCN1C(=O)[C@H](N)CCCN=C(N)N)C(N)=O,47,95,142,47,95,142,48,50,98,4,4,ok,0.016124327,1,0.016124327,16124327.000,,,,22,22,0,[#7]1-&@[#6]-&@[#6]-&@[#6]-&@[#6]-&@1-&!@[#6](=&!@[#8])-&!@[#7]-&!@[#6](-&!@[#6]-&!@[#6]-&!@[#6])-&!@[#6](=&!@[#8])-&!@[#7]-&!@[#6](-&!@[#6]-&!@[#6]-&!@[#6]-&!@[#7])-&!@[#6]=&!@[#8],MCS completeRingsOnly=True; partial ring MCS results are rejected.,
p0046,size-combinations,mcs,mcs_elements_order_ring_atoms_whole_rings,MCS elements/order ring atoms + whole rings,0,622292,409176,CN(C)c1cccc2c(S(=O)(=O)N3CCC[C@H]3C(=O)N[C@@H](CCc3ccccc3)C(=O)N[C@@H](CCCNC(=N)N)C(=O)O)cccc12,CSCC[C@H](NC(=O)[C@@H](CC(C)C)NC(=O)CNC(=O)[C@@H](Cc1ccccc1)NC(=O)[C@H](Cc1ccccc1)NC(=O)[C@H](CCC(N)=O)NC(=O)[C@@H](CCC(N)=O)NC(=O)[C@@H]1CCCN1C(=O)[C@@H](CCCCN)NC(=O)[C@@H]1CCCN1C(=O)[C@H](N)CCCN=C(N)N)C(N)=O,47,95,142,47,95,142,48,50,98,4,4,ok,0.012957161,1,0.012957161,12957161.000,,,,21,21,0,[#7]1-&@[#6]-&@[#6]-&@[#6]-&@[#6]-&@1-&!@[#6&!R](=&!@[#8&!R])-&!@[#7&!R]-&!@[#6&!R](-&!@[#6&!R]-&!@[#6&!R])-&!@[#6&!R](=&!@[#8&!R])-&!@[#7&!R]-&!@[#6&!R](-&!@[#6&!R]-&!@[#6&!R]-&!@[#6&!R]-&!@[#7&!R])-&!@[#6&!R]=&!@[#8&!R],Both ringMatchesRingOnly and completeRingsOnly are enabled.,
p0046,size-combinations,substruct,substruct_smiles,Substruct raw SMILES,1,622292,409176,CN(C)c1cccc2c(S(=O)(=O)N3CCC[C@H]3C(=O)N[C@@H](CCc3ccccc3)C(=O)N[C@@H](CCCNC(=N)N)C(=O)O)cccc12,CSCC[C@H](NC(=O)[C@@H](CC(C)C)NC(=O)CNC(=O)[C@@H](Cc1ccccc1)NC(=O)[C@H](Cc1ccccc1)NC(=O)[C@H](CCC(N)=O)NC(=O)[C@@H](CCC(N)=O)NC(=O)[C@@H]1CCCN1C(=O)[C@@H](CCCCN)NC(=O)[C@@H]1CCCN1C(=O)[C@H](N)CCCN=C(N)N)C(N)=O,47,95,142,47,95,142,48,50,98,4,4,ok,0.000116654,20,5.8327e-06,5832.700,has-match,0,0,,,,,Best SMILES-substructure baseline. Substructure has no direct completeRingsOnly option.,
p0046,size-combinations,substruct,substruct_elements_any_bond,Substruct elements/any bond,0,622292,409176,CN(C)c1cccc2c(S(=O)(=O)N3CCC[C@H]3C(=O)N[C@@H](CCc3ccccc3)C(=O)N[C@@H](CCCNC(=N)N)C(=O)O)cccc12,CSCC[C@H](NC(=O)[C@@H](CC(C)C)NC(=O)CNC(=O)[C@@H](Cc1ccccc1)NC(=O)[C@H](Cc1ccccc1)NC(=O)[C@H](CCC(N)=O)NC(=O)[C@@H](CCC(N)=O)NC(=O)[C@@H]1CCCN1C(=O)[C@@H](CCCCN)NC(=O)[C@@H]1CCCN1C(=O)[C@H](N)CCCN=C(N)N)C(N)=O,47,95,142,47,95,142,48,50,98,4,4,ok,0.000127051,20,6.35255e-06,6352.550,has-match,0,0,,,,,Query keeps atom elements but uses generic bonds.,
p0046,size-combinations,substruct,substruct_any_atom_bond,Substruct any atoms/bonds,0,622292,409176,CN(C)c1cccc2c(S(=O)(=O)N3CCC[C@H]3C(=O)N[C@@H](CCc3ccccc3)C(=O)N[C@@H](CCCNC(=N)N)C(=O)O)cccc12,CSCC[C@H](NC(=O)[C@@H](CC(C)C)NC(=O)CNC(=O)[C@@H](Cc1ccccc1)NC(=O)[C@H](Cc1ccccc1)NC(=O)[C@H](CCC(N)=O)NC(=O)[C@@H](CCC(N)=O)NC(=O)[C@@H]1CCCN1C(=O)[C@@H](CCCCN)NC(=O)[C@@H]1CCCN1C(=O)[C@H](N)CCCN=C(N)N)C(N)=O,47,95,142,47,95,142,48,50,98,4,4,ok,0.000732785,20,3.663925e-05,36639.250,has-match,0,0,,,,,"Query uses generic atoms and generic bonds, similar to CompareAny topology.",
p0046,size-combinations,substruct,substruct_ring_atoms,Substruct ring-chain atoms,0,622292,409176,CN(C)c1cccc2c(S(=O)(=O)N3CCC[C@H]3C(=O)N[C@@H](CCc3ccccc3)C(=O)N[C@@H](CCCNC(=N)N)C(=O)O)cccc12,CSCC[C@H](NC(=O)[C@@H](CC(C)C)NC(=O)CNC(=O)[C@@H](Cc1ccccc1)NC(=O)[C@H](Cc1ccccc1)NC(=O)[C@H](CCC(N)=O)NC(=O)[C@@H](CCC(N)=O)NC(=O)[C@@H]1CCCN1C(=O)[C@@H](CCCCN)NC(=O)[C@@H]1CCCN1C(=O)[C@H](N)CCCN=C(N)N)C(N)=O,47,95,142,47,95,142,48,50,98,4,4,ok,0.000105128,20,5.2564e-06,5256.400,has-match,0,0,,,,,Query adds ring/chain atom constraints; closest substruct analog to ringMatchesRingOnly.,
p0047,size-combinations,mcs,mcs_any_atom_bond,MCS CompareAny atoms/bonds,0,1945731,2469346,C=CC(=O)Nc1cccc(N2C(=O)C(Cc3ccc(Cl)cc3)N(C)C(=O)c3cnc(Nc4ccc(N5CCN(C)CC5)cc4OC)nc32)c1,C[C@H]1[C@H](C)CC[C@]2(C(=O)OCCCn3cc(COC(=O)[C@]45CC[C@@H](C)[C@H](C)[C@@H]4C4=CC[C@@H]6[C@@]7(C)CC[C@H](O)C(C)(C)[C@@H]7CC[C@]6(C)[C@]4(C)CC5)cn3)CC[C@]3(C)C(=CC[C@@H]4[C@@]5(C)CC[C@H](O)C(C)(C)[C@@H]5CC[C@]43C)[C@H]12,49,75,124,49,75,124,26,54,85,6,11,ok,1.00522504,1,1.00522504,1005225038.000,,,,42,43,1,"[#6]=,-[#6]-[#6](=,-[#8,#6])-[#7,#6]-[#6]1:,-[#6]:,-[#6]:,=[#6]:,-[#6](:,-[#6]:,-1)-[#7,#6]-[#6]-[#6](-[#6]-[#6](:,-[#6]):,-[#6]:,-[#6]:,-[#6])-[#7,#6](-,=[#6,#8])-[#6,#8]-[#6]:,-[#6]:[#7,#6]:[#6,#7](:[#7]:[#6])-[#7,#6]-[#6]:,-[#6]:,-[#6,#8]:,-[#6](-[#7,#6]1-[#6]-[#6]-[#7,#6](-[#6]-[#6]-1)-[#6]):,=[#6,#8]",Permissive MCS: any atom type and any bond type can match.,
p0047,size-combinations,mcs,mcs_elements_order,MCS elements/order,1,1945731,2469346,C=CC(=O)Nc1cccc(N2C(=O)C(Cc3ccc(Cl)cc3)N(C)C(=O)c3cnc(Nc4ccc(N5CCN(C)CC5)cc4OC)nc32)c1,C[C@H]1[C@H](C)CC[C@]2(C(=O)OCCCn3cc(COC(=O)[C@]45CC[C@@H](C)[C@H](C)[C@@H]4C4=CC[C@@H]6[C@@]7(C)CC[C@H](O)C(C)(C)[C@@H]7CC[C@]6(C)[C@]4(C)CC5)cn3)CC[C@]3(C)C(=CC[C@@H]4[C@@]5(C)CC[C@H](O)C(C)(C)[C@@H]5CC[C@]43C)[C@H]12,49,75,124,49,75,124,26,54,85,6,11,ok,0.006307125,1,0.006307125,6307125.000,,,,10,9,0,"[#6](=[#8])-[#6]-[#6]-[#6]:,-[#6]:,-[#6]:,-[#6]:,-[#6]:,-[#6]",Closest MCS counterpart to a raw SMILES substructure query.,
p0047,size-combinations,mcs,mcs_elements_order_maximize_atoms,MCS elements/order maximize atoms,0,1945731,2469346,C=CC(=O)Nc1cccc(N2C(=O)C(Cc3ccc(Cl)cc3)N(C)C(=O)c3cnc(Nc4ccc(N5CCN(C)CC5)cc4OC)nc32)c1,C[C@H]1[C@H](C)CC[C@]2(C(=O)OCCCn3cc(COC(=O)[C@]45CC[C@@H](C)[C@H](C)[C@@H]4C4=CC[C@@H]6[C@@]7(C)CC[C@H](O)C(C)(C)[C@@H]7CC[C@]6(C)[C@]4(C)CC5)cn3)CC[C@]3(C)C(=CC[C@@H]4[C@@]5(C)CC[C@H](O)C(C)(C)[C@@H]5CC[C@]43C)[C@H]12,49,75,124,49,75,124,26,54,85,6,11,ok,0.006100569,1,0.006100569,6100569.000,,,,10,9,0,"[#6](=[#8])-[#6]-[#6]-[#6]:,-[#6]:,-[#6]:,-[#6]:,-[#6]:,-[#6]","Same element/order comparison, but optimize atom count instead of bond count.",
p0047,size-combinations,mcs,mcs_elements_order_ring_atoms,MCS elements/order ring atoms,0,1945731,2469346,C=CC(=O)Nc1cccc(N2C(=O)C(Cc3ccc(Cl)cc3)N(C)C(=O)c3cnc(Nc4ccc(N5CCN(C)CC5)cc4OC)nc32)c1,C[C@H]1[C@H](C)CC[C@]2(C(=O)OCCCn3cc(COC(=O)[C@]45CC[C@@H](C)[C@H](C)[C@@H]4C4=CC[C@@H]6[C@@]7(C)CC[C@H](O)C(C)(C)[C@@H]7CC[C@]6(C)[C@]4(C)CC5)cn3)CC[C@]3(C)C(=CC[C@@H]4[C@@]5(C)CC[C@H](O)C(C)(C)[C@@H]5CC[C@]43C)[C@H]12,49,75,124,49,75,124,26,54,85,6,11,ok,0.001760153,1,0.001760153,1760153.000,,,,7,7,0,"[#6&!R]-&!@[#6]1:,-;@[#6]:,-;@[#6]:,-;@[#6]:,-;@[#6]:,-;@[#6]:,-;@1",Ring atoms and ring bonds only match ring atoms and ring bonds.,
p0047,size-combinations,mcs,mcs_elements_order_whole_rings,MCS elements/order whole rings,0,1945731,2469346,C=CC(=O)Nc1cccc(N2C(=O)C(Cc3ccc(Cl)cc3)N(C)C(=O)c3cnc(Nc4ccc(N5CCN(C)CC5)cc4OC)nc32)c1,C[C@H]1[C@H](C)CC[C@]2(C(=O)OCCCn3cc(COC(=O)[C@]45CC[C@@H](C)[C@H](C)[C@@H]4C4=CC[C@@H]6[C@@]7(C)CC[C@H](O)C(C)(C)[C@@H]7CC[C@]6(C)[C@]4(C)CC5)cn3)CC[C@]3(C)C(=CC[C@@H]4[C@@]5(C)CC[C@H](O)C(C)(C)[C@@H]5CC[C@]43C)[C@H]12,49,75,124,49,75,124,26,54,85,6,11,ok,0.002523524,1,0.002523524,2523524.000,,,,7,7,0,"[#6]-&!@[#6]1:,-;@[#6]:,-;@[#6]:,-;@[#6]:,-;@[#6]:,-;@[#6]:,-;@1",MCS completeRingsOnly=True; partial ring MCS results are rejected.,
p0047,size-combinations,mcs,mcs_elements_order_ring_atoms_whole_rings,MCS elements/order ring atoms + whole rings,0,1945731,2469346,C=CC(=O)Nc1cccc(N2C(=O)C(Cc3ccc(Cl)cc3)N(C)C(=O)c3cnc(Nc4ccc(N5CCN(C)CC5)cc4OC)nc32)c1,C[C@H]1[C@H](C)CC[C@]2(C(=O)OCCCn3cc(COC(=O)[C@]45CC[C@@H](C)[C@H](C)[C@@H]4C4=CC[C@@H]6[C@@]7(C)CC[C@H](O)C(C)(C)[C@@H]7CC[C@]6(C)[C@]4(C)CC5)cn3)CC[C@]3(C)C(=CC[C@@H]4[C@@]5(C)CC[C@H](O)C(C)(C)[C@@H]5CC[C@]43C)[C@H]12,49,75,124,49,75,124,26,54,85,6,11,ok,0.001685623,1,0.001685623,1685623.000,,,,7,7,0,"[#6&!R]-&!@[#6]1:,-;@[#6]:,-;@[#6]:,-;@[#6]:,-;@[#6]:,-;@[#6]:,-;@1",Both ringMatchesRingOnly and completeRingsOnly are enabled.,
p0047,size-combinations,substruct,substruct_smiles,Substruct raw SMILES,1,1945731,2469346,C=CC(=O)Nc1cccc(N2C(=O)C(Cc3ccc(Cl)cc3)N(C)C(=O)c3cnc(Nc4ccc(N5CCN(C)CC5)cc4OC)nc32)c1,C[C@H]1[C@H](C)CC[C@]2(C(=O)OCCCn3cc(COC(=O)[C@]45CC[C@@H](C)[C@H](C)[C@@H]4C4=CC[C@@H]6[C@@]7(C)CC[C@H](O)C(C)(C)[C@@H]7CC[C@]6(C)[C@]4(C)CC5)cn3)CC[C@]3(C)C(=CC[C@@H]4[C@@]5(C)CC[C@H](O)C(C)(C)[C@@H]5CC[C@]43C)[C@H]12,49,75,124,49,75,124,26,54,85,6,11,ok,0.000109007,20,5.45035e-06,5450.350,has-match,0,0,,,,,Best SMILES-substructure baseline. Substructure has no direct completeRingsOnly option.,
p0047,size-combinations,substruct,substruct_elements_any_bond,Substruct elements/any bond,0,1945731,2469346,C=CC(=O)Nc1cccc(N2C(=O)C(Cc3ccc(Cl)cc3)N(C)C(=O)c3cnc(Nc4ccc(N5CCN(C)CC5)cc4OC)nc32)c1,C[C@H]1[C@H](C)CC[C@]2(C(=O)OCCCn3cc(COC(=O)[C@]45CC[C@@H](C)[C@H](C)[C@@H]4C4=CC[C@@H]6[C@@]7(C)CC[C@H](O)C(C)(C)[C@@H]7CC[C@]6(C)[C@]4(C)CC5)cn3)CC[C@]3(C)C(=CC[C@@H]4[C@@]5(C)CC[C@H](O)C(C)(C)[C@@H]5CC[C@]43C)[C@H]12,49,75,124,49,75,124,26,54,85,6,11,ok,0.000313748,20,1.56874e-05,15687.400,has-match,0,0,,,,,Query keeps atom elements but uses generic bonds.,
p0047,size-combinations,substruct,substruct_any_atom_bond,Substruct any atoms/bonds,0,1945731,2469346,C=CC(=O)Nc1cccc(N2C(=O)C(Cc3ccc(Cl)cc3)N(C)C(=O)c3cnc(Nc4ccc(N5CCN(C)CC5)cc4OC)nc32)c1,C[C@H]1[C@H](C)CC[C@]2(C(=O)OCCCn3cc(COC(=O)[C@]45CC[C@@H](C)[C@H](C)[C@@H]4C4=CC[C@@H]6[C@@]7(C)CC[C@H](O)C(C)(C)[C@@H]7CC[C@]6(C)[C@]4(C)CC5)cn3)CC[C@]3(C)C(=CC[C@@H]4[C@@]5(C)CC[C@H](O)C(C)(C)[C@@H]5CC[C@]43C)[C@H]12,49,75,124,49,75,124,26,54,85,6,11,ok,0.004445578,20,0.0002222789,222278.900,has-match,0,0,,,,,"Query uses generic atoms and generic bonds, similar to CompareAny topology.",
p0047,size-combinations,substruct,substruct_ring_atoms,Substruct ring-chain atoms,0,1945731,2469346,C=CC(=O)Nc1cccc(N2C(=O)C(Cc3ccc(Cl)cc3)N(C)C(=O)c3cnc(Nc4ccc(N5CCN(C)CC5)cc4OC)nc32)c1,C[C@H]1[C@H](C)CC[C@]2(C(=O)OCCCn3cc(COC(=O)[C@]45CC[C@@H](C)[C@H](C)[C@@H]4C4=CC[C@@H]6[C@@]7(C)CC[C@H](O)C(C)(C)[C@@H]7CC[C@]6(C)[C@]4(C)CC5)cn3)CC[C@]3(C)C(=CC[C@@H]4[C@@]5(C)CC[C@H](O)C(C)(C)[C@@H]5CC[C@]43C)[C@H]12,49,75,124,49,75,124,26,54,85,6,11,ok,7.0374e-05,20,3.5187e-06,3518.700,has-match,0,0,,,,,Query adds ring/chain atom constraints; closest substruct analog to ringMatchesRingOnly.,
p0048,size-combinations,mcs,mcs_any_atom_bond,MCS CompareAny atoms/bonds,0,1378769,2325622,COc1cc(-n2cc3c4c(c(C)cc(O)c4c2=O)C2=C(C3=O)[C@]34COC(=O)c5c(O)cc(C)c(c53)C(=O)[C@H]2[C@@H]4OC(C)=O)cc(OC)c1OC,C/C(=C\c1cc(F)c(Oc2ccc(S(=O)(=O)NCCOCCOCCOCCNC(=O)N(C)CCCCN(C)C(=O)NCCOCCOCCOCCNS(=O)(=O)c3ccc(Oc4c(F)cc(/C=C(\C)C(=O)N=C(N)N)cc4F)cc3)cc2)c(F)c1)C(=O)N=C(N)N,50,92,142,50,92,142,42,57,95,8,4,ok,1.00831712,1,1.00831712,1008317116.000,,,,41,40,1,"[#6]-,:[#8,#6]-,:[#6](:,-[#6,#8]:,-[#6](-,:[#7,#6]:[#6]:[#6]:,-[#6,#16](:,-[#6,#7]:,-[#6]:,-[#6]:,-[#6,#8]:,-[#6]-[#6]-[#6,#8]=,-[#6]-[#6]-[#6,#8]-[#6]:,-[#6]:,-[#6,#7]:,-[#6](:,-[#6,#7](-[#6]-[#8,#6]-[#6]-[#6]-[#6,#7]-[#8,#6]-[#6,#7]-[#6]):,-[#6])-,=[#8])-,=[#8]):[#6]):[#6](:[#6]-,:[#8,#6]-[#6])-[#8,#9]",Permissive MCS: any atom type and any bond type can match.,
p0048,size-combinations,mcs,mcs_elements_order,MCS elements/order,1,1378769,2325622,COc1cc(-n2cc3c4c(c(C)cc(O)c4c2=O)C2=C(C3=O)[C@]34COC(=O)c5c(O)cc(C)c(c53)C(=O)[C@H]2[C@@H]4OC(C)=O)cc(OC)c1OC,C/C(=C\c1cc(F)c(Oc2ccc(S(=O)(=O)NCCOCCOCCOCCNC(=O)N(C)CCCCN(C)C(=O)NCCOCCOCCOCCNS(=O)(=O)c3ccc(Oc4c(F)cc(/C=C(\C)C(=O)N=C(N)N)cc4F)cc3)cc2)c(F)c1)C(=O)N=C(N)N,50,92,142,50,92,142,42,57,95,8,4,ok,0.047391597,1,0.047391597,47391597.000,,,,17,16,0,"[#6](=[#6]-[#6]=[#8])-[#6](-,:[#6]-,:[#6])-,:[#6]-,:[#6]-,:[#6]-[#8]-[#6]-,:[#6]:[#6]:[#6]:[#6]-,:[#6]",Closest MCS counterpart to a raw SMILES substructure query.,
p0048,size-combinations,mcs,mcs_elements_order_maximize_atoms,MCS elements/order maximize atoms,0,1378769,2325622,COc1cc(-n2cc3c4c(c(C)cc(O)c4c2=O)C2=C(C3=O)[C@]34COC(=O)c5c(O)cc(C)c(c53)C(=O)[C@H]2[C@@H]4OC(C)=O)cc(OC)c1OC,C/C(=C\c1cc(F)c(Oc2ccc(S(=O)(=O)NCCOCCOCCOCCNC(=O)N(C)CCCCN(C)C(=O)NCCOCCOCCOCCNS(=O)(=O)c3ccc(Oc4c(F)cc(/C=C(\C)C(=O)N=C(N)N)cc4F)cc3)cc2)c(F)c1)C(=O)N=C(N)N,50,92,142,50,92,142,42,57,95,8,4,ok,0.041014061,1,0.041014061,41014061.000,,,,17,16,0,"[#6](=[#6]-[#6]=[#8])-[#6](-,:[#6]-,:[#6])-,:[#6]-,:[#6]-,:[#6]-[#8]-[#6]-,:[#6]:[#6]:[#6]:[#6]-,:[#6]","Same element/order comparison, but optimize atom count instead of bond count.",
p0048,size-combinations,mcs,mcs_elements_order_ring_atoms,MCS elements/order ring atoms,0,1378769,2325622,COc1cc(-n2cc3c4c(c(C)cc(O)c4c2=O)C2=C(C3=O)[C@]34COC(=O)c5c(O)cc(C)c(c53)C(=O)[C@H]2[C@@H]4OC(C)=O)cc(OC)c1OC,C/C(=C\c1cc(F)c(Oc2ccc(S(=O)(=O)NCCOCCOCCOCCNC(=O)N(C)CCCCN(C)C(=O)NCCOCCOCCOCCNS(=O)(=O)c3ccc(Oc4c(F)cc(/C=C(\C)C(=O)N=C(N)N)cc4F)cc3)cc2)c(F)c1)C(=O)N=C(N)N,50,92,142,50,92,142,42,57,95,8,4,ok,0.008871723,1,0.008871723,8871723.000,,,,7,7,0,[#8&!R]-&!@[#6]1:&@[#6]:&@[#6]:&@[#6]:&@[#6]:&@[#6]:&@1,Ring atoms and ring bonds only match ring atoms and ring bonds.,
p0048,size-combinations,mcs,mcs_elements_order_whole_rings,MCS elements/order whole rings,0,1378769,2325622,COc1cc(-n2cc3c4c(c(C)cc(O)c4c2=O)C2=C(C3=O)[C@]34COC(=O)c5c(O)cc(C)c(c53)C(=O)[C@H]2[C@@H]4OC(C)=O)cc(OC)c1OC,C/C(=C\c1cc(F)c(Oc2ccc(S(=O)(=O)NCCOCCOCCOCCNC(=O)N(C)CCCCN(C)C(=O)NCCOCCOCCOCCNS(=O)(=O)c3ccc(Oc4c(F)cc(/C=C(\C)C(=O)N=C(N)N)cc4F)cc3)cc2)c(F)c1)C(=O)N=C(N)N,50,92,142,50,92,142,42,57,95,8,4,ok,0.010386643,1,0.010386643,10386643.000,,,,8,8,0,[#6]-&!@[#8]-&!@[#6]1:&@[#6]:&@[#6]:&@[#6]:&@[#6]:&@[#6]:&@1,MCS completeRingsOnly=True; partial ring MCS results are rejected.,
p0048,size-combinations,mcs,mcs_elements_order_ring_atoms_whole_rings,MCS elements/order ring atoms + whole rings,0,1378769,2325622,COc1cc(-n2cc3c4c(c(C)cc(O)c4c2=O)C2=C(C3=O)[C@]34COC(=O)c5c(O)cc(C)c(c53)C(=O)[C@H]2[C@@H]4OC(C)=O)cc(OC)c1OC,C/C(=C\c1cc(F)c(Oc2ccc(S(=O)(=O)NCCOCCOCCOCCNC(=O)N(C)CCCCN(C)C(=O)NCCOCCOCCOCCNS(=O)(=O)c3ccc(Oc4c(F)cc(/C=C(\C)C(=O)N=C(N)N)cc4F)cc3)cc2)c(F)c1)C(=O)N=C(N)N,50,92,142,50,92,142,42,57,95,8,4,ok,0.007782359,1,0.007782359,7782359.000,,,,7,7,0,[#8&!R]-&!@[#6]1:&@[#6]:&@[#6]:&@[#6]:&@[#6]:&@[#6]:&@1,Both ringMatchesRingOnly and completeRingsOnly are enabled.,
p0048,size-combinations,substruct,substruct_smiles,Substruct raw SMILES,1,1378769,2325622,COc1cc(-n2cc3c4c(c(C)cc(O)c4c2=O)C2=C(C3=O)[C@]34COC(=O)c5c(O)cc(C)c(c53)C(=O)[C@H]2[C@@H]4OC(C)=O)cc(OC)c1OC,C/C(=C\c1cc(F)c(Oc2ccc(S(=O)(=O)NCCOCCOCCOCCNC(=O)N(C)CCCCN(C)C(=O)NCCOCCOCCOCCNS(=O)(=O)c3ccc(Oc4c(F)cc(/C=C(\C)C(=O)N=C(N)N)cc4F)cc3)cc2)c(F)c1)C(=O)N=C(N)N,50,92,142,50,92,142,42,57,95,8,4,ok,9.5579e-05,20,4.77895e-06,4778.950,has-match,0,0,,,,,Best SMILES-substructure baseline. Substructure has no direct completeRingsOnly option.,
p0048,size-combinations,substruct,substruct_elements_any_bond,Substruct elements/any bond,0,1378769,2325622,COc1cc(-n2cc3c4c(c(C)cc(O)c4c2=O)C2=C(C3=O)[C@]34COC(=O)c5c(O)cc(C)c(c53)C(=O)[C@H]2[C@@H]4OC(C)=O)cc(OC)c1OC,C/C(=C\c1cc(F)c(Oc2ccc(S(=O)(=O)NCCOCCOCCOCCNC(=O)N(C)CCCCN(C)C(=O)NCCOCCOCCOCCNS(=O)(=O)c3ccc(Oc4c(F)cc(/C=C(\C)C(=O)N=C(N)N)cc4F)cc3)cc2)c(F)c1)C(=O)N=C(N)N,50,92,142,50,92,142,42,57,95,8,4,ok,8.5639e-05,20,4.28195e-06,4281.950,has-match,0,0,,,,,Query keeps atom elements but uses generic bonds.,
p0048,size-combinations,substruct,substruct_any_atom_bond,Substruct any atoms/bonds,0,1378769,2325622,COc1cc(-n2cc3c4c(c(C)cc(O)c4c2=O)C2=C(C3=O)[C@]34COC(=O)c5c(O)cc(C)c(c53)C(=O)[C@H]2[C@@H]4OC(C)=O)cc(OC)c1OC,C/C(=C\c1cc(F)c(Oc2ccc(S(=O)(=O)NCCOCCOCCOCCNC(=O)N(C)CCCCN(C)C(=O)NCCOCCOCCOCCNS(=O)(=O)c3ccc(Oc4c(F)cc(/C=C(\C)C(=O)N=C(N)N)cc4F)cc3)cc2)c(F)c1)C(=O)N=C(N)N,50,92,142,50,92,142,42,57,95,8,4,ok,0.000457677,20,2.288385e-05,22883.850,has-match,0,0,,,,,"Query uses generic atoms and generic bonds, similar to CompareAny topology.",
p0048,size-combinations,substruct,substruct_ring_atoms,Substruct ring-chain atoms,0,1378769,2325622,COc1cc(-n2cc3c4c(c(C)cc(O)c4c2=O)C2=C(C3=O)[C@]34COC(=O)c5c(O)cc(C)c(c53)C(=O)[C@H]2[C@@H]4OC(C)=O)cc(OC)c1OC,C/C(=C\c1cc(F)c(Oc2ccc(S(=O)(=O)NCCOCCOCCOCCNC(=O)N(C)CCCCN(C)C(=O)NCCOCCOCCOCCNS(=O)(=O)c3ccc(Oc4c(F)cc(/C=C(\C)C(=O)N=C(N)N)cc4F)cc3)cc2)c(F)c1)C(=O)N=C(N)N,50,92,142,50,92,142,42,57,95,8,4,ok,9.0465e-05,20,4.52325e-06,4523.250,has-match,0,0,,,,,Query adds ring/chain atom constraints; closest substruct analog to ringMatchesRingOnly.,
p0049,size-combinations,mcs,mcs_any_atom_bond,MCS CompareAny atoms/bonds,0,1839467,1833205,CC[C@H]1OC(=O)[C@H](C)C(=O)[C@H](C)[C@@H](O[C@@H]2O[C@H](C)C[C@H](N(C)C)[C@H]2O)[C@](C)(OC/C=C/c2ccccc2)C[C@@H](C)C(=O)[C@H](C)[C@H]2NC(=O)O[C@@]21C,C#CC[C@H](NC(=O)[C@H](CCC(=O)O)NC(=O)[C@H](CC(C)C)NC(=O)[C@@H]1CCCN1C(=O)[C@H](CCC(=O)O)NC(=O)[C@H](CC(=O)O)NC(=O)[C@H](Cc1ccc(O)cc1)NC(=O)[C@H](CCC(=O)O)N=[N+]=[N-])C(N)=O,51,72,123,51,72,123,21,54,73,4,2,ok,1.04337115,1,1.04337115,1043371155.000,,,,45,44,1,"[#6]-[#6]-[#6,#7](-[#8,#6]-[#6](=[#8])-[#6,#7]-[#6](=,-[#8,#6])-[#6](-,=[#6,#8])-[#6,#7]-[#8,#6]-[#6](-,=[#8])-[#6,#7]-[#6](-[#6]-[#6]-,#[#6])-[#7,#6](-[#6,#7])-,=[#6,#8])-[#6](-,=[#6,#8])-[#6](-[#6,#7]-[#6](-[#6](-[#6,#7]-[#6](-,=[#6,#8])-[#8,#6]-[#6]-[#6]=,:[#6]-,:[#6]:[#6]:[#6]:[#6])-[#6])=[#8])-[#7,#6]-[#6]-[#8,#6]",Permissive MCS: any atom type and any bond type can match.,
p0049,size-combinations,mcs,mcs_elements_order,MCS elements/order,1,1839467,1833205,CC[C@H]1OC(=O)[C@H](C)C(=O)[C@H](C)[C@@H](O[C@@H]2O[C@H](C)C[C@H](N(C)C)[C@H]2O)[C@](C)(OC/C=C/c2ccccc2)C[C@@H](C)C(=O)[C@H](C)[C@H]2NC(=O)O[C@@]21C,C#CC[C@H](NC(=O)[C@H](CCC(=O)O)NC(=O)[C@H](CC(C)C)NC(=O)[C@@H]1CCCN1C(=O)[C@H](CCC(=O)O)NC(=O)[C@H](CC(=O)O)NC(=O)[C@H](Cc1ccc(O)cc1)NC(=O)[C@H](CCC(=O)O)N=[N+]=[N-])C(N)=O,51,72,123,51,72,123,21,54,73,4,2,ok,0.00728636,1,0.00728636,7286360.000,,,,13,12,0,"[#6]-,:[#6]-,:[#6](-[#8])-,:[#6]-,:[#6]-,:[#6]-[#6]-[#6](-[#7]-[#6]=[#8])-[#6]",Closest MCS counterpart to a raw SMILES substructure query.,
p0049,size-combinations,mcs,mcs_elements_order_maximize_atoms,MCS elements/order maximize atoms,0,1839467,1833205,CC[C@H]1OC(=O)[C@H](C)C(=O)[C@H](C)[C@@H](O[C@@H]2O[C@H](C)C[C@H](N(C)C)[C@H]2O)[C@](C)(OC/C=C/c2ccccc2)C[C@@H](C)C(=O)[C@H](C)[C@H]2NC(=O)O[C@@]21C,C#CC[C@H](NC(=O)[C@H](CCC(=O)O)NC(=O)[C@H](CC(C)C)NC(=O)[C@@H]1CCCN1C(=O)[C@H](CCC(=O)O)NC(=O)[C@H](CC(=O)O)NC(=O)[C@H](Cc1ccc(O)cc1)NC(=O)[C@H](CCC(=O)O)N=[N+]=[N-])C(N)=O,51,72,123,51,72,123,21,54,73,4,2,ok,0.006964289,1,0.006964289,6964289.000,,,,13,12,0,"[#6]-,:[#6]-,:[#6](-[#8])-,:[#6]-,:[#6]-,:[#6]-[#6]-[#6](-[#7]-[#6]=[#8])-[#6]","Same element/order comparison, but optimize atom count instead of bond count.",
p0049,size-combinations,mcs,mcs_elements_order_ring_atoms,MCS elements/order ring atoms,0,1839467,1833205,CC[C@H]1OC(=O)[C@H](C)C(=O)[C@H](C)[C@@H](O[C@@H]2O[C@H](C)C[C@H](N(C)C)[C@H]2O)[C@](C)(OC/C=C/c2ccccc2)C[C@@H](C)C(=O)[C@H](C)[C@H]2NC(=O)O[C@@]21C,C#CC[C@H](NC(=O)[C@H](CCC(=O)O)NC(=O)[C@H](CC(C)C)NC(=O)[C@@H]1CCCN1C(=O)[C@H](CCC(=O)O)NC(=O)[C@H](CC(=O)O)NC(=O)[C@H](Cc1ccc(O)cc1)NC(=O)[C@H](CCC(=O)O)N=[N+]=[N-])C(N)=O,51,72,123,51,72,123,21,54,73,4,2,ok,0.002193376,1,0.002193376,2193376.000,,,,8,7,0,"[#6&!R]-&!@[#6&!R]-&!@[#6&R]-,:;@[#6&R]-,:;@[#6&R]-,:;@[#6&R]-,:;@[#6&R]-,:;@[#6&R]",Ring atoms and ring bonds only match ring atoms and ring bonds.,
p0049,size-combinations,mcs,mcs_elements_order_whole_rings,MCS elements/order whole rings,0,1839467,1833205,CC[C@H]1OC(=O)[C@H](C)C(=O)[C@H](C)[C@@H](O[C@@H]2O[C@H](C)C[C@H](N(C)C)[C@H]2O)[C@](C)(OC/C=C/c2ccccc2)C[C@@H](C)C(=O)[C@H](C)[C@H]2NC(=O)O[C@@]21C,C#CC[C@H](NC(=O)[C@H](CCC(=O)O)NC(=O)[C@H](CC(C)C)NC(=O)[C@@H]1CCCN1C(=O)[C@H](CCC(=O)O)NC(=O)[C@H](CC(=O)O)NC(=O)[C@H](Cc1ccc(O)cc1)NC(=O)[C@H](CCC(=O)O)N=[N+]=[N-])C(N)=O,51,72,123,51,72,123,21,54,73,4,2,ok,0.001019145,1,0.001019145,1019145.000,,,,7,7,0,[#6]-&!@[#6]1:&@[#6]:&@[#6]:&@[#6]:&@[#6]:&@[#6]:&@1,MCS completeRingsOnly=True; partial ring MCS results are rejected.,
p0049,size-combinations,mcs,mcs_elements_order_ring_atoms_whole_rings,MCS elements/order ring atoms + whole rings,0,1839467,1833205,CC[C@H]1OC(=O)[C@H](C)C(=O)[C@H](C)[C@@H](O[C@@H]2O[C@H](C)C[C@H](N(C)C)[C@H]2O)[C@](C)(OC/C=C/c2ccccc2)C[C@@H](C)C(=O)[C@H](C)[C@H]2NC(=O)O[C@@]21C,C#CC[C@H](NC(=O)[C@H](CCC(=O)O)NC(=O)[C@H](CC(C)C)NC(=O)[C@@H]1CCCN1C(=O)[C@H](CCC(=O)O)NC(=O)[C@H](CC(=O)O)NC(=O)[C@H](Cc1ccc(O)cc1)NC(=O)[C@H](CCC(=O)O)N=[N+]=[N-])C(N)=O,51,72,123,51,72,123,21,54,73,4,2,ok,0.000883675,1,0.000883675,883675.000,,,,7,7,0,[#6&!R]-&!@[#6]1:&@[#6]:&@[#6]:&@[#6]:&@[#6]:&@[#6]:&@1,Both ringMatchesRingOnly and completeRingsOnly are enabled.,
p0049,size-combinations,substruct,substruct_smiles,Substruct raw SMILES,1,1839467,1833205,CC[C@H]1OC(=O)[C@H](C)C(=O)[C@H](C)[C@@H](O[C@@H]2O[C@H](C)C[C@H](N(C)C)[C@H]2O)[C@](C)(OC/C=C/c2ccccc2)C[C@@H](C)C(=O)[C@H](C)[C@H]2NC(=O)O[C@@]21C,C#CC[C@H](NC(=O)[C@H](CCC(=O)O)NC(=O)[C@H](CC(C)C)NC(=O)[C@@H]1CCCN1C(=O)[C@H](CCC(=O)O)NC(=O)[C@H](CC(=O)O)NC(=O)[C@H](Cc1ccc(O)cc1)NC(=O)[C@H](CCC(=O)O)N=[N+]=[N-])C(N)=O,51,72,123,51,72,123,21,54,73,4,2,ok,0.000120336,20,6.0168e-06,6016.800,has-match,0,0,,,,,Best SMILES-substructure baseline. Substructure has no direct completeRingsOnly option.,
p0049,size-combinations,substruct,substruct_elements_any_bond,Substruct elements/any bond,0,1839467,1833205,CC[C@H]1OC(=O)[C@H](C)C(=O)[C@H](C)[C@@H](O[C@@H]2O[C@H](C)C[C@H](N(C)C)[C@H]2O)[C@](C)(OC/C=C/c2ccccc2)C[C@@H](C)C(=O)[C@H](C)[C@H]2NC(=O)O[C@@]21C,C#CC[C@H](NC(=O)[C@H](CCC(=O)O)NC(=O)[C@H](CC(C)C)NC(=O)[C@@H]1CCCN1C(=O)[C@H](CCC(=O)O)NC(=O)[C@H](CC(=O)O)NC(=O)[C@H](Cc1ccc(O)cc1)NC(=O)[C@H](CCC(=O)O)N=[N+]=[N-])C(N)=O,51,72,123,51,72,123,21,54,73,4,2,ok,0.000120555,20,6.02775e-06,6027.750,has-match,0,0,,,,,Query keeps atom elements but uses generic bonds.,
p0049,size-combinations,substruct,substruct_any_atom_bond,Substruct any atoms/bonds,0,1839467,1833205,CC[C@H]1OC(=O)[C@H](C)C(=O)[C@H](C)[C@@H](O[C@@H]2O[C@H](C)C[C@H](N(C)C)[C@H]2O)[C@](C)(OC/C=C/c2ccccc2)C[C@@H](C)C(=O)[C@H](C)[C@H]2NC(=O)O[C@@]21C,C#CC[C@H](NC(=O)[C@H](CCC(=O)O)NC(=O)[C@H](CC(C)C)NC(=O)[C@@H]1CCCN1C(=O)[C@H](CCC(=O)O)NC(=O)[C@H](CC(=O)O)NC(=O)[C@H](Cc1ccc(O)cc1)NC(=O)[C@H](CCC(=O)O)N=[N+]=[N-])C(N)=O,51,72,123,51,72,123,21,54,73,4,2,ok,0.00056893,20,2.84465e-05,28446.500,has-match,0,0,,,,,"Query uses generic atoms and generic bonds, similar to CompareAny topology.",
p0049,size-combinations,substruct,substruct_ring_atoms,Substruct ring-chain atoms,0,1839467,1833205,CC[C@H]1OC(=O)[C@H](C)C(=O)[C@H](C)[C@@H](O[C@@H]2O[C@H](C)C[C@H](N(C)C)[C@H]2O)[C@](C)(OC/C=C/c2ccccc2)C[C@@H](C)C(=O)[C@H](C)[C@H]2NC(=O)O[C@@]21C,C#CC[C@H](NC(=O)[C@H](CCC(=O)O)NC(=O)[C@H](CC(C)C)NC(=O)[C@@H]1CCCN1C(=O)[C@H](CCC(=O)O)NC(=O)[C@H](CC(=O)O)NC(=O)[C@H](Cc1ccc(O)cc1)NC(=O)[C@H](CCC(=O)O)N=[N+]=[N-])C(N)=O,51,72,123,51,72,123,21,54,73,4,2,ok,0.000123437,20,6.17185e-06,6171.850,has-match,0,0,,,,,Query adds ring/chain atom constraints; closest substruct analog to ringMatchesRingOnly.,
p0050,size-combinations,mcs,mcs_any_atom_bond,MCS CompareAny atoms/bonds,0,1834309,2038742,C[C@@H]1NC(=O)[C@@H](Cc2c[nH]c3ccccc23)NC(=O)[C@H](Cc2ccccc2)NC(=O)[C@@H]2CCCN2C(=O)[C@H](Cc2ccccc2)NC(=O)[C@H]([C@@H](C)O)NC1=O,NCCCC[C@H](N)C(=O)Nc1ccc(-c2c3nc(c(-c4ccc(NC(=O)[C@@H](N)CCCCN)cc4)c4ccc([nH]4)c(-c4ccc(NC(=O)[C@@H](N)CCCCN)cc4)c4nc(c(-c5ccc(N)cc5)c5ccc2[nH]5)C=C4)C=C3)cc1,55,79,134,55,79,134,24,60,87,6,9,ok,1.01121896,1,1.01121896,1011218958.000,,,,46,45,1,"[#6]-,:[#6](-,:[#7]-,:[#6](=,:[#8,#6])-,:[#6](-[#6]-,:[#6]:[#6]:[#6](:[#7,#6]:[#6]):,-[#6,#7]:,-[#6]:,-[#6]:,-[#6,#7])-,:[#7,#6]-,:[#6,#7]-,:[#6](-[#6]-,=[#6])-,:[#7,#6]-,:[#6](=,:[#8,#6])-,:[#6,#7]-,:[#6]-,:[#6]-[#6]-,:[#7,#6]-,:[#6]-,:[#6](-[#6,#7]-[#6](:,-[#6]:,-[#6]:,-[#6]:,-[#6]):,=[#6,#8])-,:[#7,#6]-,:[#6])-,:[#6](-,:[#7,#6]-,:[#6,#7]-,:[#6]-[#8,#6])=,-[#8,#6]",Permissive MCS: any atom type and any bond type can match.,
p0050,size-combinations,mcs,mcs_elements_order,MCS elements/order,1,1834309,2038742,C[C@@H]1NC(=O)[C@@H](Cc2c[nH]c3ccccc23)NC(=O)[C@H](Cc2ccccc2)NC(=O)[C@@H]2CCCN2C(=O)[C@H](Cc2ccccc2)NC(=O)[C@H]([C@@H](C)O)NC1=O,NCCCC[C@H](N)C(=O)Nc1ccc(-c2c3nc(c(-c4ccc(NC(=O)[C@@H](N)CCCCN)cc4)c4ccc([nH]4)c(-c4ccc(NC(=O)[C@@H](N)CCCCN)cc4)c4nc(c(-c5ccc(N)cc5)c5ccc2[nH]5)C=C4)C=C3)cc1,55,79,134,55,79,134,24,60,87,6,9,ok,0.035429333,1,0.035429333,35429333.000,,,,20,19,0,"[#6]-,:[#6](-,:[#6]-,:[#6]:[#6]:,-[#6]:[#6]:[#6]:[#6]:[#6]:[#7])-[#7]-[#6](=[#8])-[#6](-[#6]-[#6]:,-[#6]:,-[#6])-[#7]",Closest MCS counterpart to a raw SMILES substructure query.,
p0050,size-combinations,mcs,mcs_elements_order_maximize_atoms,MCS elements/order maximize atoms,0,1834309,2038742,C[C@@H]1NC(=O)[C@@H](Cc2c[nH]c3ccccc23)NC(=O)[C@H](Cc2ccccc2)NC(=O)[C@@H]2CCCN2C(=O)[C@H](Cc2ccccc2)NC(=O)[C@H]([C@@H](C)O)NC1=O,NCCCC[C@H](N)C(=O)Nc1ccc(-c2c3nc(c(-c4ccc(NC(=O)[C@@H](N)CCCCN)cc4)c4ccc([nH]4)c(-c4ccc(NC(=O)[C@@H](N)CCCCN)cc4)c4nc(c(-c5ccc(N)cc5)c5ccc2[nH]5)C=C4)C=C3)cc1,55,79,134,55,79,134,24,60,87,6,9,ok,0.036639338,1,0.036639338,36639338.000,,,,20,19,0,"[#6]-,:[#6](-,:[#6]-,:[#6]:[#6]:,-[#6]:[#6]:[#6]:[#6]:[#6]:[#7])-[#7]-[#6](=[#8])-[#6](-[#6]-[#6]:,-[#6]:,-[#6])-[#7]","Same element/order comparison, but optimize atom count instead of bond count.",
p0050,size-combinations,mcs,mcs_elements_order_ring_atoms,MCS elements/order ring atoms,0,1834309,2038742,C[C@@H]1NC(=O)[C@@H](Cc2c[nH]c3ccccc23)NC(=O)[C@H](Cc2ccccc2)NC(=O)[C@@H]2CCCN2C(=O)[C@H](Cc2ccccc2)NC(=O)[C@H]([C@@H](C)O)NC1=O,NCCCC[C@H](N)C(=O)Nc1ccc(-c2c3nc(c(-c4ccc(NC(=O)[C@@H](N)CCCCN)cc4)c4ccc([nH]4)c(-c4ccc(NC(=O)[C@@H](N)CCCCN)cc4)c4nc(c(-c5ccc(N)cc5)c5ccc2[nH]5)C=C4)C=C3)cc1,55,79,134,55,79,134,24,60,87,6,9,ok,0.003264859,1,0.003264859,3264859.000,,,,9,8,0,[#6&R](:&@[#6&R]:&@[#7&R]:&@[#6&R]:&@[#6&R]):&@[#6&R]:&@[#6&R]:&@[#6&R]:&@[#6&R],Ring atoms and ring bonds only match ring atoms and ring bonds.,
p0050,size-combinations,mcs,mcs_elements_order_whole_rings,MCS elements/order whole rings,0,1834309,2038742,C[C@@H]1NC(=O)[C@@H](Cc2c[nH]c3ccccc23)NC(=O)[C@H](Cc2ccccc2)NC(=O)[C@@H]2CCCN2C(=O)[C@H](Cc2ccccc2)NC(=O)[C@H]([C@@H](C)O)NC1=O,NCCCC[C@H](N)C(=O)Nc1ccc(-c2c3nc(c(-c4ccc(NC(=O)[C@@H](N)CCCCN)cc4)c4ccc([nH]4)c(-c4ccc(NC(=O)[C@@H](N)CCCCN)cc4)c4nc(c(-c5ccc(N)cc5)c5ccc2[nH]5)C=C4)C=C3)cc1,55,79,134,55,79,134,24,60,87,6,9,ok,0.004477424,1,0.004477424,4477424.000,,,,7,7,0,[#6]-&!@[#6]1:&@[#6]:&@[#6]:&@[#6]:&@[#6]:&@[#6]:&@1,MCS completeRingsOnly=True; partial ring MCS results are rejected.,
p0050,size-combinations,mcs,mcs_elements_order_ring_atoms_whole_rings,MCS elements/order ring atoms + whole rings,0,1834309,2038742,C[C@@H]1NC(=O)[C@@H](Cc2c[nH]c3ccccc23)NC(=O)[C@H](Cc2ccccc2)NC(=O)[C@@H]2CCCN2C(=O)[C@H](Cc2ccccc2)NC(=O)[C@H]([C@@H](C)O)NC1=O,NCCCC[C@H](N)C(=O)Nc1ccc(-c2c3nc(c(-c4ccc(NC(=O)[C@@H](N)CCCCN)cc4)c4ccc([nH]4)c(-c4ccc(NC(=O)[C@@H](N)CCCCN)cc4)c4nc(c(-c5ccc(N)cc5)c5ccc2[nH]5)C=C4)C=C3)cc1,55,79,134,55,79,134,24,60,87,6,9,ok,0.003289375,1,0.003289375,3289375.000,,,,6,6,0,[#6]1:&@[#6]:&@[#6]:&@[#6]:&@[#6]:&@[#6]:&@1,Both ringMatchesRingOnly and completeRingsOnly are enabled.,
p0050,size-combinations,substruct,substruct_smiles,Substruct raw SMILES,1,1834309,2038742,C[C@@H]1NC(=O)[C@@H](Cc2c[nH]c3ccccc23)NC(=O)[C@H](Cc2ccccc2)NC(=O)[C@@H]2CCCN2C(=O)[C@H](Cc2ccccc2)NC(=O)[C@H]([C@@H](C)O)NC1=O,NCCCC[C@H](N)C(=O)Nc1ccc(-c2c3nc(c(-c4ccc(NC(=O)[C@@H](N)CCCCN)cc4)c4ccc([nH]4)c(-c4ccc(NC(=O)[C@@H](N)CCCCN)cc4)c4nc(c(-c5ccc(N)cc5)c5ccc2[nH]5)C=C4)C=C3)cc1,55,79,134,55,79,134,24,60,87,6,9,ok,0.000137797,20,6.88985e-06,6889.850,has-match,0,0,,,,,Best SMILES-substructure baseline. Substructure has no direct completeRingsOnly option.,
p0050,size-combinations,substruct,substruct_elements_any_bond,Substruct elements/any bond,0,1834309,2038742,C[C@@H]1NC(=O)[C@@H](Cc2c[nH]c3ccccc23)NC(=O)[C@H](Cc2ccccc2)NC(=O)[C@@H]2CCCN2C(=O)[C@H](Cc2ccccc2)NC(=O)[C@H]([C@@H](C)O)NC1=O,NCCCC[C@H](N)C(=O)Nc1ccc(-c2c3nc(c(-c4ccc(NC(=O)[C@@H](N)CCCCN)cc4)c4ccc([nH]4)c(-c4ccc(NC(=O)[C@@H](N)CCCCN)cc4)c4nc(c(-c5ccc(N)cc5)c5ccc2[nH]5)C=C4)C=C3)cc1,55,79,134,55,79,134,24,60,87,6,9,ok,0.000220312,20,1.10156e-05,11015.600,has-match,0,0,,,,,Query keeps atom elements but uses generic bonds.,
p0050,size-combinations,substruct,substruct_any_atom_bond,Substruct any atoms/bonds,0,1834309,2038742,C[C@@H]1NC(=O)[C@@H](Cc2c[nH]c3ccccc23)NC(=O)[C@H](Cc2ccccc2)NC(=O)[C@@H]2CCCN2C(=O)[C@H](Cc2ccccc2)NC(=O)[C@H]([C@@H](C)O)NC1=O,NCCCC[C@H](N)C(=O)Nc1ccc(-c2c3nc(c(-c4ccc(NC(=O)[C@@H](N)CCCCN)cc4)c4ccc([nH]4)c(-c4ccc(NC(=O)[C@@H](N)CCCCN)cc4)c4nc(c(-c5ccc(N)cc5)c5ccc2[nH]5)C=C4)C=C3)cc1,55,79,134,55,79,134,24,60,87,6,9,ok,0.000642937,20,3.214685e-05,32146.850,has-match,0,0,,,,,"Query uses generic atoms and generic bonds, similar to CompareAny topology.",
p0050,size-combinations,substruct,substruct_ring_atoms,Substruct ring-chain atoms,0,1834309,2038742,C[C@@H]1NC(=O)[C@@H](Cc2c[nH]c3ccccc23)NC(=O)[C@H](Cc2ccccc2)NC(=O)[C@@H]2CCCN2C(=O)[C@H](Cc2ccccc2)NC(=O)[C@H]([C@@H](C)O)NC1=O,NCCCC[C@H](N)C(=O)Nc1ccc(-c2c3nc(c(-c4ccc(NC(=O)[C@@H](N)CCCCN)cc4)c4ccc([nH]4)c(-c4ccc(NC(=O)[C@@H](N)CCCCN)cc4)c4nc(c(-c5ccc(N)cc5)c5ccc2[nH]5)C=C4)C=C3)cc1,55,79,134,55,79,134,24,60,87,6,9,ok,9.0341e-05,20,4.51705e-06,4517.050,has-match,0,0,,,,,Query adds ring/chain atom constraints; closest substruct analog to ringMatchesRingOnly.,
p0051,size-combinations,mcs,mcs_any_atom_bond,MCS CompareAny atoms/bonds,0,1981089,2382166,COc1cc(N)cc2c(Nc3ccc(NC(=O)c4ccc(Nc5cc[n+](C)cc5)cc4)cc3)cc[n+](C)c12.Cc1ccc(S(=O)(=O)[O-])cc1.Cc1ccc(S(=O)(=O)[O-])cc1,COC(=O)[C@H](CCCNC(=N)N)NC(=O)[C@H](CCCNC(=N)N)NC(=O)COc1cc(OCC=C(C)C)cc2oc3cc(OCC=C(C)C)cc(OCC(=O)N[C@@H](CCCNC(=N)N)C(=O)N[C@@H](CCCNC(=N)N)C(=O)OC)c3c(=O)c12,60,83,143,60,83,143,23,64,85,7,3,ok,1.02491282,1,1.02491282,1024912821.000,,,,34,34,1,"[#6]-[#8]-[#6]1:[#6]:[#6](-[#7,#8]):[#6]:[#6](:[#6]:1:[#7,#6](:[#6])-,=[#6,#8]):[#6,#8]-,:[#7,#6]-,:[#6]:[#6]:[#6]:[#6]-[#7,#8]-[#6]-[#6](:,-[#6,#7]:,-[#6]:,-[#6](-[#7]-[#6](:,-[#6]:,-[#6]:,-[#7,#6]-[#6,#7]):,-[#6]:,=[#6,#8]):,=[#6,#8]):,=[#6,#8]",Permissive MCS: any atom type and any bond type can match.,
p0051,size-combinations,mcs,mcs_elements_order,MCS elements/order,1,1981089,2382166,COc1cc(N)cc2c(Nc3ccc(NC(=O)c4ccc(Nc5cc[n+](C)cc5)cc4)cc3)cc[n+](C)c12.Cc1ccc(S(=O)(=O)[O-])cc1.Cc1ccc(S(=O)(=O)[O-])cc1,COC(=O)[C@H](CCCNC(=N)N)NC(=O)[C@H](CCCNC(=N)N)NC(=O)COc1cc(OCC=C(C)C)cc2oc3cc(OCC=C(C)C)cc(OCC(=O)N[C@@H](CCCNC(=N)N)C(=O)N[C@@H](CCCNC(=N)N)C(=O)OC)c3c(=O)c12,60,83,143,60,83,143,23,64,85,7,3,ok,0.016443541,1,0.016443541,16443541.000,,,,16,15,0,"[#6]-[#7]-[#6]:,-[#6]:,-[#6]:,-[#6](-[#7]-[#6](=[#8])-[#6]:,-[#6]:,-[#6]:,-[#6]-[#7]-[#6]):,-[#6]",Closest MCS counterpart to a raw SMILES substructure query.,
p0051,size-combinations,mcs,mcs_elements_order_maximize_atoms,MCS elements/order maximize atoms,0,1981089,2382166,COc1cc(N)cc2c(Nc3ccc(NC(=O)c4ccc(Nc5cc[n+](C)cc5)cc4)cc3)cc[n+](C)c12.Cc1ccc(S(=O)(=O)[O-])cc1.Cc1ccc(S(=O)(=O)[O-])cc1,COC(=O)[C@H](CCCNC(=N)N)NC(=O)[C@H](CCCNC(=N)N)NC(=O)COc1cc(OCC=C(C)C)cc2oc3cc(OCC=C(C)C)cc(OCC(=O)N[C@@H](CCCNC(=N)N)C(=O)N[C@@H](CCCNC(=N)N)C(=O)OC)c3c(=O)c12,60,83,143,60,83,143,23,64,85,7,3,ok,0.015255079,1,0.015255079,15255079.000,,,,16,15,0,"[#6]-[#7]-[#6]:,-[#6]:,-[#6]:,-[#6](-[#7]-[#6](=[#8])-[#6]:,-[#6]:,-[#6]:,-[#6]-[#7]-[#6]):,-[#6]","Same element/order comparison, but optimize atom count instead of bond count.",
p0051,size-combinations,mcs,mcs_elements_order_ring_atoms,MCS elements/order ring atoms,0,1981089,2382166,COc1cc(N)cc2c(Nc3ccc(NC(=O)c4ccc(Nc5cc[n+](C)cc5)cc4)cc3)cc[n+](C)c12.Cc1ccc(S(=O)(=O)[O-])cc1.Cc1ccc(S(=O)(=O)[O-])cc1,COC(=O)[C@H](CCCNC(=N)N)NC(=O)[C@H](CCCNC(=N)N)NC(=O)COc1cc(OCC=C(C)C)cc2oc3cc(OCC=C(C)C)cc(OCC(=O)N[C@@H](CCCNC(=N)N)C(=O)N[C@@H](CCCNC(=N)N)C(=O)OC)c3c(=O)c12,60,83,143,60,83,143,23,64,85,7,3,ok,0.00166794,1,0.00166794,1667940.000,,,,11,10,0,[#6&!R]-&!@[#8&!R]-&!@[#6&R](:&@[#6&R]:&@[#6&R]:&@[#6&R]):&@[#6&R]:&@[#6&R]:&@[#6&R]:&@[#6&R]:&@[#6&R],Ring atoms and ring bonds only match ring atoms and ring bonds.,
p0051,size-combinations,mcs,mcs_elements_order_whole_rings,MCS elements/order whole rings,0,1981089,2382166,COc1cc(N)cc2c(Nc3ccc(NC(=O)c4ccc(Nc5cc[n+](C)cc5)cc4)cc3)cc[n+](C)c12.Cc1ccc(S(=O)(=O)[O-])cc1.Cc1ccc(S(=O)(=O)[O-])cc1,COC(=O)[C@H](CCCNC(=N)N)NC(=O)[C@H](CCCNC(=N)N)NC(=O)COc1cc(OCC=C(C)C)cc2oc3cc(OCC=C(C)C)cc(OCC(=O)N[C@@H](CCCNC(=N)N)C(=O)N[C@@H](CCCNC(=N)N)C(=O)OC)c3c(=O)c12,60,83,143,60,83,143,23,64,85,7,3,ok,0.00391081,1,0.00391081,3910810.000,,,,8,8,0,[#6]-&!@[#8]-&!@[#6]1:&@[#6]:&@[#6]:&@[#6]:&@[#6]:&@[#6]:&@1,MCS completeRingsOnly=True; partial ring MCS results are rejected.,
p0051,size-combinations,mcs,mcs_elements_order_ring_atoms_whole_rings,MCS elements/order ring atoms + whole rings,0,1981089,2382166,COc1cc(N)cc2c(Nc3ccc(NC(=O)c4ccc(Nc5cc[n+](C)cc5)cc4)cc3)cc[n+](C)c12.Cc1ccc(S(=O)(=O)[O-])cc1.Cc1ccc(S(=O)(=O)[O-])cc1,COC(=O)[C@H](CCCNC(=N)N)NC(=O)[C@H](CCCNC(=N)N)NC(=O)COc1cc(OCC=C(C)C)cc2oc3cc(OCC=C(C)C)cc(OCC(=O)N[C@@H](CCCNC(=N)N)C(=O)N[C@@H](CCCNC(=N)N)C(=O)OC)c3c(=O)c12,60,83,143,60,83,143,23,64,85,7,3,ok,0.002481866,1,0.002481866,2481866.000,,,,8,8,0,[#6&!R]-&!@[#8&!R]-&!@[#6]1:&@[#6]:&@[#6]:&@[#6]:&@[#6]:&@[#6]:&@1,Both ringMatchesRingOnly and completeRingsOnly are enabled.,
p0051,size-combinations,substruct,substruct_smiles,Substruct raw SMILES,1,1981089,2382166,COc1cc(N)cc2c(Nc3ccc(NC(=O)c4ccc(Nc5cc[n+](C)cc5)cc4)cc3)cc[n+](C)c12.Cc1ccc(S(=O)(=O)[O-])cc1.Cc1ccc(S(=O)(=O)[O-])cc1,COC(=O)[C@H](CCCNC(=N)N)NC(=O)[C@H](CCCNC(=N)N)NC(=O)COc1cc(OCC=C(C)C)cc2oc3cc(OCC=C(C)C)cc(OCC(=O)N[C@@H](CCCNC(=N)N)C(=O)N[C@@H](CCCNC(=N)N)C(=O)OC)c3c(=O)c12,60,83,143,60,83,143,23,64,85,7,3,ok,0.000112599,20,5.62995e-06,5629.950,has-match,0,0,,,,,Best SMILES-substructure baseline. Substructure has no direct completeRingsOnly option.,
p0051,size-combinations,substruct,substruct_elements_any_bond,Substruct elements/any bond,0,1981089,2382166,COc1cc(N)cc2c(Nc3ccc(NC(=O)c4ccc(Nc5cc[n+](C)cc5)cc4)cc3)cc[n+](C)c12.Cc1ccc(S(=O)(=O)[O-])cc1.Cc1ccc(S(=O)(=O)[O-])cc1,COC(=O)[C@H](CCCNC(=N)N)NC(=O)[C@H](CCCNC(=N)N)NC(=O)COc1cc(OCC=C(C)C)cc2oc3cc(OCC=C(C)C)cc(OCC(=O)N[C@@H](CCCNC(=N)N)C(=O)N[C@@H](CCCNC(=N)N)C(=O)OC)c3c(=O)c12,60,83,143,60,83,143,23,64,85,7,3,ok,0.000114697,20,5.73485e-06,5734.850,has-match,0,0,,,,,Query keeps atom elements but uses generic bonds.,
p0051,size-combinations,substruct,substruct_any_atom_bond,Substruct any atoms/bonds,0,1981089,2382166,COc1cc(N)cc2c(Nc3ccc(NC(=O)c4ccc(Nc5cc[n+](C)cc5)cc4)cc3)cc[n+](C)c12.Cc1ccc(S(=O)(=O)[O-])cc1.Cc1ccc(S(=O)(=O)[O-])cc1,COC(=O)[C@H](CCCNC(=N)N)NC(=O)[C@H](CCCNC(=N)N)NC(=O)COc1cc(OCC=C(C)C)cc2oc3cc(OCC=C(C)C)cc(OCC(=O)N[C@@H](CCCNC(=N)N)C(=O)N[C@@H](CCCNC(=N)N)C(=O)OC)c3c(=O)c12,60,83,143,60,83,143,23,64,85,7,3,ok,0.000937269,20,4.686345e-05,46863.450,has-match,0,0,,,,,"Query uses generic atoms and generic bonds, similar to CompareAny topology.",
p0051,size-combinations,substruct,substruct_ring_atoms,Substruct ring-chain atoms,0,1981089,2382166,COc1cc(N)cc2c(Nc3ccc(NC(=O)c4ccc(Nc5cc[n+](C)cc5)cc4)cc3)cc[n+](C)c12.Cc1ccc(S(=O)(=O)[O-])cc1.Cc1ccc(S(=O)(=O)[O-])cc1,COC(=O)[C@H](CCCNC(=N)N)NC(=O)[C@H](CCCNC(=N)N)NC(=O)COc1cc(OCC=C(C)C)cc2oc3cc(OCC=C(C)C)cc(OCC(=O)N[C@@H](CCCNC(=N)N)C(=O)N[C@@H](CCCNC(=N)N)C(=O)OC)c3c(=O)c12,60,83,143,60,83,143,23,64,85,7,3,ok,0.000132804,20,6.6402e-06,6640.200,has-match,0,0,,,,,Query adds ring/chain atom constraints; closest substruct analog to ringMatchesRingOnly.,
p0052,size-combinations,mcs,mcs_any_atom_bond,MCS CompareAny atoms/bonds,0,2469346,2128182,C[C@H]1[C@H](C)CC[C@]2(C(=O)OCCCn3cc(COC(=O)[C@]45CC[C@@H](C)[C@H](C)[C@@H]4C4=CC[C@@H]6[C@@]7(C)CC[C@H](O)C(C)(C)[C@@H]7CC[C@]6(C)[C@]4(C)CC5)cn3)CC[C@]3(C)C(=CC[C@@H]4[C@@]5(C)CC[C@H](O)C(C)(C)[C@@H]5CC[C@]43C)[C@H]12,CC[C@H](C)[C@H](NC(=O)[C@H](CCCNC(=N)N)NC(=O)[C@@H]1CCCN1C(=O)[C@H](CCCCN)NC(=O)[C@H](CC(C)C)NC(=O)[C@@H](N)CCCCN)C(=O)N[C@@H](CCCNC(=N)N)C(=O)N[C@@H](CC(C)C)C(=O)N[C@@H](Cc1ccccc1)C(=O)NCC(=O)NCC(=O)O,75,91,166,75,91,166,16,85,92,11,2,ok,1.01582511,1,1.01582511,1015825112.000,,,,48,47,1,"[#6,#8]-,=[#6](-[#6](-[#6])-[#6,#7]-[#6])-[#6,#7](-[#6]=,-[#6])-[#6](-[#6](=[#8])-[#8,#7]-[#6]-[#6]-[#6,#7]-[#7,#6](:,-[#6]:,-[#6,#7]-[#6]-[#8,#6]-[#6,#7]-[#6](-[#6]-[#6](-[#6])-[#6])-[#6]-[#6,#7]-[#6](-[#6](-[#6,#7]-[#6]-[#6]-[#6,#7]-[#6]-[#8,#6])-,=[#6,#8])-[#6]=,-[#6]-,:[#6]-,:[#6]-,:[#6]-,:[#6]-,:[#6]):,-[#7,#6]:,-[#6])-[#6]",Permissive MCS: any atom type and any bond type can match.,
p0052,size-combinations,mcs,mcs_elements_order,MCS elements/order,1,2469346,2128182,C[C@H]1[C@H](C)CC[C@]2(C(=O)OCCCn3cc(COC(=O)[C@]45CC[C@@H](C)[C@H](C)[C@@H]4C4=CC[C@@H]6[C@@]7(C)CC[C@H](O)C(C)(C)[C@@H]7CC[C@]6(C)[C@]4(C)CC5)cn3)CC[C@]3(C)C(=CC[C@@H]4[C@@]5(C)CC[C@H](O)C(C)(C)[C@@H]5CC[C@]43C)[C@H]12,CC[C@H](C)[C@H](NC(=O)[C@H](CCCNC(=N)N)NC(=O)[C@@H]1CCCN1C(=O)[C@H](CCCCN)NC(=O)[C@H](CC(C)C)NC(=O)[C@@H](N)CCCCN)C(=O)N[C@@H](CCCNC(=N)N)C(=O)N[C@@H](CC(C)C)C(=O)N[C@@H](Cc1ccccc1)C(=O)NCC(=O)NCC(=O)O,75,91,166,75,91,166,16,85,92,11,2,ok,0.095327495,1,0.095327495,95327495.000,,,,10,9,0,"[#6]-,:[#6]-,:[#6]-,:[#6]-,:[#6]-,:[#6]-[#6]-[#6]-[#6]=[#8]",Closest MCS counterpart to a raw SMILES substructure query.,
p0052,size-combinations,mcs,mcs_elements_order_maximize_atoms,MCS elements/order maximize atoms,0,2469346,2128182,C[C@H]1[C@H](C)CC[C@]2(C(=O)OCCCn3cc(COC(=O)[C@]45CC[C@@H](C)[C@H](C)[C@@H]4C4=CC[C@@H]6[C@@]7(C)CC[C@H](O)C(C)(C)[C@@H]7CC[C@]6(C)[C@]4(C)CC5)cn3)CC[C@]3(C)C(=CC[C@@H]4[C@@]5(C)CC[C@H](O)C(C)(C)[C@@H]5CC[C@]43C)[C@H]12,CC[C@H](C)[C@H](NC(=O)[C@H](CCCNC(=N)N)NC(=O)[C@@H]1CCCN1C(=O)[C@H](CCCCN)NC(=O)[C@H](CC(C)C)NC(=O)[C@@H](N)CCCCN)C(=O)N[C@@H](CCCNC(=N)N)C(=O)N[C@@H](CC(C)C)C(=O)N[C@@H](Cc1ccccc1)C(=O)NCC(=O)NCC(=O)O,75,91,166,75,91,166,16,85,92,11,2,ok,0.094522649,1,0.094522649,94522649.000,,,,10,9,0,"[#6]-,:[#6]-,:[#6]-,:[#6]-,:[#6]-,:[#6]-[#6]-[#6]-[#6]=[#8]","Same element/order comparison, but optimize atom count instead of bond count.",
p0052,size-combinations,mcs,mcs_elements_order_ring_atoms,MCS elements/order ring atoms,0,2469346,2128182,C[C@H]1[C@H](C)CC[C@]2(C(=O)OCCCn3cc(COC(=O)[C@]45CC[C@@H](C)[C@H](C)[C@@H]4C4=CC[C@@H]6[C@@]7(C)CC[C@H](O)C(C)(C)[C@@H]7CC[C@]6(C)[C@]4(C)CC5)cn3)CC[C@]3(C)C(=CC[C@@H]4[C@@]5(C)CC[C@H](O)C(C)(C)[C@@H]5CC[C@]43C)[C@H]12,CC[C@H](C)[C@H](NC(=O)[C@H](CCCNC(=N)N)NC(=O)[C@@H]1CCCN1C(=O)[C@H](CCCCN)NC(=O)[C@H](CC(C)C)NC(=O)[C@@H](N)CCCCN)C(=O)N[C@@H](CCCNC(=N)N)C(=O)N[C@@H](CC(C)C)C(=O)N[C@@H](Cc1ccccc1)C(=O)NCC(=O)NCC(=O)O,75,91,166,75,91,166,16,85,92,11,2,ok,0.016082704,1,0.016082704,16082704.000,,,,7,7,0,"[#6&!R]-&!@[#6]1-,:;@[#6]-,:;@[#6]-,:;@[#6]-,:;@[#6]-,:;@[#6]-,:;@1",Ring atoms and ring bonds only match ring atoms and ring bonds.,
p0052,size-combinations,mcs,mcs_elements_order_whole_rings,MCS elements/order whole rings,0,2469346,2128182,C[C@H]1[C@H](C)CC[C@]2(C(=O)OCCCn3cc(COC(=O)[C@]45CC[C@@H](C)[C@H](C)[C@@H]4C4=CC[C@@H]6[C@@]7(C)CC[C@H](O)C(C)(C)[C@@H]7CC[C@]6(C)[C@]4(C)CC5)cn3)CC[C@]3(C)C(=CC[C@@H]4[C@@]5(C)CC[C@H](O)C(C)(C)[C@@H]5CC[C@]43C)[C@H]12,CC[C@H](C)[C@H](NC(=O)[C@H](CCCNC(=N)N)NC(=O)[C@@H]1CCCN1C(=O)[C@H](CCCCN)NC(=O)[C@H](CC(C)C)NC(=O)[C@@H](N)CCCCN)C(=O)N[C@@H](CCCNC(=N)N)C(=O)N[C@@H](CC(C)C)C(=O)N[C@@H](Cc1ccccc1)C(=O)NCC(=O)NCC(=O)O,75,91,166,75,91,166,16,85,92,11,2,ok,0.014903956,1,0.014903956,14903956.000,,,,7,7,0,"[#6]-&!@[#6]1-,:;@[#6]-,:;@[#6]-,:;@[#6]-,:;@[#6]-,:;@[#6]-,:;@1",MCS completeRingsOnly=True; partial ring MCS results are rejected.,
p0052,size-combinations,mcs,mcs_elements_order_ring_atoms_whole_rings,MCS elements/order ring atoms + whole rings,0,2469346,2128182,C[C@H]1[C@H](C)CC[C@]2(C(=O)OCCCn3cc(COC(=O)[C@]45CC[C@@H](C)[C@H](C)[C@@H]4C4=CC[C@@H]6[C@@]7(C)CC[C@H](O)C(C)(C)[C@@H]7CC[C@]6(C)[C@]4(C)CC5)cn3)CC[C@]3(C)C(=CC[C@@H]4[C@@]5(C)CC[C@H](O)C(C)(C)[C@@H]5CC[C@]43C)[C@H]12,CC[C@H](C)[C@H](NC(=O)[C@H](CCCNC(=N)N)NC(=O)[C@@H]1CCCN1C(=O)[C@H](CCCCN)NC(=O)[C@H](CC(C)C)NC(=O)[C@@H](N)CCCCN)C(=O)N[C@@H](CCCNC(=N)N)C(=O)N[C@@H](CC(C)C)C(=O)N[C@@H](Cc1ccccc1)C(=O)NCC(=O)NCC(=O)O,75,91,166,75,91,166,16,85,92,11,2,ok,0.011756548,1,0.011756548,11756548.000,,,,7,7,0,"[#6&!R]-&!@[#6]1-,:;@[#6]-,:;@[#6]-,:;@[#6]-,:;@[#6]-,:;@[#6]-,:;@1",Both ringMatchesRingOnly and completeRingsOnly are enabled.,
p0052,size-combinations,substruct,substruct_smiles,Substruct raw SMILES,1,2469346,2128182,C[C@H]1[C@H](C)CC[C@]2(C(=O)OCCCn3cc(COC(=O)[C@]45CC[C@@H](C)[C@H](C)[C@@H]4C4=CC[C@@H]6[C@@]7(C)CC[C@H](O)C(C)(C)[C@@H]7CC[C@]6(C)[C@]4(C)CC5)cn3)CC[C@]3(C)C(=CC[C@@H]4[C@@]5(C)CC[C@H](O)C(C)(C)[C@@H]5CC[C@]43C)[C@H]12,CC[C@H](C)[C@H](NC(=O)[C@H](CCCNC(=N)N)NC(=O)[C@@H]1CCCN1C(=O)[C@H](CCCCN)NC(=O)[C@H](CC(C)C)NC(=O)[C@@H](N)CCCCN)C(=O)N[C@@H](CCCNC(=N)N)C(=O)N[C@@H](CC(C)C)C(=O)N[C@@H](Cc1ccccc1)C(=O)NCC(=O)NCC(=O)O,75,91,166,75,91,166,16,85,92,11,2,ok,0.000118556,20,5.9278e-06,5927.800,has-match,0,0,,,,,Best SMILES-substructure baseline. Substructure has no direct completeRingsOnly option.,
p0052,size-combinations,substruct,substruct_elements_any_bond,Substruct elements/any bond,0,2469346,2128182,C[C@H]1[C@H](C)CC[C@]2(C(=O)OCCCn3cc(COC(=O)[C@]45CC[C@@H](C)[C@H](C)[C@@H]4C4=CC[C@@H]6[C@@]7(C)CC[C@H](O)C(C)(C)[C@@H]7CC[C@]6(C)[C@]4(C)CC5)cn3)CC[C@]3(C)C(=CC[C@@H]4[C@@]5(C)CC[C@H](O)C(C)(C)[C@@H]5CC[C@]43C)[C@H]12,CC[C@H](C)[C@H](NC(=O)[C@H](CCCNC(=N)N)NC(=O)[C@@H]1CCCN1C(=O)[C@H](CCCCN)NC(=O)[C@H](CC(C)C)NC(=O)[C@@H](N)CCCCN)C(=O)N[C@@H](CCCNC(=N)N)C(=O)N[C@@H](CC(C)C)C(=O)N[C@@H](Cc1ccccc1)C(=O)NCC(=O)NCC(=O)O,75,91,166,75,91,166,16,85,92,11,2,ok,0.000106995,20,5.34975e-06,5349.750,has-match,0,0,,,,,Query keeps atom elements but uses generic bonds.,
p0052,size-combinations,substruct,substruct_any_atom_bond,Substruct any atoms/bonds,0,2469346,2128182,C[C@H]1[C@H](C)CC[C@]2(C(=O)OCCCn3cc(COC(=O)[C@]45CC[C@@H](C)[C@H](C)[C@@H]4C4=CC[C@@H]6[C@@]7(C)CC[C@H](O)C(C)(C)[C@@H]7CC[C@]6(C)[C@]4(C)CC5)cn3)CC[C@]3(C)C(=CC[C@@H]4[C@@]5(C)CC[C@H](O)C(C)(C)[C@@H]5CC[C@]43C)[C@H]12,CC[C@H](C)[C@H](NC(=O)[C@H](CCCNC(=N)N)NC(=O)[C@@H]1CCCN1C(=O)[C@H](CCCCN)NC(=O)[C@H](CC(C)C)NC(=O)[C@@H](N)CCCCN)C(=O)N[C@@H](CCCNC(=N)N)C(=O)N[C@@H](CC(C)C)C(=O)N[C@@H](Cc1ccccc1)C(=O)NCC(=O)NCC(=O)O,75,91,166,75,91,166,16,85,92,11,2,ok,0.000374915,20,1.874575e-05,18745.750,has-match,0,0,,,,,"Query uses generic atoms and generic bonds, similar to CompareAny topology.",
p0052,size-combinations,substruct,substruct_ring_atoms,Substruct ring-chain atoms,0,2469346,2128182,C[C@H]1[C@H](C)CC[C@]2(C(=O)OCCCn3cc(COC(=O)[C@]45CC[C@@H](C)[C@H](C)[C@@H]4C4=CC[C@@H]6[C@@]7(C)CC[C@H](O)C(C)(C)[C@@H]7CC[C@]6(C)[C@]4(C)CC5)cn3)CC[C@]3(C)C(=CC[C@@H]4[C@@]5(C)CC[C@H](O)C(C)(C)[C@@H]5CC[C@]43C)[C@H]12,CC[C@H](C)[C@H](NC(=O)[C@H](CCCNC(=N)N)NC(=O)[C@@H]1CCCN1C(=O)[C@H](CCCCN)NC(=O)[C@H](CC(C)C)NC(=O)[C@@H](N)CCCCN)C(=O)N[C@@H](CCCNC(=N)N)C(=O)N[C@@H](CC(C)C)C(=O)N[C@@H](Cc1ccccc1)C(=O)NCC(=O)NCC(=O)O,75,91,166,75,91,166,16,85,92,11,2,ok,0.00010384,20,5.192e-06,5192.000,has-match,0,0,,,,,Query adds ring/chain atom constraints; closest substruct analog to ringMatchesRingOnly.,
p0053,size-combinations,mcs,mcs_any_atom_bond,MCS CompareAny atoms/bonds,0,914449,585838,C[C@@H]1O[C@@H](O[C@H]2[C@H](O[C@H]3[C@@H](O)[C@@H](CO)O[C@@H](O[C@H]4[C@@H](O)[C@@H](CO)O[C@H](O[C@@H]5[C@H](O)[C@@H](O)[C@H](O[C@H]6[C@H](O)[C@@H](O)[C@H](OCCCCCN)O[C@@H]6CO)O[C@@H]5CO)[C@@H]4O)[C@@H]3NC(=O)C(F)(F)F)O[C@H](CO)[C@H](O)[C@@H]2O)[C@@H](O)[C@H](O)[C@@H]1O,CCCC[C@H](N)C(=O)N1CCC[C@H]1C(=O)N[C@@H](CC(C)C)C(=O)N[C@@H](Cc1cnc[nH]1)C(=O)N[C@@H](CO)C(=O)N[C@@H](CCCNC(=N)N)C(=O)N[C@H](C(=O)N1CCC[C@H]1C(=O)N[C@@H](Cc1ccccc1)C(=O)N[C@@H](Cc1ccccc1)C(=O)O)C(C)C,78,87,165,78,87,165,9,83,91,6,5,ok,1.03782317,1,1.03782317,1037823171.000,,,,63,62,1,"[#6]-[#6,#7](-[#8,#6]-[#6]-[#8,#7]-[#6](-[#6](-[#8,#7]-[#6](-[#6](-,=[#8])-[#6,#7]-[#8,#6]-[#6]-[#8,#7]-[#6](-[#6]-[#6]-[#6]-[#8,#7])-[#6](-[#6,#7]-[#8,#6]-[#6](-,=[#6,#8])-[#6,#7](-[#8,#6]-[#6](-,=[#6,#8])-[#8,#7]-[#6](-[#6]-[#8,#6])-[#6](-[#8,#7]-[#6](-[#6]-,=[#8])-[#8,#6]-[#6]-,:[#6]-,:[#6]-,:[#6]-,:[#6]-,:[#7,#6])-,=[#6,#8])-[#6]-[#8,#6])-,=[#8])-[#6]-[#7,#6]-,:[#6]-,:[#6,#7]-,:[#9,#6])-,=[#8])-[#6]-[#8,#6])-[#6](-[#6](-[#6]-[#8,#6])-[#8,#7])-,=[#8]",Permissive MCS: any atom type and any bond type can match.,
p0053,size-combinations,mcs,mcs_elements_order,MCS elements/order,1,914449,585838,C[C@@H]1O[C@@H](O[C@H]2[C@H](O[C@H]3[C@@H](O)[C@@H](CO)O[C@@H](O[C@H]4[C@@H](O)[C@@H](CO)O[C@H](O[C@@H]5[C@H](O)[C@@H](O)[C@H](O[C@H]6[C@H](O)[C@@H](O)[C@H](OCCCCCN)O[C@@H]6CO)O[C@@H]5CO)[C@@H]4O)[C@@H]3NC(=O)C(F)(F)F)O[C@H](CO)[C@H](O)[C@@H]2O)[C@@H](O)[C@H](O)[C@@H]1O,CCCC[C@H](N)C(=O)N1CCC[C@H]1C(=O)N[C@@H](CC(C)C)C(=O)N[C@@H](Cc1cnc[nH]1)C(=O)N[C@@H](CO)C(=O)N[C@@H](CCCNC(=N)N)C(=O)N[C@H](C(=O)N1CCC[C@H]1C(=O)N[C@@H](Cc1ccccc1)C(=O)N[C@@H](Cc1ccccc1)C(=O)O)C(C)C,78,87,165,78,87,165,9,83,91,6,5,ok,0.00666248,1,0.00666248,6662480.000,,,,11,10,0,"[#6](-[#6]-,:[#6]-,:[#6])-[#6](-[#6]-[#8])-[#7]-[#6](=[#8])-[#6]",Closest MCS counterpart to a raw SMILES substructure query.,
p0053,size-combinations,mcs,mcs_elements_order_maximize_atoms,MCS elements/order maximize atoms,0,914449,585838,C[C@@H]1O[C@@H](O[C@H]2[C@H](O[C@H]3[C@@H](O)[C@@H](CO)O[C@@H](O[C@H]4[C@@H](O)[C@@H](CO)O[C@H](O[C@@H]5[C@H](O)[C@@H](O)[C@H](O[C@H]6[C@H](O)[C@@H](O)[C@H](OCCCCCN)O[C@@H]6CO)O[C@@H]5CO)[C@@H]4O)[C@@H]3NC(=O)C(F)(F)F)O[C@H](CO)[C@H](O)[C@@H]2O)[C@@H](O)[C@H](O)[C@@H]1O,CCCC[C@H](N)C(=O)N1CCC[C@H]1C(=O)N[C@@H](CC(C)C)C(=O)N[C@@H](Cc1cnc[nH]1)C(=O)N[C@@H](CO)C(=O)N[C@@H](CCCNC(=N)N)C(=O)N[C@H](C(=O)N1CCC[C@H]1C(=O)N[C@@H](Cc1ccccc1)C(=O)N[C@@H](Cc1ccccc1)C(=O)O)C(C)C,78,87,165,78,87,165,9,83,91,6,5,ok,0.004411883,1,0.004411883,4411883.000,,,,11,10,0,"[#6](-[#6]-,:[#6]-,:[#6])-[#6](-[#6]-[#8])-[#7]-[#6](=[#8])-[#6]","Same element/order comparison, but optimize atom count instead of bond count.",
p0053,size-combinations,mcs,mcs_elements_order_ring_atoms,MCS elements/order ring atoms,0,914449,585838,C[C@@H]1O[C@@H](O[C@H]2[C@H](O[C@H]3[C@@H](O)[C@@H](CO)O[C@@H](O[C@H]4[C@@H](O)[C@@H](CO)O[C@H](O[C@@H]5[C@H](O)[C@@H](O)[C@H](O[C@H]6[C@H](O)[C@@H](O)[C@H](OCCCCCN)O[C@@H]6CO)O[C@@H]5CO)[C@@H]4O)[C@@H]3NC(=O)C(F)(F)F)O[C@H](CO)[C@H](O)[C@@H]2O)[C@@H](O)[C@H](O)[C@@H]1O,CCCC[C@H](N)C(=O)N1CCC[C@H]1C(=O)N[C@@H](CC(C)C)C(=O)N[C@@H](Cc1cnc[nH]1)C(=O)N[C@@H](CO)C(=O)N[C@@H](CCCNC(=N)N)C(=O)N[C@H](C(=O)N1CCC[C@H]1C(=O)N[C@@H](Cc1ccccc1)C(=O)N[C@@H](Cc1ccccc1)C(=O)O)C(C)C,78,87,165,78,87,165,9,83,91,6,5,ok,0.00187444,1,0.00187444,1874440.000,,,,6,5,0,"[#6&!R]-&!@[#6&R]-,:;@[#6&R]-,:;@[#6&R]-,:;@[#6&R]-,:;@[#6&R]",Ring atoms and ring bonds only match ring atoms and ring bonds.,
p0053,size-combinations,mcs,mcs_elements_order_whole_rings,MCS elements/order whole rings,0,914449,585838,C[C@@H]1O[C@@H](O[C@H]2[C@H](O[C@H]3[C@@H](O)[C@@H](CO)O[C@@H](O[C@H]4[C@@H](O)[C@@H](CO)O[C@H](O[C@@H]5[C@H](O)[C@@H](O)[C@H](O[C@H]6[C@H](O)[C@@H](O)[C@H](OCCCCCN)O[C@@H]6CO)O[C@@H]5CO)[C@@H]4O)[C@@H]3NC(=O)C(F)(F)F)O[C@H](CO)[C@H](O)[C@@H]2O)[C@@H](O)[C@H](O)[C@@H]1O,CCCC[C@H](N)C(=O)N1CCC[C@H]1C(=O)N[C@@H](CC(C)C)C(=O)N[C@@H](Cc1cnc[nH]1)C(=O)N[C@@H](CO)C(=O)N[C@@H](CCCNC(=N)N)C(=O)N[C@H](C(=O)N1CCC[C@H]1C(=O)N[C@@H](Cc1ccccc1)C(=O)N[C@@H](Cc1ccccc1)C(=O)O)C(C)C,78,87,165,78,87,165,9,83,91,6,5,ok,0.002801731,1,0.002801731,2801731.000,,,,6,5,0,[#6]-&!@[#6]-&!@[#6]-&!@[#6]-&!@[#6]-&!@[#7],MCS completeRingsOnly=True; partial ring MCS results are rejected.,
p0053,size-combinations,mcs,mcs_elements_order_ring_atoms_whole_rings,MCS elements/order ring atoms + whole rings,0,914449,585838,C[C@@H]1O[C@@H](O[C@H]2[C@H](O[C@H]3[C@@H](O)[C@@H](CO)O[C@@H](O[C@H]4[C@@H](O)[C@@H](CO)O[C@H](O[C@@H]5[C@H](O)[C@@H](O)[C@H](O[C@H]6[C@H](O)[C@@H](O)[C@H](OCCCCCN)O[C@@H]6CO)O[C@@H]5CO)[C@@H]4O)[C@@H]3NC(=O)C(F)(F)F)O[C@H](CO)[C@H](O)[C@@H]2O)[C@@H](O)[C@H](O)[C@@H]1O,CCCC[C@H](N)C(=O)N1CCC[C@H]1C(=O)N[C@@H](CC(C)C)C(=O)N[C@@H](Cc1cnc[nH]1)C(=O)N[C@@H](CO)C(=O)N[C@@H](CCCNC(=N)N)C(=O)N[C@H](C(=O)N1CCC[C@H]1C(=O)N[C@@H](Cc1ccccc1)C(=O)N[C@@H](Cc1ccccc1)C(=O)O)C(C)C,78,87,165,78,87,165,9,83,91,6,5,ok,0.002197919,1,0.002197919,2197919.000,,,,6,5,0,[#6&!R]-&!@[#6&!R]-&!@[#6&!R]-&!@[#6&!R]-&!@[#6&!R]-&!@[#7&!R],Both ringMatchesRingOnly and completeRingsOnly are enabled.,
p0053,size-combinations,substruct,substruct_smiles,Substruct raw SMILES,1,914449,585838,C[C@@H]1O[C@@H](O[C@H]2[C@H](O[C@H]3[C@@H](O)[C@@H](CO)O[C@@H](O[C@H]4[C@@H](O)[C@@H](CO)O[C@H](O[C@@H]5[C@H](O)[C@@H](O)[C@H](O[C@H]6[C@H](O)[C@@H](O)[C@H](OCCCCCN)O[C@@H]6CO)O[C@@H]5CO)[C@@H]4O)[C@@H]3NC(=O)C(F)(F)F)O[C@H](CO)[C@H](O)[C@@H]2O)[C@@H](O)[C@H](O)[C@@H]1O,CCCC[C@H](N)C(=O)N1CCC[C@H]1C(=O)N[C@@H](CC(C)C)C(=O)N[C@@H](Cc1cnc[nH]1)C(=O)N[C@@H](CO)C(=O)N[C@@H](CCCNC(=N)N)C(=O)N[C@H](C(=O)N1CCC[C@H]1C(=O)N[C@@H](Cc1ccccc1)C(=O)N[C@@H](Cc1ccccc1)C(=O)O)C(C)C,78,87,165,78,87,165,9,83,91,6,5,ok,0.000107196,20,5.3598e-06,5359.800,has-match,0,0,,,,,Best SMILES-substructure baseline. Substructure has no direct completeRingsOnly option.,
p0053,size-combinations,substruct,substruct_elements_any_bond,Substruct elements/any bond,0,914449,585838,C[C@@H]1O[C@@H](O[C@H]2[C@H](O[C@H]3[C@@H](O)[C@@H](CO)O[C@@H](O[C@H]4[C@@H](O)[C@@H](CO)O[C@H](O[C@@H]5[C@H](O)[C@@H](O)[C@H](O[C@H]6[C@H](O)[C@@H](O)[C@H](OCCCCCN)O[C@@H]6CO)O[C@@H]5CO)[C@@H]4O)[C@@H]3NC(=O)C(F)(F)F)O[C@H](CO)[C@H](O)[C@@H]2O)[C@@H](O)[C@H](O)[C@@H]1O,CCCC[C@H](N)C(=O)N1CCC[C@H]1C(=O)N[C@@H](CC(C)C)C(=O)N[C@@H](Cc1cnc[nH]1)C(=O)N[C@@H](CO)C(=O)N[C@@H](CCCNC(=N)N)C(=O)N[C@H](C(=O)N1CCC[C@H]1C(=O)N[C@@H](Cc1ccccc1)C(=O)N[C@@H](Cc1ccccc1)C(=O)O)C(C)C,78,87,165,78,87,165,9,83,91,6,5,ok,9.7435e-05,20,4.87175e-06,4871.750,has-match,0,0,,,,,Query keeps atom elements but uses generic bonds.,
p0053,size-combinations,substruct,substruct_any_atom_bond,Substruct any atoms/bonds,0,914449,585838,C[C@@H]1O[C@@H](O[C@H]2[C@H](O[C@H]3[C@@H](O)[C@@H](CO)O[C@@H](O[C@H]4[C@@H](O)[C@@H](CO)O[C@H](O[C@@H]5[C@H](O)[C@@H](O)[C@H](O[C@H]6[C@H](O)[C@@H](O)[C@H](OCCCCCN)O[C@@H]6CO)O[C@@H]5CO)[C@@H]4O)[C@@H]3NC(=O)C(F)(F)F)O[C@H](CO)[C@H](O)[C@@H]2O)[C@@H](O)[C@H](O)[C@@H]1O,CCCC[C@H](N)C(=O)N1CCC[C@H]1C(=O)N[C@@H](CC(C)C)C(=O)N[C@@H](Cc1cnc[nH]1)C(=O)N[C@@H](CO)C(=O)N[C@@H](CCCNC(=N)N)C(=O)N[C@H](C(=O)N1CCC[C@H]1C(=O)N[C@@H](Cc1ccccc1)C(=O)N[C@@H](Cc1ccccc1)C(=O)O)C(C)C,78,87,165,78,87,165,9,83,91,6,5,ok,0.000579872,20,2.89936e-05,28993.600,has-match,0,0,,,,,"Query uses generic atoms and generic bonds, similar to CompareAny topology.",
p0053,size-combinations,substruct,substruct_ring_atoms,Substruct ring-chain atoms,0,914449,585838,C[C@@H]1O[C@@H](O[C@H]2[C@H](O[C@H]3[C@@H](O)[C@@H](CO)O[C@@H](O[C@H]4[C@@H](O)[C@@H](CO)O[C@H](O[C@@H]5[C@H](O)[C@@H](O)[C@H](O[C@H]6[C@H](O)[C@@H](O)[C@H](OCCCCCN)O[C@@H]6CO)O[C@@H]5CO)[C@@H]4O)[C@@H]3NC(=O)C(F)(F)F)O[C@H](CO)[C@H](O)[C@@H]2O)[C@@H](O)[C@H](O)[C@@H]1O,CCCC[C@H](N)C(=O)N1CCC[C@H]1C(=O)N[C@@H](CC(C)C)C(=O)N[C@@H](Cc1cnc[nH]1)C(=O)N[C@@H](CO)C(=O)N[C@@H](CCCNC(=N)N)C(=O)N[C@H](C(=O)N1CCC[C@H]1C(=O)N[C@@H](Cc1ccccc1)C(=O)N[C@@H](Cc1ccccc1)C(=O)O)C(C)C,78,87,165,78,87,165,9,83,91,6,5,ok,9.3726e-05,20,4.6863e-06,4686.300,has-match,0,0,,,,,Query adds ring/chain atom constraints; closest substruct analog to ringMatchesRingOnly.,
p0054,size-combinations,mcs,mcs_any_atom_bond,MCS CompareAny atoms/bonds,0,1836692,2128182,CCOc1ccc(C[C@H]2NC(=O)CC(C3CCCC3)(C3CCCC3)SSC[C@@H](C(=O)N3CCC[C@@H]3C(=O)N[C@@H](CCCN=C(N)N)C(=O)O)NC(=O)[C@H](CC(N)=O)NC(=O)[C@H](C(C)C)NC(=O)[C@H](Cc3ccccc3)NC2=O)cc1,CC[C@H](C)[C@H](NC(=O)[C@H](CCCNC(=N)N)NC(=O)[C@@H]1CCCN1C(=O)[C@H](CCCCN)NC(=O)[C@H](CC(C)C)NC(=O)[C@@H](N)CCCCN)C(=O)N[C@@H](CCCNC(=N)N)C(=O)N[C@@H](CC(C)C)C(=O)N[C@@H](Cc1ccccc1)C(=O)NCC(=O)NCC(=O)O,80,91,171,80,91,171,11,85,92,6,2,ok,1.02003771,1,1.02003771,1020037714.000,,,,59,58,1,"[#6]-,:[#6]-,:[#8,#6]-,:[#6](:,-[#6]:,-[#6]:,-[#6,#7]-[#6]-[#6](-[#7,#6]-[#6](=,-[#8,#6])-[#6])-[#6,#7]-[#7,#6]-[#6](-[#6,#7]-[#7,#6]-[#6](-[#6,#7]-[#7,#6]-[#6](-[#6,#7]-[#7,#6]-[#6](-[#6]-[#16,#6])-[#6,#7](=,-[#8,#6])-[#7,#6](-,=[#6,#8])-[#6](-[#6]-[#6])-[#6,#7]-[#7,#6]-[#6](-[#6,#7]-[#6]-[#6]-[#7,#6]=,-[#6]-[#7,#6])-[#6]-[#8,#6])-[#6]-[#6]=,-[#8,#6])-[#6](-[#6])-[#6])-[#6]-[#6]:,-[#6]:,-[#6,#7]:,-[#6]:,=[#6,#7]):[#6]:[#6]",Permissive MCS: any atom type and any bond type can match.,
p0054,size-combinations,mcs,mcs_elements_order,MCS elements/order,1,1836692,2128182,CCOc1ccc(C[C@H]2NC(=O)CC(C3CCCC3)(C3CCCC3)SSC[C@@H](C(=O)N3CCC[C@@H]3C(=O)N[C@@H](CCCN=C(N)N)C(=O)O)NC(=O)[C@H](CC(N)=O)NC(=O)[C@H](C(C)C)NC(=O)[C@H](Cc3ccccc3)NC2=O)cc1,CC[C@H](C)[C@H](NC(=O)[C@H](CCCNC(=N)N)NC(=O)[C@@H]1CCCN1C(=O)[C@H](CCCCN)NC(=O)[C@H](CC(C)C)NC(=O)[C@@H](N)CCCCN)C(=O)N[C@@H](CCCNC(=N)N)C(=O)N[C@@H](CC(C)C)C(=O)N[C@@H](Cc1ccccc1)C(=O)NCC(=O)NCC(=O)O,80,91,171,80,91,171,11,85,92,6,2,ok,1.0402066,1,1.0402066,1040206599.000,,,,53,52,1,"[#6]:,-[#6]:,-[#6]-[#6]-[#6](-[#7]-[#6](=[#8])-[#6]-[#6]-[#6](-[#6])-[#6])-[#6](-[#7]-[#6](-[#6](-[#7]-[#6](-[#6](-[#7]-[#6](-[#6](-[#7]-[#6](-[#6])-[#6](=[#8])-[#7]-[#6](-[#6]-[#6]-[#6])-[#6](=[#8])-[#7]-[#6](-[#6]-[#6]-,:[#6])-[#6]=[#8])=[#8])-[#6]-[#6])=[#8])-[#6]-[#6])=[#8])-[#6]-[#6]:,-[#6])=[#8]",Closest MCS counterpart to a raw SMILES substructure query.,
p0054,size-combinations,mcs,mcs_elements_order_maximize_atoms,MCS elements/order maximize atoms,0,1836692,2128182,CCOc1ccc(C[C@H]2NC(=O)CC(C3CCCC3)(C3CCCC3)SSC[C@@H](C(=O)N3CCC[C@@H]3C(=O)N[C@@H](CCCN=C(N)N)C(=O)O)NC(=O)[C@H](CC(N)=O)NC(=O)[C@H](C(C)C)NC(=O)[C@H](Cc3ccccc3)NC2=O)cc1,CC[C@H](C)[C@H](NC(=O)[C@H](CCCNC(=N)N)NC(=O)[C@@H]1CCCN1C(=O)[C@H](CCCCN)NC(=O)[C@H](CC(C)C)NC(=O)[C@@H](N)CCCCN)C(=O)N[C@@H](CCCNC(=N)N)C(=O)N[C@@H](CC(C)C)C(=O)N[C@@H](Cc1ccccc1)C(=O)NCC(=O)NCC(=O)O,80,91,171,80,91,171,11,85,92,6,2,ok,1.02754772,1,1.02754772,1027547723.000,,,,53,52,1,"[#6]:,-[#6]:,-[#6]-[#6]-[#6](-[#7]-[#6](=[#8])-[#6]-[#6]-[#6](-[#6])-[#6])-[#6](-[#7]-[#6](-[#6](-[#7]-[#6](-[#6](-[#7]-[#6](-[#6](-[#7]-[#6](-[#6])-[#6](=[#8])-[#7]-[#6](-[#6]-[#6]-[#6])-[#6](=[#8])-[#7]-[#6](-[#6]-[#6]-,:[#6])-[#6]=[#8])=[#8])-[#6]-[#6])=[#8])-[#6]-[#6])=[#8])-[#6]-[#6]:,-[#6])=[#8]","Same element/order comparison, but optimize atom count instead of bond count.",
p0054,size-combinations,mcs,mcs_elements_order_ring_atoms,MCS elements/order ring atoms,0,1836692,2128182,CCOc1ccc(C[C@H]2NC(=O)CC(C3CCCC3)(C3CCCC3)SSC[C@@H](C(=O)N3CCC[C@@H]3C(=O)N[C@@H](CCCN=C(N)N)C(=O)O)NC(=O)[C@H](CC(N)=O)NC(=O)[C@H](C(C)C)NC(=O)[C@H](Cc3ccccc3)NC2=O)cc1,CC[C@H](C)[C@H](NC(=O)[C@H](CCCNC(=N)N)NC(=O)[C@@H]1CCCN1C(=O)[C@H](CCCCN)NC(=O)[C@H](CC(C)C)NC(=O)[C@@H](N)CCCCN)C(=O)N[C@@H](CCCNC(=N)N)C(=O)N[C@@H](CC(C)C)C(=O)N[C@@H](Cc1ccccc1)C(=O)NCC(=O)NCC(=O)O,80,91,171,80,91,171,11,85,92,6,2,ok,0.009642236,1,0.009642236,9642236.000,,,,17,17,0,[#6&!R](=&!@[#8&!R])-&!@[#7]1-&@[#6]-&@[#6]-&@[#6]-&@[#6]-&@1-&!@[#6&!R](=&!@[#8&!R])-&!@[#7&!R]-&!@[#6&!R](-&!@[#6&!R]-&!@[#6&!R]-&!@[#6&!R]-&!@[#7&!R])-&!@[#6&!R]=&!@[#8&!R],Ring atoms and ring bonds only match ring atoms and ring bonds.,
p0054,size-combinations,mcs,mcs_elements_order_whole_rings,MCS elements/order whole rings,0,1836692,2128182,CCOc1ccc(C[C@H]2NC(=O)CC(C3CCCC3)(C3CCCC3)SSC[C@@H](C(=O)N3CCC[C@@H]3C(=O)N[C@@H](CCCN=C(N)N)C(=O)O)NC(=O)[C@H](CC(N)=O)NC(=O)[C@H](C(C)C)NC(=O)[C@H](Cc3ccccc3)NC2=O)cc1,CC[C@H](C)[C@H](NC(=O)[C@H](CCCNC(=N)N)NC(=O)[C@@H]1CCCN1C(=O)[C@H](CCCCN)NC(=O)[C@H](CC(C)C)NC(=O)[C@@H](N)CCCCN)C(=O)N[C@@H](CCCNC(=N)N)C(=O)N[C@@H](CC(C)C)C(=O)N[C@@H](Cc1ccccc1)C(=O)NCC(=O)NCC(=O)O,80,91,171,80,91,171,11,85,92,6,2,ok,0.013682728,1,0.013682728,13682728.000,,,,18,18,0,[#6]-&!@[#6](=&!@[#8])-&!@[#7]1-&@[#6]-&@[#6]-&@[#6]-&@[#6]-&@1-&!@[#6](=&!@[#8])-&!@[#7]-&!@[#6](-&!@[#6]-&!@[#6]-&!@[#6]-&!@[#7])-&!@[#6]=&!@[#8],MCS completeRingsOnly=True; partial ring MCS results are rejected.,
p0054,size-combinations,mcs,mcs_elements_order_ring_atoms_whole_rings,MCS elements/order ring atoms + whole rings,0,1836692,2128182,CCOc1ccc(C[C@H]2NC(=O)CC(C3CCCC3)(C3CCCC3)SSC[C@@H](C(=O)N3CCC[C@@H]3C(=O)N[C@@H](CCCN=C(N)N)C(=O)O)NC(=O)[C@H](CC(N)=O)NC(=O)[C@H](C(C)C)NC(=O)[C@H](Cc3ccccc3)NC2=O)cc1,CC[C@H](C)[C@H](NC(=O)[C@H](CCCNC(=N)N)NC(=O)[C@@H]1CCCN1C(=O)[C@H](CCCCN)NC(=O)[C@H](CC(C)C)NC(=O)[C@@H](N)CCCCN)C(=O)N[C@@H](CCCNC(=N)N)C(=O)N[C@@H](CC(C)C)C(=O)N[C@@H](Cc1ccccc1)C(=O)NCC(=O)NCC(=O)O,80,91,171,80,91,171,11,85,92,6,2,ok,0.010207473,1,0.010207473,10207473.000,,,,17,17,0,[#6&!R](=&!@[#8&!R])-&!@[#7]1-&@[#6]-&@[#6]-&@[#6]-&@[#6]-&@1-&!@[#6&!R](=&!@[#8&!R])-&!@[#7&!R]-&!@[#6&!R](-&!@[#6&!R]-&!@[#6&!R]-&!@[#6&!R]-&!@[#7&!R])-&!@[#6&!R]=&!@[#8&!R],Both ringMatchesRingOnly and completeRingsOnly are enabled.,
p0054,size-combinations,substruct,substruct_smiles,Substruct raw SMILES,1,1836692,2128182,CCOc1ccc(C[C@H]2NC(=O)CC(C3CCCC3)(C3CCCC3)SSC[C@@H](C(=O)N3CCC[C@@H]3C(=O)N[C@@H](CCCN=C(N)N)C(=O)O)NC(=O)[C@H](CC(N)=O)NC(=O)[C@H](C(C)C)NC(=O)[C@H](Cc3ccccc3)NC2=O)cc1,CC[C@H](C)[C@H](NC(=O)[C@H](CCCNC(=N)N)NC(=O)[C@@H]1CCCN1C(=O)[C@H](CCCCN)NC(=O)[C@H](CC(C)C)NC(=O)[C@@H](N)CCCCN)C(=O)N[C@@H](CCCNC(=N)N)C(=O)N[C@@H](CC(C)C)C(=O)N[C@@H](Cc1ccccc1)C(=O)NCC(=O)NCC(=O)O,80,91,171,80,91,171,11,85,92,6,2,ok,0.000147565,20,7.37825e-06,7378.250,has-match,0,0,,,,,Best SMILES-substructure baseline. Substructure has no direct completeRingsOnly option.,
p0054,size-combinations,substruct,substruct_elements_any_bond,Substruct elements/any bond,0,1836692,2128182,CCOc1ccc(C[C@H]2NC(=O)CC(C3CCCC3)(C3CCCC3)SSC[C@@H](C(=O)N3CCC[C@@H]3C(=O)N[C@@H](CCCN=C(N)N)C(=O)O)NC(=O)[C@H](CC(N)=O)NC(=O)[C@H](C(C)C)NC(=O)[C@H](Cc3ccccc3)NC2=O)cc1,CC[C@H](C)[C@H](NC(=O)[C@H](CCCNC(=N)N)NC(=O)[C@@H]1CCCN1C(=O)[C@H](CCCCN)NC(=O)[C@H](CC(C)C)NC(=O)[C@@H](N)CCCCN)C(=O)N[C@@H](CCCNC(=N)N)C(=O)N[C@@H](CC(C)C)C(=O)N[C@@H](Cc1ccccc1)C(=O)NCC(=O)NCC(=O)O,80,91,171,80,91,171,11,85,92,6,2,ok,0.000140913,20,7.04565e-06,7045.650,has-match,0,0,,,,,Query keeps atom elements but uses generic bonds.,
p0054,size-combinations,substruct,substruct_any_atom_bond,Substruct any atoms/bonds,0,1836692,2128182,CCOc1ccc(C[C@H]2NC(=O)CC(C3CCCC3)(C3CCCC3)SSC[C@@H](C(=O)N3CCC[C@@H]3C(=O)N[C@@H](CCCN=C(N)N)C(=O)O)NC(=O)[C@H](CC(N)=O)NC(=O)[C@H](C(C)C)NC(=O)[C@H](Cc3ccccc3)NC2=O)cc1,CC[C@H](C)[C@H](NC(=O)[C@H](CCCNC(=N)N)NC(=O)[C@@H]1CCCN1C(=O)[C@H](CCCCN)NC(=O)[C@H](CC(C)C)NC(=O)[C@@H](N)CCCCN)C(=O)N[C@@H](CCCNC(=N)N)C(=O)N[C@@H](CC(C)C)C(=O)N[C@@H](Cc1ccccc1)C(=O)NCC(=O)NCC(=O)O,80,91,171,80,91,171,11,85,92,6,2,ok,0.001209024,20,6.04512e-05,60451.200,has-match,0,0,,,,,"Query uses generic atoms and generic bonds, similar to CompareAny topology.",
p0054,size-combinations,substruct,substruct_ring_atoms,Substruct ring-chain atoms,0,1836692,2128182,CCOc1ccc(C[C@H]2NC(=O)CC(C3CCCC3)(C3CCCC3)SSC[C@@H](C(=O)N3CCC[C@@H]3C(=O)N[C@@H](CCCN=C(N)N)C(=O)O)NC(=O)[C@H](CC(N)=O)NC(=O)[C@H](C(C)C)NC(=O)[C@H](Cc3ccccc3)NC2=O)cc1,CC[C@H](C)[C@H](NC(=O)[C@H](CCCNC(=N)N)NC(=O)[C@@H]1CCCN1C(=O)[C@H](CCCCN)NC(=O)[C@H](CC(C)C)NC(=O)[C@@H](N)CCCCN)C(=O)N[C@@H](CCCNC(=N)N)C(=O)N[C@@H](CC(C)C)C(=O)N[C@@H](Cc1ccccc1)C(=O)NCC(=O)NCC(=O)O,80,91,171,80,91,171,11,85,92,6,2,ok,0.000166968,20,8.3484e-06,8348.400,has-match,0,0,,,,,Query adds ring/chain atom constraints; closest substruct analog to ringMatchesRingOnly.,
p0055,size-combinations,mcs,mcs_any_atom_bond,MCS CompareAny atoms/bonds,0,1836692,927267,CCOc1ccc(C[C@H]2NC(=O)CC(C3CCCC3)(C3CCCC3)SSC[C@@H](C(=O)N3CCC[C@@H]3C(=O)N[C@@H](CCCN=C(N)N)C(=O)O)NC(=O)[C@H](CC(N)=O)NC(=O)[C@H](C(C)C)NC(=O)[C@H](Cc3ccccc3)NC2=O)cc1,CC(=O)O[C@H]1C(=O)[C@@]2(C)[C@H]([C@H](OCc3ccccc3)[C@]3(O)C[C@H](OC(=O)[C@@H](OC(=O)CC(C)(C)CNC(=O)OCC4=C(C(=O)O)C5C(=O)[C@@H](NC(=O)Cc6ccccc6)C5[S+]([O-])C4)[C@H](NC(=O)c4ccccc4)c4ccccc4)C(C)=C1C3(C)C)[C@]1(OC(C)=O)CO[C@@H]1C[C@@H]2O,80,96,176,80,96,176,16,85,105,6,10,ok,1.00411527,1,1.00411527,1004115270.000,,,,58,58,1,"[#6,#8]-,=[#6]-[#8,#6]-[#6]1:,-[#6,#16]:,-[#6]:,-[#6](:,=[#6]:,-[#6]:,-1)-[#6]-[#6,#8]-[#7,#6]-[#6,#7]-[#6]-[#6](-[#6])(-[#6])-[#16,#6]-[#16,#6]-[#6,#8]-[#6](-[#6](=,-[#8,#6])-[#7]-[#6](-,=[#6,#8])-[#6](=,:[#8,#6])-,:[#7,#6]-,:[#6]-,:[#6]-,:[#8,#6])-[#7,#6]-[#6,#8]-[#6](-[#6]-[#6]=,-[#8])-[#7,#6]-,=[#6](=,-[#8,#6])-[#6](-[#6,#8]-[#6])-[#7,#6]-[#6](=,-[#8,#6])-[#6](-[#6]-[#6](:,-[#6]:,-[#6]:,-[#6,#8]):,-[#6,#8]:,-[#6])-[#7,#6]-[#6,#8]=,-[#8,#6]",Permissive MCS: any atom type and any bond type can match.,
p0055,size-combinations,mcs,mcs_elements_order,MCS elements/order,1,1836692,927267,CCOc1ccc(C[C@H]2NC(=O)CC(C3CCCC3)(C3CCCC3)SSC[C@@H](C(=O)N3CCC[C@@H]3C(=O)N[C@@H](CCCN=C(N)N)C(=O)O)NC(=O)[C@H](CC(N)=O)NC(=O)[C@H](C(C)C)NC(=O)[C@H](Cc3ccccc3)NC2=O)cc1,CC(=O)O[C@H]1C(=O)[C@@]2(C)[C@H]([C@H](OCc3ccccc3)[C@]3(O)C[C@H](OC(=O)[C@@H](OC(=O)CC(C)(C)CNC(=O)OCC4=C(C(=O)O)C5C(=O)[C@@H](NC(=O)Cc6ccccc6)C5[S+]([O-])C4)[C@H](NC(=O)c4ccccc4)c4ccccc4)C(C)=C1C3(C)C)[C@]1(OC(C)=O)CO[C@@H]1C[C@@H]2O,80,96,176,80,96,176,16,85,105,6,10,ok,0.069850513,1,0.069850513,69850513.000,,,,17,16,0,"[#6](:[#6]:[#6]:[#6]-,:[#6]-[#6](-[#7]-[#6](=[#8])-[#6]-,:[#6]-,:[#6]-,:[#6]-,:[#6]-,:[#6])-[#6]):[#6]",Closest MCS counterpart to a raw SMILES substructure query.,
p0055,size-combinations,mcs,mcs_elements_order_maximize_atoms,MCS elements/order maximize atoms,0,1836692,927267,CCOc1ccc(C[C@H]2NC(=O)CC(C3CCCC3)(C3CCCC3)SSC[C@@H](C(=O)N3CCC[C@@H]3C(=O)N[C@@H](CCCN=C(N)N)C(=O)O)NC(=O)[C@H](CC(N)=O)NC(=O)[C@H](C(C)C)NC(=O)[C@H](Cc3ccccc3)NC2=O)cc1,CC(=O)O[C@H]1C(=O)[C@@]2(C)[C@H]([C@H](OCc3ccccc3)[C@]3(O)C[C@H](OC(=O)[C@@H](OC(=O)CC(C)(C)CNC(=O)OCC4=C(C(=O)O)C5C(=O)[C@@H](NC(=O)Cc6ccccc6)C5[S+]([O-])C4)[C@H](NC(=O)c4ccccc4)c4ccccc4)C(C)=C1C3(C)C)[C@]1(OC(C)=O)CO[C@@H]1C[C@@H]2O,80,96,176,80,96,176,16,85,105,6,10,ok,0.068129704,1,0.068129704,68129704.000,,,,17,16,0,"[#6](:[#6]:[#6]:[#6]-,:[#6]-[#6](-[#7]-[#6](=[#8])-[#6]-,:[#6]-,:[#6]-,:[#6]-,:[#6]-,:[#6])-[#6]):[#6]","Same element/order comparison, but optimize atom count instead of bond count.",
p0055,size-combinations,mcs,mcs_elements_order_ring_atoms,MCS elements/order ring atoms,0,1836692,927267,CCOc1ccc(C[C@H]2NC(=O)CC(C3CCCC3)(C3CCCC3)SSC[C@@H](C(=O)N3CCC[C@@H]3C(=O)N[C@@H](CCCN=C(N)N)C(=O)O)NC(=O)[C@H](CC(N)=O)NC(=O)[C@H](C(C)C)NC(=O)[C@H](Cc3ccccc3)NC2=O)cc1,CC(=O)O[C@H]1C(=O)[C@@]2(C)[C@H]([C@H](OCc3ccccc3)[C@]3(O)C[C@H](OC(=O)[C@@H](OC(=O)CC(C)(C)CNC(=O)OCC4=C(C(=O)O)C5C(=O)[C@@H](NC(=O)Cc6ccccc6)C5[S+]([O-])C4)[C@H](NC(=O)c4ccccc4)c4ccccc4)C(C)=C1C3(C)C)[C@]1(OC(C)=O)CO[C@@H]1C[C@@H]2O,80,96,176,80,96,176,16,85,105,6,10,ok,0.004617833,1,0.004617833,4617833.000,,,,10,9,0,"[#6&!R]-&!@[#6&!R]-&!@[#8&!R]-&!@[#6&R](:,-;@[#6&R]:,-;@[#6&R]:,-;@[#6&R](-&!@[#6&!R]):,-;@[#6&R]):,-;@[#6&R]",Ring atoms and ring bonds only match ring atoms and ring bonds.,
p0055,size-combinations,mcs,mcs_elements_order_whole_rings,MCS elements/order whole rings,0,1836692,927267,CCOc1ccc(C[C@H]2NC(=O)CC(C3CCCC3)(C3CCCC3)SSC[C@@H](C(=O)N3CCC[C@@H]3C(=O)N[C@@H](CCCN=C(N)N)C(=O)O)NC(=O)[C@H](CC(N)=O)NC(=O)[C@H](C(C)C)NC(=O)[C@H](Cc3ccccc3)NC2=O)cc1,CC(=O)O[C@H]1C(=O)[C@@]2(C)[C@H]([C@H](OCc3ccccc3)[C@]3(O)C[C@H](OC(=O)[C@@H](OC(=O)CC(C)(C)CNC(=O)OCC4=C(C(=O)O)C5C(=O)[C@@H](NC(=O)Cc6ccccc6)C5[S+]([O-])C4)[C@H](NC(=O)c4ccccc4)c4ccccc4)C(C)=C1C3(C)C)[C@]1(OC(C)=O)CO[C@@H]1C[C@@H]2O,80,96,176,80,96,176,16,85,105,6,10,ok,0.00530883,1,0.00530883,5308830.000,,,,9,9,0,"[#6]-&!@[#6]-&!@[#8]-&!@[#6]1:,-;@[#6]:,-;@[#6]:,-;@[#6]:,-;@[#6]:,-;@[#6]:,-;@1",MCS completeRingsOnly=True; partial ring MCS results are rejected.,
p0055,size-combinations,mcs,mcs_elements_order_ring_atoms_whole_rings,MCS elements/order ring atoms + whole rings,0,1836692,927267,CCOc1ccc(C[C@H]2NC(=O)CC(C3CCCC3)(C3CCCC3)SSC[C@@H](C(=O)N3CCC[C@@H]3C(=O)N[C@@H](CCCN=C(N)N)C(=O)O)NC(=O)[C@H](CC(N)=O)NC(=O)[C@H](C(C)C)NC(=O)[C@H](Cc3ccccc3)NC2=O)cc1,CC(=O)O[C@H]1C(=O)[C@@]2(C)[C@H]([C@H](OCc3ccccc3)[C@]3(O)C[C@H](OC(=O)[C@@H](OC(=O)CC(C)(C)CNC(=O)OCC4=C(C(=O)O)C5C(=O)[C@@H](NC(=O)Cc6ccccc6)C5[S+]([O-])C4)[C@H](NC(=O)c4ccccc4)c4ccccc4)C(C)=C1C3(C)C)[C@]1(OC(C)=O)CO[C@@H]1C[C@@H]2O,80,96,176,80,96,176,16,85,105,6,10,ok,0.004374238,1,0.004374238,4374238.000,,,,9,9,0,"[#6&!R]-&!@[#6&!R]-&!@[#8&!R]-&!@[#6]1:,-;@[#6]:,-;@[#6]:,-;@[#6]:,-;@[#6]:,-;@[#6]:,-;@1",Both ringMatchesRingOnly and completeRingsOnly are enabled.,
p0055,size-combinations,substruct,substruct_smiles,Substruct raw SMILES,1,1836692,927267,CCOc1ccc(C[C@H]2NC(=O)CC(C3CCCC3)(C3CCCC3)SSC[C@@H](C(=O)N3CCC[C@@H]3C(=O)N[C@@H](CCCN=C(N)N)C(=O)O)NC(=O)[C@H](CC(N)=O)NC(=O)[C@H](C(C)C)NC(=O)[C@H](Cc3ccccc3)NC2=O)cc1,CC(=O)O[C@H]1C(=O)[C@@]2(C)[C@H]([C@H](OCc3ccccc3)[C@]3(O)C[C@H](OC(=O)[C@@H](OC(=O)CC(C)(C)CNC(=O)OCC4=C(C(=O)O)C5C(=O)[C@@H](NC(=O)Cc6ccccc6)C5[S+]([O-])C4)[C@H](NC(=O)c4ccccc4)c4ccccc4)C(C)=C1C3(C)C)[C@]1(OC(C)=O)CO[C@@H]1C[C@@H]2O,80,96,176,80,96,176,16,85,105,6,10,ok,0.000202691,20,1.013455e-05,10134.550,has-match,0,0,,,,,Best SMILES-substructure baseline. Substructure has no direct completeRingsOnly option.,
p0055,size-combinations,substruct,substruct_elements_any_bond,Substruct elements/any bond,0,1836692,927267,CCOc1ccc(C[C@H]2NC(=O)CC(C3CCCC3)(C3CCCC3)SSC[C@@H](C(=O)N3CCC[C@@H]3C(=O)N[C@@H](CCCN=C(N)N)C(=O)O)NC(=O)[C@H](CC(N)=O)NC(=O)[C@H](C(C)C)NC(=O)[C@H](Cc3ccccc3)NC2=O)cc1,CC(=O)O[C@H]1C(=O)[C@@]2(C)[C@H]([C@H](OCc3ccccc3)[C@]3(O)C[C@H](OC(=O)[C@@H](OC(=O)CC(C)(C)CNC(=O)OCC4=C(C(=O)O)C5C(=O)[C@@H](NC(=O)Cc6ccccc6)C5[S+]([O-])C4)[C@H](NC(=O)c4ccccc4)c4ccccc4)C(C)=C1C3(C)C)[C@]1(OC(C)=O)CO[C@@H]1C[C@@H]2O,80,96,176,80,96,176,16,85,105,6,10,ok,0.000337162,20,1.68581e-05,16858.100,has-match,0,0,,,,,Query keeps atom elements but uses generic bonds.,
p0055,size-combinations,substruct,substruct_any_atom_bond,Substruct any atoms/bonds,0,1836692,927267,CCOc1ccc(C[C@H]2NC(=O)CC(C3CCCC3)(C3CCCC3)SSC[C@@H](C(=O)N3CCC[C@@H]3C(=O)N[C@@H](CCCN=C(N)N)C(=O)O)NC(=O)[C@H](CC(N)=O)NC(=O)[C@H](C(C)C)NC(=O)[C@H](Cc3ccccc3)NC2=O)cc1,CC(=O)O[C@H]1C(=O)[C@@]2(C)[C@H]([C@H](OCc3ccccc3)[C@]3(O)C[C@H](OC(=O)[C@@H](OC(=O)CC(C)(C)CNC(=O)OCC4=C(C(=O)O)C5C(=O)[C@@H](NC(=O)Cc6ccccc6)C5[S+]([O-])C4)[C@H](NC(=O)c4ccccc4)c4ccccc4)C(C)=C1C3(C)C)[C@]1(OC(C)=O)CO[C@@H]1C[C@@H]2O,80,96,176,80,96,176,16,85,105,6,10,ok,0.00737103,20,0.0003685515,368551.500,has-match,0,0,,,,,"Query uses generic atoms and generic bonds, similar to CompareAny topology.",
p0055,size-combinations,substruct,substruct_ring_atoms,Substruct ring-chain atoms,0,1836692,927267,CCOc1ccc(C[C@H]2NC(=O)CC(C3CCCC3)(C3CCCC3)SSC[C@@H](C(=O)N3CCC[C@@H]3C(=O)N[C@@H](CCCN=C(N)N)C(=O)O)NC(=O)[C@H](CC(N)=O)NC(=O)[C@H](C(C)C)NC(=O)[C@H](Cc3ccccc3)NC2=O)cc1,CC(=O)O[C@H]1C(=O)[C@@]2(C)[C@H]([C@H](OCc3ccccc3)[C@]3(O)C[C@H](OC(=O)[C@@H](OC(=O)CC(C)(C)CNC(=O)OCC4=C(C(=O)O)C5C(=O)[C@@H](NC(=O)Cc6ccccc6)C5[S+]([O-])C4)[C@H](NC(=O)c4ccccc4)c4ccccc4)C(C)=C1C3(C)C)[C@]1(OC(C)=O)CO[C@@H]1C[C@@H]2O,80,96,176,80,96,176,16,85,105,6,10,ok,0.00014239,20,7.1195e-06,7119.500,has-match,0,0,,,,,Query adds ring/chain atom constraints; closest substruct analog to ringMatchesRingOnly.,
p0056,size-combinations,mcs,mcs_any_atom_bond,MCS CompareAny atoms/bonds,0,2096974,2128182,CC(C)[C@H](NC(=O)[C@@H](CCCCN)NC(=O)[C@@H](Cc1ccc(O)cc1)NC(=O)[C@H]1CCCN1C(=O)[C@H](Cc1ccc(O)cc1)NC(=O)[C@H]1CCCN1C(=O)[C@H](CCC(=O)O)NC(=O)[C@H](N)CCCCN)C(=O)N[C@H](CCCCN)C(=O)O,CC[C@H](C)[C@H](NC(=O)[C@H](CCCNC(=N)N)NC(=O)[C@@H]1CCCN1C(=O)[C@H](CCCCN)NC(=O)[C@H](CC(C)C)NC(=O)[C@@H](N)CCCCN)C(=O)N[C@@H](CCCNC(=N)N)C(=O)N[C@@H](CC(C)C)C(=O)N[C@@H](Cc1ccccc1)C(=O)NCC(=O)NCC(=O)O,82,91,173,82,91,173,9,85,92,4,2,ok,1.04972347,1,1.04972347,1049723467.000,,,,57,56,1,"[#6]-[#6](-[#6])-[#6](-[#7]-[#6](=[#8])-[#6](-[#6]-[#6]-[#6]-[#6,#7]-[#7,#6])-[#7]-[#6](=[#8])-[#6](-[#6]-[#6]:,-[#6])-[#7]-[#6](=[#8])-[#6](-[#6]-[#6]-[#6])-[#7]-[#6](=[#8])-[#6](-[#6]-[#6](:,-[#6]):,-[#6])-[#7]-[#6](=[#8])-[#6](-[#6,#7])-[#7,#6]-[#6]-[#6]-[#6]-[#6,#7])-[#6](=[#8])-[#7]-[#6](-[#6]-[#6]-[#6]-[#6,#7]-[#7,#6])-[#6](=[#8])-[#8,#7]",Permissive MCS: any atom type and any bond type can match.,
p0056,size-combinations,mcs,mcs_elements_order,MCS elements/order,1,2096974,2128182,CC(C)[C@H](NC(=O)[C@@H](CCCCN)NC(=O)[C@@H](Cc1ccc(O)cc1)NC(=O)[C@H]1CCCN1C(=O)[C@H](Cc1ccc(O)cc1)NC(=O)[C@H]1CCCN1C(=O)[C@H](CCC(=O)O)NC(=O)[C@H](N)CCCCN)C(=O)N[C@H](CCCCN)C(=O)O,CC[C@H](C)[C@H](NC(=O)[C@H](CCCNC(=N)N)NC(=O)[C@@H]1CCCN1C(=O)[C@H](CCCCN)NC(=O)[C@H](CC(C)C)NC(=O)[C@@H](N)CCCCN)C(=O)N[C@@H](CCCNC(=N)N)C(=O)N[C@@H](CC(C)C)C(=O)N[C@@H](Cc1ccccc1)C(=O)NCC(=O)NCC(=O)O,82,91,173,82,91,173,9,85,92,4,2,ok,1.03124859,1,1.03124859,1031248586.000,,,,50,49,1,"[#6]-[#6](-[#6])-[#6](-[#7]-[#6](=[#8])-[#6](-[#6]-[#6]-[#6])-[#7]-[#6](=[#8])-[#6](-[#6]-[#6]:,-[#6])-[#7]-[#6](=[#8])-[#6](-[#6]-[#6]-[#6])-[#7]-[#6](=[#8])-[#6](-[#6]-[#6](:,-[#6]):,-[#6])-[#7]-[#6](=[#8])-[#6](-[#6]-[#6]-[#6])-[#7])-[#6](=[#8])-[#7]-[#6](-[#6]-[#6]-[#6])-[#6]=[#8]",Closest MCS counterpart to a raw SMILES substructure query.,
p0056,size-combinations,mcs,mcs_elements_order_maximize_atoms,MCS elements/order maximize atoms,0,2096974,2128182,CC(C)[C@H](NC(=O)[C@@H](CCCCN)NC(=O)[C@@H](Cc1ccc(O)cc1)NC(=O)[C@H]1CCCN1C(=O)[C@H](Cc1ccc(O)cc1)NC(=O)[C@H]1CCCN1C(=O)[C@H](CCC(=O)O)NC(=O)[C@H](N)CCCCN)C(=O)N[C@H](CCCCN)C(=O)O,CC[C@H](C)[C@H](NC(=O)[C@H](CCCNC(=N)N)NC(=O)[C@@H]1CCCN1C(=O)[C@H](CCCCN)NC(=O)[C@H](CC(C)C)NC(=O)[C@@H](N)CCCCN)C(=O)N[C@@H](CCCNC(=N)N)C(=O)N[C@@H](CC(C)C)C(=O)N[C@@H](Cc1ccccc1)C(=O)NCC(=O)NCC(=O)O,82,91,173,82,91,173,9,85,92,4,2,ok,1.08821295,1,1.08821295,1088212948.000,,,,50,49,1,"[#6]-[#6](-[#6])-[#6](-[#7]-[#6](=[#8])-[#6](-[#6]-[#6]-[#6])-[#7]-[#6](=[#8])-[#6](-[#6]-[#6]:,-[#6])-[#7]-[#6](=[#8])-[#6](-[#6]-[#6]-[#6])-[#7]-[#6](=[#8])-[#6](-[#6]-[#6](:,-[#6]):,-[#6])-[#7]-[#6](=[#8])-[#6](-[#6]-[#6]-[#6])-[#7])-[#6](=[#8])-[#7]-[#6](-[#6]-[#6]-[#6])-[#6]=[#8]","Same element/order comparison, but optimize atom count instead of bond count.",
p0056,size-combinations,mcs,mcs_elements_order_ring_atoms,MCS elements/order ring atoms,0,2096974,2128182,CC(C)[C@H](NC(=O)[C@@H](CCCCN)NC(=O)[C@@H](Cc1ccc(O)cc1)NC(=O)[C@H]1CCCN1C(=O)[C@H](Cc1ccc(O)cc1)NC(=O)[C@H]1CCCN1C(=O)[C@H](CCC(=O)O)NC(=O)[C@H](N)CCCCN)C(=O)N[C@H](CCCCN)C(=O)O,CC[C@H](C)[C@H](NC(=O)[C@H](CCCNC(=N)N)NC(=O)[C@@H]1CCCN1C(=O)[C@H](CCCCN)NC(=O)[C@H](CC(C)C)NC(=O)[C@@H](N)CCCCN)C(=O)N[C@@H](CCCNC(=N)N)C(=O)N[C@@H](CC(C)C)C(=O)N[C@@H](Cc1ccccc1)C(=O)NCC(=O)NCC(=O)O,82,91,173,82,91,173,9,85,92,4,2,ok,1.11923326,1,1.11923326,1119233261.000,,,,39,39,1,[#6&!R]-&!@[#6&!R]-&!@[#6&!R](-&!@[#7&!R]-&!@[#6&!R](=&!@[#8&!R])-&!@[#6&!R](-&!@[#6&!R]-&!@[#6&!R]-&!@[#6&!R])-&!@[#7&!R]-&!@[#6&!R](=&!@[#8&!R])-&!@[#6&!R](-&!@[#6&!R])-&!@[#7&!R]-&!@[#6&!R](=&!@[#8&!R])-&!@[#6]1-&@[#6]-&@[#6]-&@[#6]-&@[#7]-&@1-&!@[#6&!R](=&!@[#8&!R])-&!@[#6&!R](-&!@[#6&!R])-&!@[#7&!R]-&!@[#6&!R]=&!@[#8&!R])-&!@[#6&!R](=&!@[#8&!R])-&!@[#7&!R]-&!@[#6&!R](-&!@[#6&!R]-&!@[#6&!R]-&!@[#6&!R])-&!@[#6&!R]=&!@[#8&!R],Ring atoms and ring bonds only match ring atoms and ring bonds.,
p0056,size-combinations,mcs,mcs_elements_order_whole_rings,MCS elements/order whole rings,0,2096974,2128182,CC(C)[C@H](NC(=O)[C@@H](CCCCN)NC(=O)[C@@H](Cc1ccc(O)cc1)NC(=O)[C@H]1CCCN1C(=O)[C@H](Cc1ccc(O)cc1)NC(=O)[C@H]1CCCN1C(=O)[C@H](CCC(=O)O)NC(=O)[C@H](N)CCCCN)C(=O)N[C@H](CCCCN)C(=O)O,CC[C@H](C)[C@H](NC(=O)[C@H](CCCNC(=N)N)NC(=O)[C@@H]1CCCN1C(=O)[C@H](CCCCN)NC(=O)[C@H](CC(C)C)NC(=O)[C@@H](N)CCCCN)C(=O)N[C@@H](CCCNC(=N)N)C(=O)N[C@@H](CC(C)C)C(=O)N[C@@H](Cc1ccccc1)C(=O)NCC(=O)NCC(=O)O,82,91,173,82,91,173,9,85,92,4,2,ok,1.08591139,1,1.08591139,1085911388.000,,,,42,42,1,[#6]-&!@[#6]-&!@[#6](-&!@[#7]-&!@[#6](=&!@[#8])-&!@[#6](-&!@[#6]-&!@[#6]-&!@[#6])-&!@[#7]-&!@[#6](=&!@[#8])-&!@[#6](-&!@[#6]-&!@[#6])-&!@[#7]-&!@[#6](=&!@[#8])-&!@[#6]1-&@[#6]-&@[#6]-&@[#6]-&@[#7]-&@1-&!@[#6](=&!@[#8])-&!@[#6](-&!@[#6]-&!@[#6])-&!@[#7]-&!@[#6](=&!@[#8])-&!@[#6])-&!@[#6](=&!@[#8])-&!@[#7]-&!@[#6](-&!@[#6]-&!@[#6]-&!@[#6])-&!@[#6]=&!@[#8],MCS completeRingsOnly=True; partial ring MCS results are rejected.,
p0056,size-combinations,mcs,mcs_elements_order_ring_atoms_whole_rings,MCS elements/order ring atoms + whole rings,0,2096974,2128182,CC(C)[C@H](NC(=O)[C@@H](CCCCN)NC(=O)[C@@H](Cc1ccc(O)cc1)NC(=O)[C@H]1CCCN1C(=O)[C@H](Cc1ccc(O)cc1)NC(=O)[C@H]1CCCN1C(=O)[C@H](CCC(=O)O)NC(=O)[C@H](N)CCCCN)C(=O)N[C@H](CCCCN)C(=O)O,CC[C@H](C)[C@H](NC(=O)[C@H](CCCNC(=N)N)NC(=O)[C@@H]1CCCN1C(=O)[C@H](CCCCN)NC(=O)[C@H](CC(C)C)NC(=O)[C@@H](N)CCCCN)C(=O)N[C@@H](CCCNC(=N)N)C(=O)N[C@@H](CC(C)C)C(=O)N[C@@H](Cc1ccccc1)C(=O)NCC(=O)NCC(=O)O,82,91,173,82,91,173,9,85,92,4,2,ok,1.13049318,1,1.13049318,1130493181.000,,,,39,39,1,[#6&!R]-&!@[#6&!R]-&!@[#6&!R](-&!@[#7&!R]-&!@[#6&!R](=&!@[#8&!R])-&!@[#6&!R](-&!@[#6&!R]-&!@[#6&!R]-&!@[#6&!R])-&!@[#7&!R]-&!@[#6&!R](=&!@[#8&!R])-&!@[#6&!R](-&!@[#6&!R])-&!@[#7&!R]-&!@[#6&!R](=&!@[#8&!R])-&!@[#6]1-&@[#6]-&@[#6]-&@[#6]-&@[#7]-&@1-&!@[#6&!R](=&!@[#8&!R])-&!@[#6&!R](-&!@[#6&!R])-&!@[#7&!R]-&!@[#6&!R]=&!@[#8&!R])-&!@[#6&!R](=&!@[#8&!R])-&!@[#7&!R]-&!@[#6&!R](-&!@[#6&!R]-&!@[#6&!R]-&!@[#6&!R])-&!@[#6&!R]=&!@[#8&!R],Both ringMatchesRingOnly and completeRingsOnly are enabled.,
p0056,size-combinations,substruct,substruct_smiles,Substruct raw SMILES,1,2096974,2128182,CC(C)[C@H](NC(=O)[C@@H](CCCCN)NC(=O)[C@@H](Cc1ccc(O)cc1)NC(=O)[C@H]1CCCN1C(=O)[C@H](Cc1ccc(O)cc1)NC(=O)[C@H]1CCCN1C(=O)[C@H](CCC(=O)O)NC(=O)[C@H](N)CCCCN)C(=O)N[C@H](CCCCN)C(=O)O,CC[C@H](C)[C@H](NC(=O)[C@H](CCCNC(=N)N)NC(=O)[C@@H]1CCCN1C(=O)[C@H](CCCCN)NC(=O)[C@H](CC(C)C)NC(=O)[C@@H](N)CCCCN)C(=O)N[C@@H](CCCNC(=N)N)C(=O)N[C@@H](CC(C)C)C(=O)N[C@@H](Cc1ccccc1)C(=O)NCC(=O)NCC(=O)O,82,91,173,82,91,173,9,85,92,4,2,ok,0.00016444,20,8.222e-06,8222.000,has-match,0,0,,,,,Best SMILES-substructure baseline. Substructure has no direct completeRingsOnly option.,
p0056,size-combinations,substruct,substruct_elements_any_bond,Substruct elements/any bond,0,2096974,2128182,CC(C)[C@H](NC(=O)[C@@H](CCCCN)NC(=O)[C@@H](Cc1ccc(O)cc1)NC(=O)[C@H]1CCCN1C(=O)[C@H](Cc1ccc(O)cc1)NC(=O)[C@H]1CCCN1C(=O)[C@H](CCC(=O)O)NC(=O)[C@H](N)CCCCN)C(=O)N[C@H](CCCCN)C(=O)O,CC[C@H](C)[C@H](NC(=O)[C@H](CCCNC(=N)N)NC(=O)[C@@H]1CCCN1C(=O)[C@H](CCCCN)NC(=O)[C@H](CC(C)C)NC(=O)[C@@H](N)CCCCN)C(=O)N[C@@H](CCCNC(=N)N)C(=O)N[C@@H](CC(C)C)C(=O)N[C@@H](Cc1ccccc1)C(=O)NCC(=O)NCC(=O)O,82,91,173,82,91,173,9,85,92,4,2,ok,0.00015022,20,7.511e-06,7511.000,has-match,0,0,,,,,Query keeps atom elements but uses generic bonds.,
p0056,size-combinations,substruct,substruct_any_atom_bond,Substruct any atoms/bonds,0,2096974,2128182,CC(C)[C@H](NC(=O)[C@@H](CCCCN)NC(=O)[C@@H](Cc1ccc(O)cc1)NC(=O)[C@H]1CCCN1C(=O)[C@H](Cc1ccc(O)cc1)NC(=O)[C@H]1CCCN1C(=O)[C@H](CCC(=O)O)NC(=O)[C@H](N)CCCCN)C(=O)N[C@H](CCCCN)C(=O)O,CC[C@H](C)[C@H](NC(=O)[C@H](CCCNC(=N)N)NC(=O)[C@@H]1CCCN1C(=O)[C@H](CCCCN)NC(=O)[C@H](CC(C)C)NC(=O)[C@@H](N)CCCCN)C(=O)N[C@@H](CCCNC(=N)N)C(=O)N[C@@H](CC(C)C)C(=O)N[C@@H](Cc1ccccc1)C(=O)NCC(=O)NCC(=O)O,82,91,173,82,91,173,9,85,92,4,2,ok,0.001029622,20,5.14811e-05,51481.100,has-match,0,0,,,,,"Query uses generic atoms and generic bonds, similar to CompareAny topology.",
p0056,size-combinations,substruct,substruct_ring_atoms,Substruct ring-chain atoms,0,2096974,2128182,CC(C)[C@H](NC(=O)[C@@H](CCCCN)NC(=O)[C@@H](Cc1ccc(O)cc1)NC(=O)[C@H]1CCCN1C(=O)[C@H](Cc1ccc(O)cc1)NC(=O)[C@H]1CCCN1C(=O)[C@H](CCC(=O)O)NC(=O)[C@H](N)CCCCN)C(=O)N[C@H](CCCCN)C(=O)O,CC[C@H](C)[C@H](NC(=O)[C@H](CCCNC(=N)N)NC(=O)[C@@H]1CCCN1C(=O)[C@H](CCCCN)NC(=O)[C@H](CC(C)C)NC(=O)[C@@H](N)CCCCN)C(=O)N[C@@H](CCCNC(=N)N)C(=O)N[C@@H](CC(C)C)C(=O)N[C@@H](Cc1ccccc1)C(=O)NCC(=O)NCC(=O)O,82,91,173,82,91,173,9,85,92,4,2,ok,0.0001962,20,9.81e-06,9810.000,has-match,0,0,,,,,Query adds ring/chain atom constraints; closest substruct analog to ringMatchesRingOnly.,
p0057,size-combinations,mcs,mcs_any_atom_bond,MCS CompareAny atoms/bonds,0,544981,783118,CC[C@@]1(OC(=O)OCCOCCOCCOCCOCCOCCOCCOCCOCCOCCOCCOCCOCCOCCOCCOCCOCCOCCOCCOCCOC)C(=O)OCc2c1cc1n(c2=O)Cc2cc3ccccc3nc2-1,C[C@H](NC(=O)[C@H](CCCNC(=N)N)NCCN1CCN(CCCCC2CCN(CC(=O)N3c4ccccc4NC(=O)c4ccccc43)CC2)CC1)C(=O)NC(=O)[C@@H](N)CCCN.O=C(O)C(F)(F)F.O=C(O)C(F)(F)F.O=C(O)C(F)(F)F.O=C(O)C(F)(F)F.O=C(O)C(F)(F)F,90,97,187,90,97,187,7,94,96,5,5,ok,1.07314179,1,1.07314179,1073141791.000,,,,46,46,1,"[#6]-,:[#6]-,:[#6](-[#8,#7]-[#6](=[#8])-[#8,#6]-[#6,#7]-[#6]-[#8,#6]-[#6]-[#6]-[#8,#6]-[#6]-[#6]-[#8,#7]-[#6]-[#6]-[#8,#7]-[#6]-[#6]-[#8,#7]-[#6]-[#6]-[#8,#7]-[#6]-[#6]-[#8,#7]-[#6]-[#6]-[#8,#6]-[#6]-[#6]-[#8,#7])-,:[#6](:[#6]:[#6]):,-[#6,#7]:,-[#6](:,=[#7,#8])-[#6]1:[#7,#6]:[#6]:[#6]:[#6]:[#6]:1",Permissive MCS: any atom type and any bond type can match.,
p0057,size-combinations,mcs,mcs_elements_order,MCS elements/order,1,544981,783118,CC[C@@]1(OC(=O)OCCOCCOCCOCCOCCOCCOCCOCCOCCOCCOCCOCCOCCOCCOCCOCCOCCOCCOCCOCCOC)C(=O)OCc2c1cc1n(c2=O)Cc2cc3ccccc3nc2-1,C[C@H](NC(=O)[C@H](CCCNC(=N)N)NCCN1CCN(CCCCC2CCN(CC(=O)N3c4ccccc4NC(=O)c4ccccc43)CC2)CC1)C(=O)NC(=O)[C@@H](N)CCCN.O=C(O)C(F)(F)F.O=C(O)C(F)(F)F.O=C(O)C(F)(F)F.O=C(O)C(F)(F)F.O=C(O)C(F)(F)F,90,97,187,90,97,187,7,94,96,5,5,ok,0.10434478,1,0.10434478,104344780.000,,,,20,19,0,"[#6]-,:[#6]-,:[#6]-,:[#6]:[#6](-[#6]):[#6]:,-[#7](:,-[#6]-[#6]:,-[#7]:,-[#6]:,-[#6]:,-[#6])-[#6]-,:[#6]:[#6]:[#6]:[#6]:[#6]",Closest MCS counterpart to a raw SMILES substructure query.,
p0057,size-combinations,mcs,mcs_elements_order_maximize_atoms,MCS elements/order maximize atoms,0,544981,783118,CC[C@@]1(OC(=O)OCCOCCOCCOCCOCCOCCOCCOCCOCCOCCOCCOCCOCCOCCOCCOCCOCCOCCOCCOCCOC)C(=O)OCc2c1cc1n(c2=O)Cc2cc3ccccc3nc2-1,C[C@H](NC(=O)[C@H](CCCNC(=N)N)NCCN1CCN(CCCCC2CCN(CC(=O)N3c4ccccc4NC(=O)c4ccccc43)CC2)CC1)C(=O)NC(=O)[C@@H](N)CCCN.O=C(O)C(F)(F)F.O=C(O)C(F)(F)F.O=C(O)C(F)(F)F.O=C(O)C(F)(F)F.O=C(O)C(F)(F)F,90,97,187,90,97,187,7,94,96,5,5,ok,0.100007529,1,0.100007529,100007529.000,,,,20,19,0,"[#6]-,:[#6]-,:[#6]-,:[#6]:[#6](-[#6]):[#6]:,-[#7](:,-[#6]-[#6]:,-[#7]:,-[#6]:,-[#6]:,-[#6])-[#6]-,:[#6]:[#6]:[#6]:[#6]:[#6]","Same element/order comparison, but optimize atom count instead of bond count.",
p0057,size-combinations,mcs,mcs_elements_order_ring_atoms,MCS elements/order ring atoms,0,544981,783118,CC[C@@]1(OC(=O)OCCOCCOCCOCCOCCOCCOCCOCCOCCOCCOCCOCCOCCOCCOCCOCCOCCOCCOCCOCCOC)C(=O)OCc2c1cc1n(c2=O)Cc2cc3ccccc3nc2-1,C[C@H](NC(=O)[C@H](CCCNC(=N)N)NCCN1CCN(CCCCC2CCN(CC(=O)N3c4ccccc4NC(=O)c4ccccc43)CC2)CC1)C(=O)NC(=O)[C@@H](N)CCCN.O=C(O)C(F)(F)F.O=C(O)C(F)(F)F.O=C(O)C(F)(F)F.O=C(O)C(F)(F)F.O=C(O)C(F)(F)F,90,97,187,90,97,187,7,94,96,5,5,ok,0.054786857,1,0.054786857,54786857.000,,,,16,16,0,"[#6&R](-,:;@[#6&R])-,:;@[#6&R]:&@[#6&R]:&@[#6&R](:,-;@[#7&R]:,-;@[#6&R]=&!@[#8&!R])-,:;@[#6&R]:,-;@[#7&R]:,-;@[#6]1:&@[#6]:&@[#6]:&@[#6]:&@[#6]:&@[#6]:&@1",Ring atoms and ring bonds only match ring atoms and ring bonds.,
p0057,size-combinations,mcs,mcs_elements_order_whole_rings,MCS elements/order whole rings,0,544981,783118,CC[C@@]1(OC(=O)OCCOCCOCCOCCOCCOCCOCCOCCOCCOCCOCCOCCOCCOCCOCCOCCOCCOCCOCCOCCOC)C(=O)OCc2c1cc1n(c2=O)Cc2cc3ccccc3nc2-1,C[C@H](NC(=O)[C@H](CCCNC(=N)N)NCCN1CCN(CCCCC2CCN(CC(=O)N3c4ccccc4NC(=O)c4ccccc43)CC2)CC1)C(=O)NC(=O)[C@@H](N)CCCN.O=C(O)C(F)(F)F.O=C(O)C(F)(F)F.O=C(O)C(F)(F)F.O=C(O)C(F)(F)F.O=C(O)C(F)(F)F,90,97,187,90,97,187,7,94,96,5,5,ok,0.076363565,1,0.076363565,76363565.000,,,,6,6,0,"[#6]1:,-;@[#6]:,-;@[#6]:,-;@[#6]:,-;@[#7]:,-;@[#6]:,-;@1",MCS completeRingsOnly=True; partial ring MCS results are rejected.,
p0057,size-combinations,mcs,mcs_elements_order_ring_atoms_whole_rings,MCS elements/order ring atoms + whole rings,0,544981,783118,CC[C@@]1(OC(=O)OCCOCCOCCOCCOCCOCCOCCOCCOCCOCCOCCOCCOCCOCCOCCOCCOCCOCCOCCOCCOC)C(=O)OCc2c1cc1n(c2=O)Cc2cc3ccccc3nc2-1,C[C@H](NC(=O)[C@H](CCCNC(=N)N)NCCN1CCN(CCCCC2CCN(CC(=O)N3c4ccccc4NC(=O)c4ccccc43)CC2)CC1)C(=O)NC(=O)[C@@H](N)CCCN.O=C(O)C(F)(F)F.O=C(O)C(F)(F)F.O=C(O)C(F)(F)F.O=C(O)C(F)(F)F.O=C(O)C(F)(F)F,90,97,187,90,97,187,7,94,96,5,5,ok,0.094124749,1,0.094124749,94124749.000,,,,6,6,0,"[#6]1:,-;@[#6]:,-;@[#6]:,-;@[#6]:,-;@[#7]:,-;@[#6]:,-;@1",Both ringMatchesRingOnly and completeRingsOnly are enabled.,
p0057,size-combinations,substruct,substruct_smiles,Substruct raw SMILES,1,544981,783118,CC[C@@]1(OC(=O)OCCOCCOCCOCCOCCOCCOCCOCCOCCOCCOCCOCCOCCOCCOCCOCCOCCOCCOCCOCCOC)C(=O)OCc2c1cc1n(c2=O)Cc2cc3ccccc3nc2-1,C[C@H](NC(=O)[C@H](CCCNC(=N)N)NCCN1CCN(CCCCC2CCN(CC(=O)N3c4ccccc4NC(=O)c4ccccc43)CC2)CC1)C(=O)NC(=O)[C@@H](N)CCCN.O=C(O)C(F)(F)F.O=C(O)C(F)(F)F.O=C(O)C(F)(F)F.O=C(O)C(F)(F)F.O=C(O)C(F)(F)F,90,97,187,90,97,187,7,94,96,5,5,ok,0.00015546,20,7.773e-06,7773.000,has-match,0,0,,,,,Best SMILES-substructure baseline. Substructure has no direct completeRingsOnly option.,
p0057,size-combinations,substruct,substruct_elements_any_bond,Substruct elements/any bond,0,544981,783118,CC[C@@]1(OC(=O)OCCOCCOCCOCCOCCOCCOCCOCCOCCOCCOCCOCCOCCOCCOCCOCCOCCOCCOCCOCCOC)C(=O)OCc2c1cc1n(c2=O)Cc2cc3ccccc3nc2-1,C[C@H](NC(=O)[C@H](CCCNC(=N)N)NCCN1CCN(CCCCC2CCN(CC(=O)N3c4ccccc4NC(=O)c4ccccc43)CC2)CC1)C(=O)NC(=O)[C@@H](N)CCCN.O=C(O)C(F)(F)F.O=C(O)C(F)(F)F.O=C(O)C(F)(F)F.O=C(O)C(F)(F)F.O=C(O)C(F)(F)F,90,97,187,90,97,187,7,94,96,5,5,ok,0.000128909,20,6.44545e-06,6445.450,has-match,0,0,,,,,Query keeps atom elements but uses generic bonds.,
p0057,size-combinations,substruct,substruct_any_atom_bond,Substruct any atoms/bonds,0,544981,783118,CC[C@@]1(OC(=O)OCCOCCOCCOCCOCCOCCOCCOCCOCCOCCOCCOCCOCCOCCOCCOCCOCCOCCOCCOCCOC)C(=O)OCc2c1cc1n(c2=O)Cc2cc3ccccc3nc2-1,C[C@H](NC(=O)[C@H](CCCNC(=N)N)NCCN1CCN(CCCCC2CCN(CC(=O)N3c4ccccc4NC(=O)c4ccccc43)CC2)CC1)C(=O)NC(=O)[C@@H](N)CCCN.O=C(O)C(F)(F)F.O=C(O)C(F)(F)F.O=C(O)C(F)(F)F.O=C(O)C(F)(F)F.O=C(O)C(F)(F)F,90,97,187,90,97,187,7,94,96,5,5,ok,0.000242618,20,1.21309e-05,12130.900,has-match,0,0,,,,,"Query uses generic atoms and generic bonds, similar to CompareAny topology.",
p0057,size-combinations,substruct,substruct_ring_atoms,Substruct ring-chain atoms,0,544981,783118,CC[C@@]1(OC(=O)OCCOCCOCCOCCOCCOCCOCCOCCOCCOCCOCCOCCOCCOCCOCCOCCOCCOCCOCCOCCOC)C(=O)OCc2c1cc1n(c2=O)Cc2cc3ccccc3nc2-1,C[C@H](NC(=O)[C@H](CCCNC(=N)N)NCCN1CCN(CCCCC2CCN(CC(=O)N3c4ccccc4NC(=O)c4ccccc43)CC2)CC1)C(=O)NC(=O)[C@@H](N)CCCN.O=C(O)C(F)(F)F.O=C(O)C(F)(F)F.O=C(O)C(F)(F)F.O=C(O)C(F)(F)F.O=C(O)C(F)(F)F,90,97,187,90,97,187,7,94,96,5,5,ok,0.000130389,20,6.51945e-06,6519.450,has-match,0,0,,,,,Query adds ring/chain atom constraints; closest substruct analog to ringMatchesRingOnly.,
p0058,size-combinations,mcs,mcs_any_atom_bond,MCS CompareAny atoms/bonds,0,926916,925512,CNC(=O)[C@@H]1NC(=O)C2NC(=O)C(NC(=O)C3NC(=O)C4NC(=O)C(Cc5ccc(c(Cl)c5)Oc5cc3cc(c5O)Oc3ccc(cc3Cl)C2O)NC(=O)C(NC(=O)OC(C)(C)C)c2ccc(O)c(c2)Oc2cc(O)cc4c2)c2ccc(O)c(c2)-c2c(O)cc(O)cc21,CC(=O)NC1CC(=O)NC(C(=O)N[C@H]2CC(=O)NC(C(=O)O)CNC(=O)[C@@H]3CCCN3C(=O)[C@@H](CCCN=C(N)N)NC(=O)[C@H](CC(C)C)NC(=O)C(Cc3ccc4ccccc4c3)NC(=O)[C@H](Cc3ccc(O)cc3)NC2=O)CCCCNC(=O)[C@@H](Cc2ccc(Cl)cc2)NC1=O,93,98,191,93,98,191,5,103,104,13,7,ok,1.05080345,1,1.05080345,1050803450.000,,,,58,57,1,"[#6,#7]-[#7,#6]-[#6](=,-[#8,#6])-[#6,#7](-[#7,#6]-[#6])-[#6](:,=[#6,#8]):,-[#6](-[#6,#7]:,-[#6]:,-[#6](-[#6,#7]-[#7,#6]-[#6](=,-[#8,#6])-[#6,#7]-[#7,#6]-[#6](=,-[#8,#6])-[#6,#7]-[#7,#6]-[#6](=,-[#8,#6])-[#6,#7]-[#6]-[#6](:,-[#6]:,-[#6]:,-[#6]-[#8,#6]-[#6,#7]:,-[#6](:,-[#6](:,-[#6]:,-[#6]:[#6])-[#8,#7]-[#6](:,=[#6,#8]):,-[#6](:,-[#6,#7]:,-[#6](:,-[#6])-,=[#6,#8])-[#17,#6])-,=[#8]):,-[#6,#7]:,-[#6]-,=[#17,#8]):,-[#6]:,-[#6]:,-[#6]):,-[#6]:,-[#6]:,-[#6]-[#8,#7]",Permissive MCS: any atom type and any bond type can match.,
p0058,size-combinations,mcs,mcs_elements_order,MCS elements/order,1,926916,925512,CNC(=O)[C@@H]1NC(=O)C2NC(=O)C(NC(=O)C3NC(=O)C4NC(=O)C(Cc5ccc(c(Cl)c5)Oc5cc3cc(c5O)Oc3ccc(cc3Cl)C2O)NC(=O)C(NC(=O)OC(C)(C)C)c2ccc(O)c(c2)Oc2cc(O)cc4c2)c2ccc(O)c(c2)-c2c(O)cc(O)cc21,CC(=O)NC1CC(=O)NC(C(=O)N[C@H]2CC(=O)NC(C(=O)O)CNC(=O)[C@@H]3CCCN3C(=O)[C@@H](CCCN=C(N)N)NC(=O)[C@H](CC(C)C)NC(=O)C(Cc3ccc4ccccc4c3)NC(=O)[C@H](Cc3ccc(O)cc3)NC2=O)CCCCNC(=O)[C@@H](Cc2ccc(Cl)cc2)NC1=O,93,98,191,93,98,191,5,103,104,13,7,ok,1.03597771,1,1.03597771,1035977708.000,,,,46,46,1,"[#6]-[#7]-[#6](=[#8])-[#6](-[#7]-[#6](=[#8])-[#6](-[#7]-[#6](=[#8])-[#6]-[#7]-[#6](=[#8])-[#6](-[#7]-[#6](=[#8])-[#6]-[#6]:,-[#6])-[#6]:,-[#6]:,-[#6]:,-[#6])-[#6]-[#6]1:[#6]:[#6]:[#6](:[#6]:[#6]:1)-[#8])-[#6]:,-[#6](-,:[#6]:[#6]:[#6]:[#6]:[#6]):[#6]:[#6]:[#6]:[#6]",Closest MCS counterpart to a raw SMILES substructure query.,
p0058,size-combinations,mcs,mcs_elements_order_maximize_atoms,MCS elements/order maximize atoms,0,926916,925512,CNC(=O)[C@@H]1NC(=O)C2NC(=O)C(NC(=O)C3NC(=O)C4NC(=O)C(Cc5ccc(c(Cl)c5)Oc5cc3cc(c5O)Oc3ccc(cc3Cl)C2O)NC(=O)C(NC(=O)OC(C)(C)C)c2ccc(O)c(c2)Oc2cc(O)cc4c2)c2ccc(O)c(c2)-c2c(O)cc(O)cc21,CC(=O)NC1CC(=O)NC(C(=O)N[C@H]2CC(=O)NC(C(=O)O)CNC(=O)[C@@H]3CCCN3C(=O)[C@@H](CCCN=C(N)N)NC(=O)[C@H](CC(C)C)NC(=O)C(Cc3ccc4ccccc4c3)NC(=O)[C@H](Cc3ccc(O)cc3)NC2=O)CCCCNC(=O)[C@@H](Cc2ccc(Cl)cc2)NC1=O,93,98,191,93,98,191,5,103,104,13,7,ok,1.03841182,1,1.03841182,1038411820.000,,,,46,46,1,"[#6]-[#7]-[#6](=[#8])-[#6](-[#7]-[#6](=[#8])-[#6](-[#7]-[#6](=[#8])-[#6]-[#7]-[#6](=[#8])-[#6](-[#7]-[#6](=[#8])-[#6]-[#6]:,-[#6])-[#6]:,-[#6]:,-[#6]:,-[#6])-[#6]-[#6]1:[#6]:[#6]:[#6](:[#6]:[#6]:1)-[#8])-[#6]:,-[#6](-,:[#6]:[#6]:[#6]:[#6]:[#6]):[#6]:[#6]:[#6]:[#6]","Same element/order comparison, but optimize atom count instead of bond count.",
p0058,size-combinations,mcs,mcs_elements_order_ring_atoms,MCS elements/order ring atoms,0,926916,925512,CNC(=O)[C@@H]1NC(=O)C2NC(=O)C(NC(=O)C3NC(=O)C4NC(=O)C(Cc5ccc(c(Cl)c5)Oc5cc3cc(c5O)Oc3ccc(cc3Cl)C2O)NC(=O)C(NC(=O)OC(C)(C)C)c2ccc(O)c(c2)Oc2cc(O)cc4c2)c2ccc(O)c(c2)-c2c(O)cc(O)cc21,CC(=O)NC1CC(=O)NC(C(=O)N[C@H]2CC(=O)NC(C(=O)O)CNC(=O)[C@@H]3CCCN3C(=O)[C@@H](CCCN=C(N)N)NC(=O)[C@H](CC(C)C)NC(=O)C(Cc3ccc4ccccc4c3)NC(=O)[C@H](Cc3ccc(O)cc3)NC2=O)CCCCNC(=O)[C@@H](Cc2ccc(Cl)cc2)NC1=O,93,98,191,93,98,191,5,103,104,13,7,ok,0.587529477,1,0.587529477,587529477.000,,,,34,33,0,"[#6&R](-&@[#7&R]-&@[#6&R](=&!@[#8&!R])-&@[#6&R](-&@[#7&R]-&@[#6&R](=&!@[#8&!R])-&@[#6&R]-&@[#7&R]-&@[#6&R](=&!@[#8&!R])-&@[#6&R]-&@[#7&R]-&@[#6&R](=&!@[#8&!R])-&@[#6&R]-&@[#7&R]-&@[#6&R](=&!@[#8&!R])-&@[#6&R]-&@[#7&R]-&@[#6&R](=&!@[#8&!R])-&@[#6&R](-&!@[#7&!R]-&!@[#6&!R]=&!@[#8&!R])-&@[#6&R]:,-;@[#6&R])-&@[#6&R]-&@[#6&R]:,-;@[#6&R])-&@[#6&R]",Ring atoms and ring bonds only match ring atoms and ring bonds.,
p0058,size-combinations,mcs,mcs_elements_order_whole_rings,MCS elements/order whole rings,0,926916,925512,CNC(=O)[C@@H]1NC(=O)C2NC(=O)C(NC(=O)C3NC(=O)C4NC(=O)C(Cc5ccc(c(Cl)c5)Oc5cc3cc(c5O)Oc3ccc(cc3Cl)C2O)NC(=O)C(NC(=O)OC(C)(C)C)c2ccc(O)c(c2)Oc2cc(O)cc4c2)c2ccc(O)c(c2)-c2c(O)cc(O)cc21,CC(=O)NC1CC(=O)NC(C(=O)N[C@H]2CC(=O)NC(C(=O)O)CNC(=O)[C@@H]3CCCN3C(=O)[C@@H](CCCN=C(N)N)NC(=O)[C@H](CC(C)C)NC(=O)C(Cc3ccc4ccccc4c3)NC(=O)[C@H](Cc3ccc(O)cc3)NC2=O)CCCCNC(=O)[C@@H](Cc2ccc(Cl)cc2)NC1=O,93,98,191,93,98,191,5,103,104,13,7,ok,0.745530139,1,0.745530139,745530139.000,,,,9,9,0,"[#6]-,:;@[#6]-,:;@[#6]-,:;@[#6]1:&@[#6]:&@[#6]:&@[#6]:&@[#6]:&@[#6]:&@1",MCS completeRingsOnly=True; partial ring MCS results are rejected.,
p0058,size-combinations,mcs,mcs_elements_order_ring_atoms_whole_rings,MCS elements/order ring atoms + whole rings,0,926916,925512,CNC(=O)[C@@H]1NC(=O)C2NC(=O)C(NC(=O)C3NC(=O)C4NC(=O)C(Cc5ccc(c(Cl)c5)Oc5cc3cc(c5O)Oc3ccc(cc3Cl)C2O)NC(=O)C(NC(=O)OC(C)(C)C)c2ccc(O)c(c2)Oc2cc(O)cc4c2)c2ccc(O)c(c2)-c2c(O)cc(O)cc21,CC(=O)NC1CC(=O)NC(C(=O)N[C@H]2CC(=O)NC(C(=O)O)CNC(=O)[C@@H]3CCCN3C(=O)[C@@H](CCCN=C(N)N)NC(=O)[C@H](CC(C)C)NC(=O)C(Cc3ccc4ccccc4c3)NC(=O)[C@H](Cc3ccc(O)cc3)NC2=O)CCCCNC(=O)[C@@H](Cc2ccc(Cl)cc2)NC1=O,93,98,191,93,98,191,5,103,104,13,7,ok,0.734364098,1,0.734364098,734364098.000,,,,9,9,0,"[#6&R]-,:;@[#6&R]-,:;@[#6&R]-,:;@[#6]1:&@[#6]:&@[#6]:&@[#6]:&@[#6]:&@[#6]:&@1",Both ringMatchesRingOnly and completeRingsOnly are enabled.,
p0058,size-combinations,substruct,substruct_smiles,Substruct raw SMILES,1,926916,925512,CNC(=O)[C@@H]1NC(=O)C2NC(=O)C(NC(=O)C3NC(=O)C4NC(=O)C(Cc5ccc(c(Cl)c5)Oc5cc3cc(c5O)Oc3ccc(cc3Cl)C2O)NC(=O)C(NC(=O)OC(C)(C)C)c2ccc(O)c(c2)Oc2cc(O)cc4c2)c2ccc(O)c(c2)-c2c(O)cc(O)cc21,CC(=O)NC1CC(=O)NC(C(=O)N[C@H]2CC(=O)NC(C(=O)O)CNC(=O)[C@@H]3CCCN3C(=O)[C@@H](CCCN=C(N)N)NC(=O)[C@H](CC(C)C)NC(=O)C(Cc3ccc4ccccc4c3)NC(=O)[C@H](Cc3ccc(O)cc3)NC2=O)CCCCNC(=O)[C@@H](Cc2ccc(Cl)cc2)NC1=O,93,98,191,93,98,191,5,103,104,13,7,ok,0.00025649,20,1.28245e-05,12824.500,has-match,0,0,,,,,Best SMILES-substructure baseline. Substructure has no direct completeRingsOnly option.,
p0058,size-combinations,substruct,substruct_elements_any_bond,Substruct elements/any bond,0,926916,925512,CNC(=O)[C@@H]1NC(=O)C2NC(=O)C(NC(=O)C3NC(=O)C4NC(=O)C(Cc5ccc(c(Cl)c5)Oc5cc3cc(c5O)Oc3ccc(cc3Cl)C2O)NC(=O)C(NC(=O)OC(C)(C)C)c2ccc(O)c(c2)Oc2cc(O)cc4c2)c2ccc(O)c(c2)-c2c(O)cc(O)cc21,CC(=O)NC1CC(=O)NC(C(=O)N[C@H]2CC(=O)NC(C(=O)O)CNC(=O)[C@@H]3CCCN3C(=O)[C@@H](CCCN=C(N)N)NC(=O)[C@H](CC(C)C)NC(=O)C(Cc3ccc4ccccc4c3)NC(=O)[C@H](Cc3ccc(O)cc3)NC2=O)CCCCNC(=O)[C@@H](Cc2ccc(Cl)cc2)NC1=O,93,98,191,93,98,191,5,103,104,13,7,ok,0.000244185,20,1.220925e-05,12209.250,has-match,0,0,,,,,Query keeps atom elements but uses generic bonds.,
p0058,size-combinations,substruct,substruct_any_atom_bond,Substruct any atoms/bonds,0,926916,925512,CNC(=O)[C@@H]1NC(=O)C2NC(=O)C(NC(=O)C3NC(=O)C4NC(=O)C(Cc5ccc(c(Cl)c5)Oc5cc3cc(c5O)Oc3ccc(cc3Cl)C2O)NC(=O)C(NC(=O)OC(C)(C)C)c2ccc(O)c(c2)Oc2cc(O)cc4c2)c2ccc(O)c(c2)-c2c(O)cc(O)cc21,CC(=O)NC1CC(=O)NC(C(=O)N[C@H]2CC(=O)NC(C(=O)O)CNC(=O)[C@@H]3CCCN3C(=O)[C@@H](CCCN=C(N)N)NC(=O)[C@H](CC(C)C)NC(=O)C(Cc3ccc4ccccc4c3)NC(=O)[C@H](Cc3ccc(O)cc3)NC2=O)CCCCNC(=O)[C@@H](Cc2ccc(Cl)cc2)NC1=O,93,98,191,93,98,191,5,103,104,13,7,ok,0.001018147,20,5.090735e-05,50907.350,has-match,0,0,,,,,"Query uses generic atoms and generic bonds, similar to CompareAny topology.",
p0058,size-combinations,substruct,substruct_ring_atoms,Substruct ring-chain atoms,0,926916,925512,CNC(=O)[C@@H]1NC(=O)C2NC(=O)C(NC(=O)C3NC(=O)C4NC(=O)C(Cc5ccc(c(Cl)c5)Oc5cc3cc(c5O)Oc3ccc(cc3Cl)C2O)NC(=O)C(NC(=O)OC(C)(C)C)c2ccc(O)c(c2)Oc2cc(O)cc4c2)c2ccc(O)c(c2)-c2c(O)cc(O)cc21,CC(=O)NC1CC(=O)NC(C(=O)N[C@H]2CC(=O)NC(C(=O)O)CNC(=O)[C@@H]3CCCN3C(=O)[C@@H](CCCN=C(N)N)NC(=O)[C@H](CC(C)C)NC(=O)C(Cc3ccc4ccccc4c3)NC(=O)[C@H](Cc3ccc(O)cc3)NC2=O)CCCCNC(=O)[C@@H](Cc2ccc(Cl)cc2)NC1=O,93,98,191,93,98,191,5,103,104,13,7,ok,8.1902e-05,20,4.0951e-06,4095.100,has-match,0,0,,,,,Query adds ring/chain atom constraints; closest substruct analog to ringMatchesRingOnly.,
p0059,size-combinations,mcs,mcs_any_atom_bond,MCS CompareAny atoms/bonds,0,1830649,409176,CCNC(=O)[C@@H]1CCCN1C(=O)[C@H](CCCN=C(N)N)NC(=O)[C@H](CC(C)C)NC(=O)[C@@H](Cc1c[nH]c2ccccc12)NC(=O)[C@H](Cc1ccc(O)cc1)NC(=O)[C@H](CO)NC(=O)[C@H](Cc1c[nH]c2ccccc12)NC(=O)[C@H](Cc1c[nH]cn1)N(C)C(=O)[C@@H]1CCC(=O)N1,CSCC[C@H](NC(=O)[C@@H](CC(C)C)NC(=O)CNC(=O)[C@@H](Cc1ccccc1)NC(=O)[C@H](Cc1ccccc1)NC(=O)[C@H](CCC(N)=O)NC(=O)[C@@H](CCC(N)=O)NC(=O)[C@@H]1CCCN1C(=O)[C@@H](CCCCN)NC(=O)[C@@H]1CCCN1C(=O)[C@H](N)CCCN=C(N)N)C(N)=O,94,95,189,94,95,189,1,101,98,8,4,ok,1.01786768,1,1.01786768,1017867685.000,,,,63,63,1,"[#6,#7]-[#16,#6]-[#6]-[#6]-[#6](-[#7]-[#6](=[#8])-[#6](-[#6]-[#6](-[#6])-[#6])-[#7]-[#6](=[#8])-[#6]-[#7]-[#6](=[#8])-[#6](-[#6]-[#6]1:[#6]:[#6]:[#6]:[#6]:[#6]:1)-[#7]-[#6](=[#8])-[#6](-[#6]-[#6,#8])-[#7]-[#6](=[#8])-[#6](-[#6]-[#6]-,:[#6](-,:[#7,#6])=,:[#8,#6])-[#7]-[#6](=[#8])-[#6](-[#6]-[#6]-,:[#6]=,:[#8,#7])-[#7]-[#6](=[#8])-[#6](-[#6,#7]-[#6]-,=[#6,#8])-[#7,#6]-[#6])-[#6](-[#7])=[#8]",Permissive MCS: any atom type and any bond type can match.,
p0059,size-combinations,mcs,mcs_elements_order,MCS elements/order,1,1830649,409176,CCNC(=O)[C@@H]1CCCN1C(=O)[C@H](CCCN=C(N)N)NC(=O)[C@H](CC(C)C)NC(=O)[C@@H](Cc1c[nH]c2ccccc12)NC(=O)[C@H](Cc1ccc(O)cc1)NC(=O)[C@H](CO)NC(=O)[C@H](Cc1c[nH]c2ccccc12)NC(=O)[C@H](Cc1c[nH]cn1)N(C)C(=O)[C@@H]1CCC(=O)N1,CSCC[C@H](NC(=O)[C@@H](CC(C)C)NC(=O)CNC(=O)[C@@H](Cc1ccccc1)NC(=O)[C@H](Cc1ccccc1)NC(=O)[C@H](CCC(N)=O)NC(=O)[C@@H](CCC(N)=O)NC(=O)[C@@H]1CCCN1C(=O)[C@@H](CCCCN)NC(=O)[C@@H]1CCCN1C(=O)[C@H](N)CCCN=C(N)N)C(N)=O,94,95,189,94,95,189,1,101,98,8,4,ok,1.06641916,1,1.06641916,1066419159.000,,,,59,59,1,"[#6]-[#6]-[#6](-[#7]-[#6](=[#8])-[#6](-[#6]-[#6](-[#6])-[#6])-[#7]-[#6](=[#8])-[#6]-[#7]-[#6](=[#8])-[#6](-[#6]-[#6]1:[#6]:[#6]:[#6]:[#6]:[#6]:1)-[#7]-[#6](=[#8])-[#6](-[#6])-[#7]-[#6](=[#8])-[#6](-[#6]-[#6]-,:[#6]-,:[#7])-[#7]-[#6](=[#8])-[#6](-[#6]-[#6]-,:[#6]-,:[#7])-[#7]-[#6](=[#8])-[#6](-[#6]-[#6])-[#7]-[#6]=[#8])-[#6](-[#7])=[#8]",Closest MCS counterpart to a raw SMILES substructure query.,
p0059,size-combinations,mcs,mcs_elements_order_maximize_atoms,MCS elements/order maximize atoms,0,1830649,409176,CCNC(=O)[C@@H]1CCCN1C(=O)[C@H](CCCN=C(N)N)NC(=O)[C@H](CC(C)C)NC(=O)[C@@H](Cc1c[nH]c2ccccc12)NC(=O)[C@H](Cc1ccc(O)cc1)NC(=O)[C@H](CO)NC(=O)[C@H](Cc1c[nH]c2ccccc12)NC(=O)[C@H](Cc1c[nH]cn1)N(C)C(=O)[C@@H]1CCC(=O)N1,CSCC[C@H](NC(=O)[C@@H](CC(C)C)NC(=O)CNC(=O)[C@@H](Cc1ccccc1)NC(=O)[C@H](Cc1ccccc1)NC(=O)[C@H](CCC(N)=O)NC(=O)[C@@H](CCC(N)=O)NC(=O)[C@@H]1CCCN1C(=O)[C@@H](CCCCN)NC(=O)[C@@H]1CCCN1C(=O)[C@H](N)CCCN=C(N)N)C(N)=O,94,95,189,94,95,189,1,101,98,8,4,ok,1.0618021,1,1.0618021,1061802096.000,,,,59,59,1,"[#6]-[#6]-[#6](-[#7]-[#6](=[#8])-[#6](-[#6]-[#6](-[#6])-[#6])-[#7]-[#6](=[#8])-[#6]-[#7]-[#6](=[#8])-[#6](-[#6]-[#6]1:[#6]:[#6]:[#6]:[#6]:[#6]:1)-[#7]-[#6](=[#8])-[#6](-[#6])-[#7]-[#6](=[#8])-[#6](-[#6]-[#6]-,:[#6]-,:[#7])-[#7]-[#6](=[#8])-[#6](-[#6]-[#6]-,:[#6]-,:[#7])-[#7]-[#6](=[#8])-[#6](-[#6]-[#6])-[#7]-[#6]=[#8])-[#6](-[#7])=[#8]","Same element/order comparison, but optimize atom count instead of bond count.",
p0059,size-combinations,mcs,mcs_elements_order_ring_atoms,MCS elements/order ring atoms,0,1830649,409176,CCNC(=O)[C@@H]1CCCN1C(=O)[C@H](CCCN=C(N)N)NC(=O)[C@H](CC(C)C)NC(=O)[C@@H](Cc1c[nH]c2ccccc12)NC(=O)[C@H](Cc1ccc(O)cc1)NC(=O)[C@H](CO)NC(=O)[C@H](Cc1c[nH]c2ccccc12)NC(=O)[C@H](Cc1c[nH]cn1)N(C)C(=O)[C@@H]1CCC(=O)N1,CSCC[C@H](NC(=O)[C@@H](CC(C)C)NC(=O)CNC(=O)[C@@H](Cc1ccccc1)NC(=O)[C@H](Cc1ccccc1)NC(=O)[C@H](CCC(N)=O)NC(=O)[C@@H](CCC(N)=O)NC(=O)[C@@H]1CCCN1C(=O)[C@@H](CCCCN)NC(=O)[C@@H]1CCCN1C(=O)[C@H](N)CCCN=C(N)N)C(N)=O,94,95,189,94,95,189,1,101,98,8,4,ok,1.09768815,1,1.09768815,1097688150.000,,,,51,52,1,[#6&!R]-&!@[#6&!R]-&!@[#6&!R](-&!@[#7&!R]-&!@[#6&!R](=&!@[#8&!R])-&!@[#6&!R](-&!@[#6&!R]-&!@[#6&!R](-&!@[#6&!R])-&!@[#6&!R])-&!@[#7&!R]-&!@[#6&!R](=&!@[#8&!R])-&!@[#6&!R]-&!@[#7&!R]-&!@[#6&!R](=&!@[#8&!R])-&!@[#6&!R](-&!@[#6&!R]-&!@[#6]1:&@[#6]:&@[#6]:&@[#6]:&@[#6]:&@[#6]:&@1)-&!@[#7&!R]-&!@[#6&!R](=&!@[#8&!R])-&!@[#6&!R](-&!@[#6&!R])-&!@[#7&!R]-&!@[#6&!R](=&!@[#8&!R])-&!@[#6&!R](-&!@[#6&!R])-&!@[#7&!R]-&!@[#6&!R](=&!@[#8&!R])-&!@[#6&!R](-&!@[#6&!R])-&!@[#7&!R]-&!@[#6&!R](=&!@[#8&!R])-&!@[#6]1-&@[#6]-&@[#6]-&@[#6]-&@[#7]-&@1)-&!@[#6&!R]=&!@[#8&!R],Ring atoms and ring bonds only match ring atoms and ring bonds.,
p0059,size-combinations,mcs,mcs_elements_order_whole_rings,MCS elements/order whole rings,0,1830649,409176,CCNC(=O)[C@@H]1CCCN1C(=O)[C@H](CCCN=C(N)N)NC(=O)[C@H](CC(C)C)NC(=O)[C@@H](Cc1c[nH]c2ccccc12)NC(=O)[C@H](Cc1ccc(O)cc1)NC(=O)[C@H](CO)NC(=O)[C@H](Cc1c[nH]c2ccccc12)NC(=O)[C@H](Cc1c[nH]cn1)N(C)C(=O)[C@@H]1CCC(=O)N1,CSCC[C@H](NC(=O)[C@@H](CC(C)C)NC(=O)CNC(=O)[C@@H](Cc1ccccc1)NC(=O)[C@H](Cc1ccccc1)NC(=O)[C@H](CCC(N)=O)NC(=O)[C@@H](CCC(N)=O)NC(=O)[C@@H]1CCCN1C(=O)[C@@H](CCCCN)NC(=O)[C@@H]1CCCN1C(=O)[C@H](N)CCCN=C(N)N)C(N)=O,94,95,189,94,95,189,1,101,98,8,4,ok,1.05572916,1,1.05572916,1055729156.000,,,,54,55,1,[#6]-&!@[#6]-&!@[#6](-&!@[#7]-&!@[#6](=&!@[#8])-&!@[#6](-&!@[#6]-&!@[#6](-&!@[#6])-&!@[#6])-&!@[#7]-&!@[#6](=&!@[#8])-&!@[#6]-&!@[#7]-&!@[#6](=&!@[#8])-&!@[#6](-&!@[#6]-&!@[#6]1:&@[#6]:&@[#6]:&@[#6]:&@[#6]:&@[#6]:&@1)-&!@[#7]-&!@[#6](=&!@[#8])-&!@[#6](-&!@[#6])-&!@[#7]-&!@[#6](=&!@[#8])-&!@[#6](-&!@[#6]-&!@[#6])-&!@[#7]-&!@[#6](=&!@[#8])-&!@[#6](-&!@[#6]-&!@[#6])-&!@[#7]-&!@[#6](=&!@[#8])-&!@[#6]1-&@[#6]-&@[#6]-&@[#6]-&@[#7]-&@1)-&!@[#6](-&!@[#7])=&!@[#8],MCS completeRingsOnly=True; partial ring MCS results are rejected.,
p0059,size-combinations,mcs,mcs_elements_order_ring_atoms_whole_rings,MCS elements/order ring atoms + whole rings,0,1830649,409176,CCNC(=O)[C@@H]1CCCN1C(=O)[C@H](CCCN=C(N)N)NC(=O)[C@H](CC(C)C)NC(=O)[C@@H](Cc1c[nH]c2ccccc12)NC(=O)[C@H](Cc1ccc(O)cc1)NC(=O)[C@H](CO)NC(=O)[C@H](Cc1c[nH]c2ccccc12)NC(=O)[C@H](Cc1c[nH]cn1)N(C)C(=O)[C@@H]1CCC(=O)N1,CSCC[C@H](NC(=O)[C@@H](CC(C)C)NC(=O)CNC(=O)[C@@H](Cc1ccccc1)NC(=O)[C@H](Cc1ccccc1)NC(=O)[C@H](CCC(N)=O)NC(=O)[C@@H](CCC(N)=O)NC(=O)[C@@H]1CCCN1C(=O)[C@@H](CCCCN)NC(=O)[C@@H]1CCCN1C(=O)[C@H](N)CCCN=C(N)N)C(N)=O,94,95,189,94,95,189,1,101,98,8,4,ok,1.08306487,1,1.08306487,1083064873.000,,,,51,52,1,[#6&!R]-&!@[#6&!R]-&!@[#6&!R](-&!@[#7&!R]-&!@[#6&!R](=&!@[#8&!R])-&!@[#6&!R](-&!@[#6&!R]-&!@[#6&!R](-&!@[#6&!R])-&!@[#6&!R])-&!@[#7&!R]-&!@[#6&!R](=&!@[#8&!R])-&!@[#6&!R]-&!@[#7&!R]-&!@[#6&!R](=&!@[#8&!R])-&!@[#6&!R](-&!@[#6&!R]-&!@[#6]1:&@[#6]:&@[#6]:&@[#6]:&@[#6]:&@[#6]:&@1)-&!@[#7&!R]-&!@[#6&!R](=&!@[#8&!R])-&!@[#6&!R](-&!@[#6&!R])-&!@[#7&!R]-&!@[#6&!R](=&!@[#8&!R])-&!@[#6&!R](-&!@[#6&!R])-&!@[#7&!R]-&!@[#6&!R](=&!@[#8&!R])-&!@[#6&!R](-&!@[#6&!R])-&!@[#7&!R]-&!@[#6&!R](=&!@[#8&!R])-&!@[#6]1-&@[#6]-&@[#6]-&@[#6]-&@[#7]-&@1)-&!@[#6&!R]=&!@[#8&!R],Both ringMatchesRingOnly and completeRingsOnly are enabled.,
p0059,size-combinations,substruct,substruct_smiles,Substruct raw SMILES,1,1830649,409176,CCNC(=O)[C@@H]1CCCN1C(=O)[C@H](CCCN=C(N)N)NC(=O)[C@H](CC(C)C)NC(=O)[C@@H](Cc1c[nH]c2ccccc12)NC(=O)[C@H](Cc1ccc(O)cc1)NC(=O)[C@H](CO)NC(=O)[C@H](Cc1c[nH]c2ccccc12)NC(=O)[C@H](Cc1c[nH]cn1)N(C)C(=O)[C@@H]1CCC(=O)N1,CSCC[C@H](NC(=O)[C@@H](CC(C)C)NC(=O)CNC(=O)[C@@H](Cc1ccccc1)NC(=O)[C@H](Cc1ccccc1)NC(=O)[C@H](CCC(N)=O)NC(=O)[C@@H](CCC(N)=O)NC(=O)[C@@H]1CCCN1C(=O)[C@@H](CCCCN)NC(=O)[C@@H]1CCCN1C(=O)[C@H](N)CCCN=C(N)N)C(N)=O,94,95,189,94,95,189,1,101,98,8,4,ok,0.00030961,20,1.54805e-05,15480.500,has-match,0,0,,,,,Best SMILES-substructure baseline. Substructure has no direct completeRingsOnly option.,
p0059,size-combinations,substruct,substruct_elements_any_bond,Substruct elements/any bond,0,1830649,409176,CCNC(=O)[C@@H]1CCCN1C(=O)[C@H](CCCN=C(N)N)NC(=O)[C@H](CC(C)C)NC(=O)[C@@H](Cc1c[nH]c2ccccc12)NC(=O)[C@H](Cc1ccc(O)cc1)NC(=O)[C@H](CO)NC(=O)[C@H](Cc1c[nH]c2ccccc12)NC(=O)[C@H](Cc1c[nH]cn1)N(C)C(=O)[C@@H]1CCC(=O)N1,CSCC[C@H](NC(=O)[C@@H](CC(C)C)NC(=O)CNC(=O)[C@@H](Cc1ccccc1)NC(=O)[C@H](Cc1ccccc1)NC(=O)[C@H](CCC(N)=O)NC(=O)[C@@H](CCC(N)=O)NC(=O)[C@@H]1CCCN1C(=O)[C@@H](CCCCN)NC(=O)[C@@H]1CCCN1C(=O)[C@H](N)CCCN=C(N)N)C(N)=O,94,95,189,94,95,189,1,101,98,8,4,ok,0.000319387,20,1.596935e-05,15969.350,has-match,0,0,,,,,Query keeps atom elements but uses generic bonds.,
p0059,size-combinations,substruct,substruct_any_atom_bond,Substruct any atoms/bonds,0,1830649,409176,CCNC(=O)[C@@H]1CCCN1C(=O)[C@H](CCCN=C(N)N)NC(=O)[C@H](CC(C)C)NC(=O)[C@@H](Cc1c[nH]c2ccccc12)NC(=O)[C@H](Cc1ccc(O)cc1)NC(=O)[C@H](CO)NC(=O)[C@H](Cc1c[nH]c2ccccc12)NC(=O)[C@H](Cc1c[nH]cn1)N(C)C(=O)[C@@H]1CCC(=O)N1,CSCC[C@H](NC(=O)[C@@H](CC(C)C)NC(=O)CNC(=O)[C@@H](Cc1ccccc1)NC(=O)[C@H](Cc1ccccc1)NC(=O)[C@H](CCC(N)=O)NC(=O)[C@@H](CCC(N)=O)NC(=O)[C@@H]1CCCN1C(=O)[C@@H](CCCCN)NC(=O)[C@@H]1CCCN1C(=O)[C@H](N)CCCN=C(N)N)C(N)=O,94,95,189,94,95,189,1,101,98,8,4,ok,0.001084752,20,5.42376e-05,54237.600,has-match,0,0,,,,,"Query uses generic atoms and generic bonds, similar to CompareAny topology.",
p0059,size-combinations,substruct,substruct_ring_atoms,Substruct ring-chain atoms,0,1830649,409176,CCNC(=O)[C@@H]1CCCN1C(=O)[C@H](CCCN=C(N)N)NC(=O)[C@H](CC(C)C)NC(=O)[C@@H](Cc1c[nH]c2ccccc12)NC(=O)[C@H](Cc1ccc(O)cc1)NC(=O)[C@H](CO)NC(=O)[C@H](Cc1c[nH]c2ccccc12)NC(=O)[C@H](Cc1c[nH]cn1)N(C)C(=O)[C@@H]1CCC(=O)N1,CSCC[C@H](NC(=O)[C@@H](CC(C)C)NC(=O)CNC(=O)[C@@H](Cc1ccccc1)NC(=O)[C@H](Cc1ccccc1)NC(=O)[C@H](CCC(N)=O)NC(=O)[C@@H](CCC(N)=O)NC(=O)[C@@H]1CCCN1C(=O)[C@@H](CCCCN)NC(=O)[C@@H]1CCCN1C(=O)[C@H](N)CCCN=C(N)N)C(N)=O,94,95,189,94,95,189,1,101,98,8,4,ok,0.000281295,20,1.406475e-05,14064.750,has-match,0,0,,,,,Query adds ring/chain atom constraints; closest substruct analog to ringMatchesRingOnly.,
p0060,size-combinations,mcs,mcs_any_atom_bond,MCS CompareAny atoms/bonds,0,975485,151291,F,CC(C)[C@H](NC(=O)c1ccccn1)C(=O)N[C@@H](Cc1ccccc1)[C@@H](O)CN[C@@H](Cc1ccc(-c2cccc(N)c2)cc1)C(N)=O,1,46,47,1,46,47,45,0,49,0,4,ok,8.9153e-05,1,8.9153e-05,89153.000,,,,1,0,0,[#9],Permissive MCS: any atom type and any bond type can match.,
p0060,size-combinations,mcs,mcs_elements_order,MCS elements/order,1,975485,151291,F,CC(C)[C@H](NC(=O)c1ccccn1)C(=O)N[C@@H](Cc1ccccc1)[C@@H](O)CN[C@@H](Cc1ccc(-c2cccc(N)c2)cc1)C(N)=O,1,46,47,1,46,47,45,0,49,0,4,ok,1.1713e-05,1,1.1713e-05,11713.000,,,,0,0,0,,Closest MCS counterpart to a raw SMILES substructure query.,
p0060,size-combinations,mcs,mcs_elements_order_maximize_atoms,MCS elements/order maximize atoms,0,975485,151291,F,CC(C)[C@H](NC(=O)c1ccccn1)C(=O)N[C@@H](Cc1ccccc1)[C@@H](O)CN[C@@H](Cc1ccc(-c2cccc(N)c2)cc1)C(N)=O,1,46,47,1,46,47,45,0,49,0,4,ok,8.49e-06,1,8.49e-06,8490.000,,,,0,0,0,,"Same element/order comparison, but optimize atom count instead of bond count.",
p0060,size-combinations,mcs,mcs_elements_order_ring_atoms,MCS elements/order ring atoms,0,975485,151291,F,CC(C)[C@H](NC(=O)c1ccccn1)C(=O)N[C@@H](Cc1ccccc1)[C@@H](O)CN[C@@H](Cc1ccc(-c2cccc(N)c2)cc1)C(N)=O,1,46,47,1,46,47,45,0,49,0,4,ok,8.119e-06,1,8.119e-06,8119.000,,,,0,0,0,,Ring atoms and ring bonds only match ring atoms and ring bonds.,
p0060,size-combinations,mcs,mcs_elements_order_whole_rings,MCS elements/order whole rings,0,975485,151291,F,CC(C)[C@H](NC(=O)c1ccccn1)C(=O)N[C@@H](Cc1ccccc1)[C@@H](O)CN[C@@H](Cc1ccc(-c2cccc(N)c2)cc1)C(N)=O,1,46,47,1,46,47,45,0,49,0,4,ok,7.317e-06,1,7.317e-06,7317.000,,,,0,0,0,,MCS completeRingsOnly=True; partial ring MCS results are rejected.,
p0060,size-combinations,mcs,mcs_elements_order_ring_atoms_whole_rings,MCS elements/order ring atoms + whole rings,0,975485,151291,F,CC(C)[C@H](NC(=O)c1ccccn1)C(=O)N[C@@H](Cc1ccccc1)[C@@H](O)CN[C@@H](Cc1ccc(-c2cccc(N)c2)cc1)C(N)=O,1,46,47,1,46,47,45,0,49,0,4,ok,7.839e-06,1,7.839e-06,7839.000,,,,0,0,0,,Both ringMatchesRingOnly and completeRingsOnly are enabled.,
p0060,size-combinations,substruct,substruct_smiles,Substruct raw SMILES,1,975485,151291,F,CC(C)[C@H](NC(=O)c1ccccn1)C(=O)N[C@@H](Cc1ccccc1)[C@@H](O)CN[C@@H](Cc1ccc(-c2cccc(N)c2)cc1)C(N)=O,1,46,47,1,46,47,45,0,49,0,4,ok,4.113e-05,20,2.0565e-06,2056.500,has-match,0,0,,,,,Best SMILES-substructure baseline. Substructure has no direct completeRingsOnly option.,
p0060,size-combinations,substruct,substruct_elements_any_bond,Substruct elements/any bond,0,975485,151291,F,CC(C)[C@H](NC(=O)c1ccccn1)C(=O)N[C@@H](Cc1ccccc1)[C@@H](O)CN[C@@H](Cc1ccc(-c2cccc(N)c2)cc1)C(N)=O,1,46,47,1,46,47,45,0,49,0,4,ok,2.7374e-05,20,1.3687e-06,1368.700,has-match,0,0,,,,,Query keeps atom elements but uses generic bonds.,
p0060,size-combinations,substruct,substruct_any_atom_bond,Substruct any atoms/bonds,0,975485,151291,F,CC(C)[C@H](NC(=O)c1ccccn1)C(=O)N[C@@H](Cc1ccccc1)[C@@H](O)CN[C@@H](Cc1ccc(-c2cccc(N)c2)cc1)C(N)=O,1,46,47,1,46,47,45,0,49,0,4,ok,0.000206667,20,1.033335e-05,10333.350,has-match,1,1,,,,,"Query uses generic atoms and generic bonds, similar to CompareAny topology.",
p0060,size-combinations,substruct,substruct_ring_atoms,Substruct ring-chain atoms,0,975485,151291,F,CC(C)[C@H](NC(=O)c1ccccn1)C(=O)N[C@@H](Cc1ccccc1)[C@@H](O)CN[C@@H](Cc1ccc(-c2cccc(N)c2)cc1)C(N)=O,1,46,47,1,46,47,45,0,49,0,4,ok,2.223e-05,20,1.1115e-06,1111.500,has-match,0,0,,,,,Query adds ring/chain atom constraints; closest substruct analog to ringMatchesRingOnly.,
p0061,size-combinations,mcs,mcs_any_atom_bond,MCS CompareAny atoms/bonds,0,889403,23669,[N]=O,O=C(CSc1nnc(-c2ccc(Br)cc2)c(-c2ccc(Br)cc2)n1)Nc1nc(-c2ccc(F)cc2)cs1,2,37,39,2,37,39,35,1,41,0,5,ok,5.7962e-05,1,5.7962e-05,57962.000,,,,2,1,0,"[#7,#8]=[#8,#6]",Permissive MCS: any atom type and any bond type can match.,
p0061,size-combinations,mcs,mcs_elements_order,MCS elements/order,1,889403,23669,[N]=O,O=C(CSc1nnc(-c2ccc(Br)cc2)c(-c2ccc(Br)cc2)n1)Nc1nc(-c2ccc(F)cc2)cs1,2,37,39,2,37,39,35,1,41,0,5,ok,2.6908e-05,1,2.6908e-05,26908.000,,,,1,0,0,[#8],Closest MCS counterpart to a raw SMILES substructure query.,
p0061,size-combinations,mcs,mcs_elements_order_maximize_atoms,MCS elements/order maximize atoms,0,889403,23669,[N]=O,O=C(CSc1nnc(-c2ccc(Br)cc2)c(-c2ccc(Br)cc2)n1)Nc1nc(-c2ccc(F)cc2)cs1,2,37,39,2,37,39,35,1,41,0,5,ok,2.757e-05,1,2.757e-05,27570.000,,,,1,0,0,[#8],"Same element/order comparison, but optimize atom count instead of bond count.",
p0061,size-combinations,mcs,mcs_elements_order_ring_atoms,MCS elements/order ring atoms,0,889403,23669,[N]=O,O=C(CSc1nnc(-c2ccc(Br)cc2)c(-c2ccc(Br)cc2)n1)Nc1nc(-c2ccc(F)cc2)cs1,2,37,39,2,37,39,35,1,41,0,5,ok,2.4734e-05,1,2.4734e-05,24734.000,,,,1,0,0,[#8&!R],Ring atoms and ring bonds only match ring atoms and ring bonds.,
p0061,size-combinations,mcs,mcs_elements_order_whole_rings,MCS elements/order whole rings,0,889403,23669,[N]=O,O=C(CSc1nnc(-c2ccc(Br)cc2)c(-c2ccc(Br)cc2)n1)Nc1nc(-c2ccc(F)cc2)cs1,2,37,39,2,37,39,35,1,41,0,5,ok,1.9773e-05,1,1.9773e-05,19773.000,,,,1,0,0,[#8],MCS completeRingsOnly=True; partial ring MCS results are rejected.,
p0061,size-combinations,mcs,mcs_elements_order_ring_atoms_whole_rings,MCS elements/order ring atoms + whole rings,0,889403,23669,[N]=O,O=C(CSc1nnc(-c2ccc(Br)cc2)c(-c2ccc(Br)cc2)n1)Nc1nc(-c2ccc(F)cc2)cs1,2,37,39,2,37,39,35,1,41,0,5,ok,2.0202e-05,1,2.0202e-05,20202.000,,,,1,0,0,[#8&!R],Both ringMatchesRingOnly and completeRingsOnly are enabled.,
p0061,size-combinations,substruct,substruct_smiles,Substruct raw SMILES,1,889403,23669,[N]=O,O=C(CSc1nnc(-c2ccc(Br)cc2)c(-c2ccc(Br)cc2)n1)Nc1nc(-c2ccc(F)cc2)cs1,2,37,39,2,37,39,35,1,41,0,5,ok,1.8173e-05,20,9.0865e-07,908.650,has-match,0,0,,,,,Best SMILES-substructure baseline. Substructure has no direct completeRingsOnly option.,
p0061,size-combinations,substruct,substruct_elements_any_bond,Substruct elements/any bond,0,889403,23669,[N]=O,O=C(CSc1nnc(-c2ccc(Br)cc2)c(-c2ccc(Br)cc2)n1)Nc1nc(-c2ccc(F)cc2)cs1,2,37,39,2,37,39,35,1,41,0,5,ok,1.7297e-05,20,8.6485e-07,864.850,has-match,0,0,,,,,Query keeps atom elements but uses generic bonds.,
p0061,size-combinations,substruct,substruct_any_atom_bond,Substruct any atoms/bonds,0,889403,23669,[N]=O,O=C(CSc1nnc(-c2ccc(Br)cc2)c(-c2ccc(Br)cc2)n1)Nc1nc(-c2ccc(F)cc2)cs1,2,37,39,2,37,39,35,1,41,0,5,ok,0.000271747,20,1.358735e-05,13587.350,has-match,1,1,,,,,"Query uses generic atoms and generic bonds, similar to CompareAny topology.",
p0061,size-combinations,substruct,substruct_ring_atoms,Substruct ring-chain atoms,0,889403,23669,[N]=O,O=C(CSc1nnc(-c2ccc(Br)cc2)c(-c2ccc(Br)cc2)n1)Nc1nc(-c2ccc(F)cc2)cs1,2,37,39,2,37,39,35,1,41,0,5,ok,2.3277e-05,20,1.16385e-06,1163.850,has-match,0,0,,,,,Query adds ring/chain atom constraints; closest substruct analog to ringMatchesRingOnly.,
p0062,size-combinations,mcs,mcs_any_atom_bond,MCS CompareAny atoms/bonds,0,885884,295948,[Ca+2].[Cl-].[Cl-],C[C@H](NC(=O)[C@@H](Cc1c[nH]c2ccccc12)NC(=O)[C@@H](COCc1ccccc1)NC(=O)C(CCC(N)=O)NC(=O)[C@@H](Cc1c[nH]cn1)NC(=O)OCc1ccccc1)C(N)=O,3,62,65,3,62,65,59,0,66,0,5,ok,3.7418e-05,1,3.7418e-05,37418.000,,,,1,0,0,[#20],Permissive MCS: any atom type and any bond type can match.,
p0062,size-combinations,mcs,mcs_elements_order,MCS elements/order,1,885884,295948,[Ca+2].[Cl-].[Cl-],C[C@H](NC(=O)[C@@H](Cc1c[nH]c2ccccc12)NC(=O)[C@@H](COCc1ccccc1)NC(=O)C(CCC(N)=O)NC(=O)[C@@H](Cc1c[nH]cn1)NC(=O)OCc1ccccc1)C(N)=O,3,62,65,3,62,65,59,0,66,0,5,ok,1.1989e-05,1,1.1989e-05,11989.000,,,,0,0,0,,Closest MCS counterpart to a raw SMILES substructure query.,
p0062,size-combinations,mcs,mcs_elements_order_maximize_atoms,MCS elements/order maximize atoms,0,885884,295948,[Ca+2].[Cl-].[Cl-],C[C@H](NC(=O)[C@@H](Cc1c[nH]c2ccccc12)NC(=O)[C@@H](COCc1ccccc1)NC(=O)C(CCC(N)=O)NC(=O)[C@@H](Cc1c[nH]cn1)NC(=O)OCc1ccccc1)C(N)=O,3,62,65,3,62,65,59,0,66,0,5,ok,1.084e-05,1,1.084e-05,10840.000,,,,0,0,0,,"Same element/order comparison, but optimize atom count instead of bond count.",
p0062,size-combinations,mcs,mcs_elements_order_ring_atoms,MCS elements/order ring atoms,0,885884,295948,[Ca+2].[Cl-].[Cl-],C[C@H](NC(=O)[C@@H](Cc1c[nH]c2ccccc12)NC(=O)[C@@H](COCc1ccccc1)NC(=O)C(CCC(N)=O)NC(=O)[C@@H](Cc1c[nH]cn1)NC(=O)OCc1ccccc1)C(N)=O,3,62,65,3,62,65,59,0,66,0,5,ok,1.0032e-05,1,1.0032e-05,10032.000,,,,0,0,0,,Ring atoms and ring bonds only match ring atoms and ring bonds.,
p0062,size-combinations,mcs,mcs_elements_order_whole_rings,MCS elements/order whole rings,0,885884,295948,[Ca+2].[Cl-].[Cl-],C[C@H](NC(=O)[C@@H](Cc1c[nH]c2ccccc12)NC(=O)[C@@H](COCc1ccccc1)NC(=O)C(CCC(N)=O)NC(=O)[C@@H](Cc1c[nH]cn1)NC(=O)OCc1ccccc1)C(N)=O,3,62,65,3,62,65,59,0,66,0,5,ok,9.796e-06,1,9.796e-06,9796.000,,,,0,0,0,,MCS completeRingsOnly=True; partial ring MCS results are rejected.,
p0062,size-combinations,mcs,mcs_elements_order_ring_atoms_whole_rings,MCS elements/order ring atoms + whole rings,0,885884,295948,[Ca+2].[Cl-].[Cl-],C[C@H](NC(=O)[C@@H](Cc1c[nH]c2ccccc12)NC(=O)[C@@H](COCc1ccccc1)NC(=O)C(CCC(N)=O)NC(=O)[C@@H](Cc1c[nH]cn1)NC(=O)OCc1ccccc1)C(N)=O,3,62,65,3,62,65,59,0,66,0,5,ok,9.724e-06,1,9.724e-06,9724.000,,,,0,0,0,,Both ringMatchesRingOnly and completeRingsOnly are enabled.,
p0062,size-combinations,substruct,substruct_smiles,Substruct raw SMILES,1,885884,295948,[Ca+2].[Cl-].[Cl-],C[C@H](NC(=O)[C@@H](Cc1c[nH]c2ccccc12)NC(=O)[C@@H](COCc1ccccc1)NC(=O)C(CCC(N)=O)NC(=O)[C@@H](Cc1c[nH]cn1)NC(=O)OCc1ccccc1)C(N)=O,3,62,65,3,62,65,59,0,66,0,5,ok,2.0741e-05,20,1.03705e-06,1037.050,has-match,0,0,,,,,Best SMILES-substructure baseline. Substructure has no direct completeRingsOnly option.,
p0062,size-combinations,substruct,substruct_elements_any_bond,Substruct elements/any bond,0,885884,295948,[Ca+2].[Cl-].[Cl-],C[C@H](NC(=O)[C@@H](Cc1c[nH]c2ccccc12)NC(=O)[C@@H](COCc1ccccc1)NC(=O)C(CCC(N)=O)NC(=O)[C@@H](Cc1c[nH]cn1)NC(=O)OCc1ccccc1)C(N)=O,3,62,65,3,62,65,59,0,66,0,5,ok,2.0887e-05,20,1.04435e-06,1044.350,has-match,0,0,,,,,Query keeps atom elements but uses generic bonds.,
p0062,size-combinations,substruct,substruct_any_atom_bond,Substruct any atoms/bonds,0,885884,295948,[Ca+2].[Cl-].[Cl-],C[C@H](NC(=O)[C@@H](Cc1c[nH]c2ccccc12)NC(=O)[C@@H](COCc1ccccc1)NC(=O)C(CCC(N)=O)NC(=O)[C@@H](Cc1c[nH]cn1)NC(=O)OCc1ccccc1)C(N)=O,3,62,65,3,62,65,59,0,66,0,5,ok,0.005507222,20,0.0002753611,275361.100,has-match,1,1,,,,,"Query uses generic atoms and generic bonds, similar to CompareAny topology.",
p0062,size-combinations,substruct,substruct_ring_atoms,Substruct ring-chain atoms,0,885884,295948,[Ca+2].[Cl-].[Cl-],C[C@H](NC(=O)[C@@H](Cc1c[nH]c2ccccc12)NC(=O)[C@@H](COCc1ccccc1)NC(=O)C(CCC(N)=O)NC(=O)[C@@H](Cc1c[nH]cn1)NC(=O)OCc1ccccc1)C(N)=O,3,62,65,3,62,65,59,0,66,0,5,ok,2.7803e-05,20,1.39015e-06,1390.150,has-match,0,0,,,,,Query adds ring/chain atom constraints; closest substruct analog to ringMatchesRingOnly.,
p0063,size-combinations,mcs,mcs_any_atom_bond,MCS CompareAny atoms/bonds,0,12759,1770371,CCC#N,CCN(CC)CC.CCN(CC)CC.C[n+]1c(/C=C\c2ccc3ccccc3c2)n([C@@H]2O[C@H](COP(=O)(O)OP(=O)(O)OP(=O)([O-])OC[C@H]3O[C@@H](n4cnc5c(=O)[nH]c(N)nc54)[C@H](O)[C@@H]3O)[C@@H](O)[C@H]2O)c2nc(N)[nH]c(=O)c21,4,78,82,4,78,82,74,3,83,0,8,ok,0.000101874,1,0.000101874,101874.000,,,,4,3,0,"[#6]-[#6]-[#6,#7]#,-[#7,#6]",Permissive MCS: any atom type and any bond type can match.,
p0063,size-combinations,mcs,mcs_elements_order,MCS elements/order,1,12759,1770371,CCC#N,CCN(CC)CC.CCN(CC)CC.C[n+]1c(/C=C\c2ccc3ccccc3c2)n([C@@H]2O[C@H](COP(=O)(O)OP(=O)(O)OP(=O)([O-])OC[C@H]3O[C@@H](n4cnc5c(=O)[nH]c(N)nc54)[C@H](O)[C@@H]3O)[C@@H](O)[C@H]2O)c2nc(N)[nH]c(=O)c21,4,78,82,4,78,82,74,3,83,0,8,ok,7.4884e-05,1,7.4884e-05,74884.000,,,,3,2,0,"[#6]-[#6]-,:[#6]",Closest MCS counterpart to a raw SMILES substructure query.,
p0063,size-combinations,mcs,mcs_elements_order_maximize_atoms,MCS elements/order maximize atoms,0,12759,1770371,CCC#N,CCN(CC)CC.CCN(CC)CC.C[n+]1c(/C=C\c2ccc3ccccc3c2)n([C@@H]2O[C@H](COP(=O)(O)OP(=O)(O)OP(=O)([O-])OC[C@H]3O[C@@H](n4cnc5c(=O)[nH]c(N)nc54)[C@H](O)[C@@H]3O)[C@@H](O)[C@H]2O)c2nc(N)[nH]c(=O)c21,4,78,82,4,78,82,74,3,83,0,8,ok,6.4265e-05,1,6.4265e-05,64265.000,,,,3,2,0,"[#6]-[#6]-,:[#6]","Same element/order comparison, but optimize atom count instead of bond count.",
p0063,size-combinations,mcs,mcs_elements_order_ring_atoms,MCS elements/order ring atoms,0,12759,1770371,CCC#N,CCN(CC)CC.CCN(CC)CC.C[n+]1c(/C=C\c2ccc3ccccc3c2)n([C@@H]2O[C@H](COP(=O)(O)OP(=O)(O)OP(=O)([O-])OC[C@H]3O[C@@H](n4cnc5c(=O)[nH]c(N)nc54)[C@H](O)[C@@H]3O)[C@@H](O)[C@H]2O)c2nc(N)[nH]c(=O)c21,4,78,82,4,78,82,74,3,83,0,8,ok,6.6876e-05,1,6.6876e-05,66876.000,,,,2,1,0,[#6&!R]-&!@[#6&!R],Ring atoms and ring bonds only match ring atoms and ring bonds.,
p0063,size-combinations,mcs,mcs_elements_order_whole_rings,MCS elements/order whole rings,0,12759,1770371,CCC#N,CCN(CC)CC.CCN(CC)CC.C[n+]1c(/C=C\c2ccc3ccccc3c2)n([C@@H]2O[C@H](COP(=O)(O)OP(=O)(O)OP(=O)([O-])OC[C@H]3O[C@@H](n4cnc5c(=O)[nH]c(N)nc54)[C@H](O)[C@@H]3O)[C@@H](O)[C@H]2O)c2nc(N)[nH]c(=O)c21,4,78,82,4,78,82,74,3,83,0,8,ok,6.3268e-05,1,6.3268e-05,63268.000,,,,2,1,0,[#6]-&!@[#6],MCS completeRingsOnly=True; partial ring MCS results are rejected.,
p0063,size-combinations,mcs,mcs_elements_order_ring_atoms_whole_rings,MCS elements/order ring atoms + whole rings,0,12759,1770371,CCC#N,CCN(CC)CC.CCN(CC)CC.C[n+]1c(/C=C\c2ccc3ccccc3c2)n([C@@H]2O[C@H](COP(=O)(O)OP(=O)(O)OP(=O)([O-])OC[C@H]3O[C@@H](n4cnc5c(=O)[nH]c(N)nc54)[C@H](O)[C@@H]3O)[C@@H](O)[C@H]2O)c2nc(N)[nH]c(=O)c21,4,78,82,4,78,82,74,3,83,0,8,ok,6.3818e-05,1,6.3818e-05,63818.000,,,,2,1,0,[#6&!R]-&!@[#6&!R],Both ringMatchesRingOnly and completeRingsOnly are enabled.,
p0063,size-combinations,substruct,substruct_smiles,Substruct raw SMILES,1,12759,1770371,CCC#N,CCN(CC)CC.CCN(CC)CC.C[n+]1c(/C=C\c2ccc3ccccc3c2)n([C@@H]2O[C@H](COP(=O)(O)OP(=O)(O)OP(=O)([O-])OC[C@H]3O[C@@H](n4cnc5c(=O)[nH]c(N)nc54)[C@H](O)[C@@H]3O)[C@@H](O)[C@H]2O)c2nc(N)[nH]c(=O)c21,4,78,82,4,78,82,74,3,83,0,8,ok,9.4771e-05,20,4.73855e-06,4738.550,has-match,0,0,,,,,Best SMILES-substructure baseline. Substructure has no direct completeRingsOnly option.,
p0063,size-combinations,substruct,substruct_elements_any_bond,Substruct elements/any bond,0,12759,1770371,CCC#N,CCN(CC)CC.CCN(CC)CC.C[n+]1c(/C=C\c2ccc3ccccc3c2)n([C@@H]2O[C@H](COP(=O)(O)OP(=O)(O)OP(=O)([O-])OC[C@H]3O[C@@H](n4cnc5c(=O)[nH]c(N)nc54)[C@H](O)[C@@H]3O)[C@@H](O)[C@H]2O)c2nc(N)[nH]c(=O)c21,4,78,82,4,78,82,74,3,83,0,8,ok,0.000183424,20,9.1712e-06,9171.200,has-match,1,1,,,,,Query keeps atom elements but uses generic bonds.,
p0063,size-combinations,substruct,substruct_any_atom_bond,Substruct any atoms/bonds,0,12759,1770371,CCC#N,CCN(CC)CC.CCN(CC)CC.C[n+]1c(/C=C\c2ccc3ccccc3c2)n([C@@H]2O[C@H](COP(=O)(O)OP(=O)(O)OP(=O)([O-])OC[C@H]3O[C@@H](n4cnc5c(=O)[nH]c(N)nc54)[C@H](O)[C@@H]3O)[C@@H](O)[C@H]2O)c2nc(N)[nH]c(=O)c21,4,78,82,4,78,82,74,3,83,0,8,ok,0.001499924,20,7.49962e-05,74996.200,has-match,1,1,,,,,"Query uses generic atoms and generic bonds, similar to CompareAny topology.",
p0063,size-combinations,substruct,substruct_ring_atoms,Substruct ring-chain atoms,0,12759,1770371,CCC#N,CCN(CC)CC.CCN(CC)CC.C[n+]1c(/C=C\c2ccc3ccccc3c2)n([C@@H]2O[C@H](COP(=O)(O)OP(=O)(O)OP(=O)([O-])OC[C@H]3O[C@@H](n4cnc5c(=O)[nH]c(N)nc54)[C@H](O)[C@@H]3O)[C@@H](O)[C@H]2O)c2nc(N)[nH]c(=O)c21,4,78,82,4,78,82,74,3,83,0,8,ok,5.8851e-05,20,2.94255e-06,2942.550,has-match,0,0,,,,,Query adds ring/chain atom constraints; closest substruct analog to ringMatchesRingOnly.,
p0064,size-combinations,mcs,mcs_any_atom_bond,MCS CompareAny atoms/bonds,0,360510,1770371,O=P([O-])(O)O.[Na+],CCN(CC)CC.CCN(CC)CC.C[n+]1c(/C=C\c2ccc3ccccc3c2)n([C@@H]2O[C@H](COP(=O)(O)OP(=O)(O)OP(=O)([O-])OC[C@H]3O[C@@H](n4cnc5c(=O)[nH]c(N)nc54)[C@H](O)[C@@H]3O)[C@@H](O)[C@H]2O)c2nc(N)[nH]c(=O)c21,6,78,84,6,78,84,72,4,83,0,8,ok,7.733e-05,1,7.733e-05,77330.000,,,,5,4,0,"[#8]=,-[#15](-,=[#8])(-[#8])-[#8]",Permissive MCS: any atom type and any bond type can match.,
p0064,size-combinations,mcs,mcs_elements_order,MCS elements/order,1,360510,1770371,O=P([O-])(O)O.[Na+],CCN(CC)CC.CCN(CC)CC.C[n+]1c(/C=C\c2ccc3ccccc3c2)n([C@@H]2O[C@H](COP(=O)(O)OP(=O)(O)OP(=O)([O-])OC[C@H]3O[C@@H](n4cnc5c(=O)[nH]c(N)nc54)[C@H](O)[C@@H]3O)[C@@H](O)[C@H]2O)c2nc(N)[nH]c(=O)c21,6,78,84,6,78,84,72,4,83,0,8,ok,7.9022e-05,1,7.9022e-05,79022.000,,,,5,4,0,[#8]=[#15](-[#8])(-[#8])-[#8],Closest MCS counterpart to a raw SMILES substructure query.,
p0064,size-combinations,mcs,mcs_elements_order_maximize_atoms,MCS elements/order maximize atoms,0,360510,1770371,O=P([O-])(O)O.[Na+],CCN(CC)CC.CCN(CC)CC.C[n+]1c(/C=C\c2ccc3ccccc3c2)n([C@@H]2O[C@H](COP(=O)(O)OP(=O)(O)OP(=O)([O-])OC[C@H]3O[C@@H](n4cnc5c(=O)[nH]c(N)nc54)[C@H](O)[C@@H]3O)[C@@H](O)[C@H]2O)c2nc(N)[nH]c(=O)c21,6,78,84,6,78,84,72,4,83,0,8,ok,7.0033e-05,1,7.0033e-05,70033.000,,,,5,4,0,[#8]=[#15](-[#8])(-[#8])-[#8],"Same element/order comparison, but optimize atom count instead of bond count.",
p0064,size-combinations,mcs,mcs_elements_order_ring_atoms,MCS elements/order ring atoms,0,360510,1770371,O=P([O-])(O)O.[Na+],CCN(CC)CC.CCN(CC)CC.C[n+]1c(/C=C\c2ccc3ccccc3c2)n([C@@H]2O[C@H](COP(=O)(O)OP(=O)(O)OP(=O)([O-])OC[C@H]3O[C@@H](n4cnc5c(=O)[nH]c(N)nc54)[C@H](O)[C@@H]3O)[C@@H](O)[C@H]2O)c2nc(N)[nH]c(=O)c21,6,78,84,6,78,84,72,4,83,0,8,ok,8.255e-05,1,8.255e-05,82550.000,,,,5,4,0,[#8&!R]=&!@[#15&!R](-&!@[#8&!R])(-&!@[#8&!R])-&!@[#8&!R],Ring atoms and ring bonds only match ring atoms and ring bonds.,
p0064,size-combinations,mcs,mcs_elements_order_whole_rings,MCS elements/order whole rings,0,360510,1770371,O=P([O-])(O)O.[Na+],CCN(CC)CC.CCN(CC)CC.C[n+]1c(/C=C\c2ccc3ccccc3c2)n([C@@H]2O[C@H](COP(=O)(O)OP(=O)(O)OP(=O)([O-])OC[C@H]3O[C@@H](n4cnc5c(=O)[nH]c(N)nc54)[C@H](O)[C@@H]3O)[C@@H](O)[C@H]2O)c2nc(N)[nH]c(=O)c21,6,78,84,6,78,84,72,4,83,0,8,ok,7.6524e-05,1,7.6524e-05,76524.000,,,,5,4,0,[#8]=&!@[#15](-&!@[#8])(-&!@[#8])-&!@[#8],MCS completeRingsOnly=True; partial ring MCS results are rejected.,
p0064,size-combinations,mcs,mcs_elements_order_ring_atoms_whole_rings,MCS elements/order ring atoms + whole rings,0,360510,1770371,O=P([O-])(O)O.[Na+],CCN(CC)CC.CCN(CC)CC.C[n+]1c(/C=C\c2ccc3ccccc3c2)n([C@@H]2O[C@H](COP(=O)(O)OP(=O)(O)OP(=O)([O-])OC[C@H]3O[C@@H](n4cnc5c(=O)[nH]c(N)nc54)[C@H](O)[C@@H]3O)[C@@H](O)[C@H]2O)c2nc(N)[nH]c(=O)c21,6,78,84,6,78,84,72,4,83,0,8,ok,7.6318e-05,1,7.6318e-05,76318.000,,,,5,4,0,[#8&!R]=&!@[#15&!R](-&!@[#8&!R])(-&!@[#8&!R])-&!@[#8&!R],Both ringMatchesRingOnly and completeRingsOnly are enabled.,
p0064,size-combinations,substruct,substruct_smiles,Substruct raw SMILES,1,360510,1770371,O=P([O-])(O)O.[Na+],CCN(CC)CC.CCN(CC)CC.C[n+]1c(/C=C\c2ccc3ccccc3c2)n([C@@H]2O[C@H](COP(=O)(O)OP(=O)(O)OP(=O)([O-])OC[C@H]3O[C@@H](n4cnc5c(=O)[nH]c(N)nc54)[C@H](O)[C@@H]3O)[C@@H](O)[C@H]2O)c2nc(N)[nH]c(=O)c21,6,78,84,6,78,84,72,4,83,0,8,ok,6.3113e-05,20,3.15565e-06,3155.650,has-match,0,0,,,,,Best SMILES-substructure baseline. Substructure has no direct completeRingsOnly option.,
p0064,size-combinations,substruct,substruct_elements_any_bond,Substruct elements/any bond,0,360510,1770371,O=P([O-])(O)O.[Na+],CCN(CC)CC.CCN(CC)CC.C[n+]1c(/C=C\c2ccc3ccccc3c2)n([C@@H]2O[C@H](COP(=O)(O)OP(=O)(O)OP(=O)([O-])OC[C@H]3O[C@@H](n4cnc5c(=O)[nH]c(N)nc54)[C@H](O)[C@@H]3O)[C@@H](O)[C@H]2O)c2nc(N)[nH]c(=O)c21,6,78,84,6,78,84,72,4,83,0,8,ok,0.000116194,20,5.8097e-06,5809.700,has-match,0,0,,,,,Query keeps atom elements but uses generic bonds.,
p0064,size-combinations,substruct,substruct_any_atom_bond,Substruct any atoms/bonds,0,360510,1770371,O=P([O-])(O)O.[Na+],CCN(CC)CC.CCN(CC)CC.C[n+]1c(/C=C\c2ccc3ccccc3c2)n([C@@H]2O[C@H](COP(=O)(O)OP(=O)(O)OP(=O)([O-])OC[C@H]3O[C@@H](n4cnc5c(=O)[nH]c(N)nc54)[C@H](O)[C@@H]3O)[C@@H](O)[C@H]2O)c2nc(N)[nH]c(=O)c21,6,78,84,6,78,84,72,4,83,0,8,ok,0.008905528,20,0.0004452764,445276.400,has-match,1,1,,,,,"Query uses generic atoms and generic bonds, similar to CompareAny topology.",
p0064,size-combinations,substruct,substruct_ring_atoms,Substruct ring-chain atoms,0,360510,1770371,O=P([O-])(O)O.[Na+],CCN(CC)CC.CCN(CC)CC.C[n+]1c(/C=C\c2ccc3ccccc3c2)n([C@@H]2O[C@H](COP(=O)(O)OP(=O)(O)OP(=O)([O-])OC[C@H]3O[C@@H](n4cnc5c(=O)[nH]c(N)nc54)[C@H](O)[C@@H]3O)[C@@H](O)[C@H]2O)c2nc(N)[nH]c(=O)c21,6,78,84,6,78,84,72,4,83,0,8,ok,8.6748e-05,20,4.3374e-06,4337.400,has-match,0,0,,,,,Query adds ring/chain atom constraints; closest substruct analog to ringMatchesRingOnly.,
p0065,size-combinations,mcs,mcs_any_atom_bond,MCS CompareAny atoms/bonds,0,360510,999154,O=P([O-])(O)O.[Na+],C[C@H](NC(=O)[C@H](CS)NC(=O)[C@H](CCCN=C(N)N)NC(=O)[C@@H]1CCCN1C(=O)[C@H](CC(=O)O)NC(=O)[C@H](CO)NC(=O)[C@H](CS)NC(=O)[C@H](CS)NC(=O)CN)C(=O)N[C@@H](Cc1c[nH]c2ccccc12)C(=O)N[C@@H](CCCN=C(N)N)C(N)=O,6,85,91,6,85,91,79,4,87,0,3,ok,0.000107949,1,0.000107949,107949.000,,,,4,3,0,"[#8,#6]=,-[#15,#6](-[#8,#7])-[#8,#6]",Permissive MCS: any atom type and any bond type can match.,
p0065,size-combinations,mcs,mcs_elements_order,MCS elements/order,1,360510,999154,O=P([O-])(O)O.[Na+],C[C@H](NC(=O)[C@H](CS)NC(=O)[C@H](CCCN=C(N)N)NC(=O)[C@@H]1CCCN1C(=O)[C@H](CC(=O)O)NC(=O)[C@H](CO)NC(=O)[C@H](CS)NC(=O)[C@H](CS)NC(=O)CN)C(=O)N[C@@H](Cc1c[nH]c2ccccc12)C(=O)N[C@@H](CCCN=C(N)N)C(N)=O,6,85,91,6,85,91,79,4,87,0,3,ok,7.1052e-05,1,7.1052e-05,71052.000,,,,1,0,0,[#8],Closest MCS counterpart to a raw SMILES substructure query.,
p0065,size-combinations,mcs,mcs_elements_order_maximize_atoms,MCS elements/order maximize atoms,0,360510,999154,O=P([O-])(O)O.[Na+],C[C@H](NC(=O)[C@H](CS)NC(=O)[C@H](CCCN=C(N)N)NC(=O)[C@@H]1CCCN1C(=O)[C@H](CC(=O)O)NC(=O)[C@H](CO)NC(=O)[C@H](CS)NC(=O)[C@H](CS)NC(=O)CN)C(=O)N[C@@H](Cc1c[nH]c2ccccc12)C(=O)N[C@@H](CCCN=C(N)N)C(N)=O,6,85,91,6,85,91,79,4,87,0,3,ok,5.9823e-05,1,5.9823e-05,59823.000,,,,1,0,0,[#8],"Same element/order comparison, but optimize atom count instead of bond count.",
p0065,size-combinations,mcs,mcs_elements_order_ring_atoms,MCS elements/order ring atoms,0,360510,999154,O=P([O-])(O)O.[Na+],C[C@H](NC(=O)[C@H](CS)NC(=O)[C@H](CCCN=C(N)N)NC(=O)[C@@H]1CCCN1C(=O)[C@H](CC(=O)O)NC(=O)[C@H](CO)NC(=O)[C@H](CS)NC(=O)[C@H](CS)NC(=O)CN)C(=O)N[C@@H](Cc1c[nH]c2ccccc12)C(=O)N[C@@H](CCCN=C(N)N)C(N)=O,6,85,91,6,85,91,79,4,87,0,3,ok,6.3307e-05,1,6.3307e-05,63307.000,,,,1,0,0,[#8&!R],Ring atoms and ring bonds only match ring atoms and ring bonds.,
p0065,size-combinations,mcs,mcs_elements_order_whole_rings,MCS elements/order whole rings,0,360510,999154,O=P([O-])(O)O.[Na+],C[C@H](NC(=O)[C@H](CS)NC(=O)[C@H](CCCN=C(N)N)NC(=O)[C@@H]1CCCN1C(=O)[C@H](CC(=O)O)NC(=O)[C@H](CO)NC(=O)[C@H](CS)NC(=O)[C@H](CS)NC(=O)CN)C(=O)N[C@@H](Cc1c[nH]c2ccccc12)C(=O)N[C@@H](CCCN=C(N)N)C(N)=O,6,85,91,6,85,91,79,4,87,0,3,ok,6.034e-05,1,6.034e-05,60340.000,,,,1,0,0,[#8],MCS completeRingsOnly=True; partial ring MCS results are rejected.,
p0065,size-combinations,mcs,mcs_elements_order_ring_atoms_whole_rings,MCS elements/order ring atoms + whole rings,0,360510,999154,O=P([O-])(O)O.[Na+],C[C@H](NC(=O)[C@H](CS)NC(=O)[C@H](CCCN=C(N)N)NC(=O)[C@@H]1CCCN1C(=O)[C@H](CC(=O)O)NC(=O)[C@H](CO)NC(=O)[C@H](CS)NC(=O)[C@H](CS)NC(=O)CN)C(=O)N[C@@H](Cc1c[nH]c2ccccc12)C(=O)N[C@@H](CCCN=C(N)N)C(N)=O,6,85,91,6,85,91,79,4,87,0,3,ok,5.91e-05,1,5.91e-05,59100.000,,,,1,0,0,[#8&!R],Both ringMatchesRingOnly and completeRingsOnly are enabled.,
p0065,size-combinations,substruct,substruct_smiles,Substruct raw SMILES,1,360510,999154,O=P([O-])(O)O.[Na+],C[C@H](NC(=O)[C@H](CS)NC(=O)[C@H](CCCN=C(N)N)NC(=O)[C@@H]1CCCN1C(=O)[C@H](CC(=O)O)NC(=O)[C@H](CO)NC(=O)[C@H](CS)NC(=O)[C@H](CS)NC(=O)CN)C(=O)N[C@@H](Cc1c[nH]c2ccccc12)C(=O)N[C@@H](CCCN=C(N)N)C(N)=O,6,85,91,6,85,91,79,4,87,0,3,ok,3.4208e-05,20,1.7104e-06,1710.400,has-match,0,0,,,,,Best SMILES-substructure baseline. Substructure has no direct completeRingsOnly option.,
p0065,size-combinations,substruct,substruct_elements_any_bond,Substruct elements/any bond,0,360510,999154,O=P([O-])(O)O.[Na+],C[C@H](NC(=O)[C@H](CS)NC(=O)[C@H](CCCN=C(N)N)NC(=O)[C@@H]1CCCN1C(=O)[C@H](CC(=O)O)NC(=O)[C@H](CO)NC(=O)[C@H](CS)NC(=O)[C@H](CS)NC(=O)CN)C(=O)N[C@@H](Cc1c[nH]c2ccccc12)C(=O)N[C@@H](CCCN=C(N)N)C(N)=O,6,85,91,6,85,91,79,4,87,0,3,ok,3.0869e-05,20,1.54345e-06,1543.450,has-match,0,0,,,,,Query keeps atom elements but uses generic bonds.,
p0065,size-combinations,substruct,substruct_any_atom_bond,Substruct any atoms/bonds,0,360510,999154,O=P([O-])(O)O.[Na+],C[C@H](NC(=O)[C@H](CS)NC(=O)[C@H](CCCN=C(N)N)NC(=O)[C@@H]1CCCN1C(=O)[C@H](CC(=O)O)NC(=O)[C@H](CO)NC(=O)[C@H](CS)NC(=O)[C@H](CS)NC(=O)CN)C(=O)N[C@@H](Cc1c[nH]c2ccccc12)C(=O)N[C@@H](CCCN=C(N)N)C(N)=O,6,85,91,6,85,91,79,4,87,0,3,ok,6.5755e-05,20,3.28775e-06,3287.750,has-match,0,0,,,,,"Query uses generic atoms and generic bonds, similar to CompareAny topology.",
p0065,size-combinations,substruct,substruct_ring_atoms,Substruct ring-chain atoms,0,360510,999154,O=P([O-])(O)O.[Na+],C[C@H](NC(=O)[C@H](CS)NC(=O)[C@H](CCCN=C(N)N)NC(=O)[C@@H]1CCCN1C(=O)[C@H](CC(=O)O)NC(=O)[C@H](CO)NC(=O)[C@H](CS)NC(=O)[C@H](CS)NC(=O)CN)C(=O)N[C@@H](Cc1c[nH]c2ccccc12)C(=O)N[C@@H](CCCN=C(N)N)C(N)=O,6,85,91,6,85,91,79,4,87,0,3,ok,4.0828e-05,20,2.0414e-06,2041.400,has-match,0,0,,,,,Query adds ring/chain atom constraints; closest substruct analog to ringMatchesRingOnly.,
p0066,size-combinations,mcs,mcs_any_atom_bond,MCS CompareAny atoms/bonds,0,360510,411674,O=P([O-])(O)O.[Na+],C/C=C/C[C@@H](C)[C@@H](O)[C@H]1C(=O)N[C@@H](CC)C(=O)N(C)CC(=O)N(C)[C@@H](CC(C)C)C(=O)N[C@@H](C(C)C)C(=O)N(C)[C@@H](CC(C)C)C(=O)N[C@@H](C)C(=O)N[C@H](COCCC2OCCO2)C(=O)N(C)[C@@H](CC(C)C)C(=O)N(C)[C@@H](CC(C)C)C(=O)N(C)[C@@H](C(C)C)C(=O)N1C,6,93,99,6,93,99,87,4,94,0,2,ok,0.000103,1,0.000103,103000.000,,,,4,3,0,"[#8,#6]=,-[#15,#6](-[#8,#6])-[#8,#6]",Permissive MCS: any atom type and any bond type can match.,
p0066,size-combinations,mcs,mcs_elements_order,MCS elements/order,1,360510,411674,O=P([O-])(O)O.[Na+],C/C=C/C[C@@H](C)[C@@H](O)[C@H]1C(=O)N[C@@H](CC)C(=O)N(C)CC(=O)N(C)[C@@H](CC(C)C)C(=O)N[C@@H](C(C)C)C(=O)N(C)[C@@H](CC(C)C)C(=O)N[C@@H](C)C(=O)N[C@H](COCCC2OCCO2)C(=O)N(C)[C@@H](CC(C)C)C(=O)N(C)[C@@H](CC(C)C)C(=O)N(C)[C@@H](C(C)C)C(=O)N1C,6,93,99,6,93,99,87,4,94,0,2,ok,7.9545e-05,1,7.9545e-05,79545.000,,,,1,0,0,[#8],Closest MCS counterpart to a raw SMILES substructure query.,
p0066,size-combinations,mcs,mcs_elements_order_maximize_atoms,MCS elements/order maximize atoms,0,360510,411674,O=P([O-])(O)O.[Na+],C/C=C/C[C@@H](C)[C@@H](O)[C@H]1C(=O)N[C@@H](CC)C(=O)N(C)CC(=O)N(C)[C@@H](CC(C)C)C(=O)N[C@@H](C(C)C)C(=O)N(C)[C@@H](CC(C)C)C(=O)N[C@@H](C)C(=O)N[C@H](COCCC2OCCO2)C(=O)N(C)[C@@H](CC(C)C)C(=O)N(C)[C@@H](CC(C)C)C(=O)N(C)[C@@H](C(C)C)C(=O)N1C,6,93,99,6,93,99,87,4,94,0,2,ok,6.5141e-05,1,6.5141e-05,65141.000,,,,1,0,0,[#8],"Same element/order comparison, but optimize atom count instead of bond count.",
p0066,size-combinations,mcs,mcs_elements_order_ring_atoms,MCS elements/order ring atoms,0,360510,411674,O=P([O-])(O)O.[Na+],C/C=C/C[C@@H](C)[C@@H](O)[C@H]1C(=O)N[C@@H](CC)C(=O)N(C)CC(=O)N(C)[C@@H](CC(C)C)C(=O)N[C@@H](C(C)C)C(=O)N(C)[C@@H](CC(C)C)C(=O)N[C@@H](C)C(=O)N[C@H](COCCC2OCCO2)C(=O)N(C)[C@@H](CC(C)C)C(=O)N(C)[C@@H](CC(C)C)C(=O)N(C)[C@@H](C(C)C)C(=O)N1C,6,93,99,6,93,99,87,4,94,0,2,ok,7.0547e-05,1,7.0547e-05,70547.000,,,,1,0,0,[#8&!R],Ring atoms and ring bonds only match ring atoms and ring bonds.,
p0066,size-combinations,mcs,mcs_elements_order_whole_rings,MCS elements/order whole rings,0,360510,411674,O=P([O-])(O)O.[Na+],C/C=C/C[C@@H](C)[C@@H](O)[C@H]1C(=O)N[C@@H](CC)C(=O)N(C)CC(=O)N(C)[C@@H](CC(C)C)C(=O)N[C@@H](C(C)C)C(=O)N(C)[C@@H](CC(C)C)C(=O)N[C@@H](C)C(=O)N[C@H](COCCC2OCCO2)C(=O)N(C)[C@@H](CC(C)C)C(=O)N(C)[C@@H](CC(C)C)C(=O)N(C)[C@@H](C(C)C)C(=O)N1C,6,93,99,6,93,99,87,4,94,0,2,ok,6.7396e-05,1,6.7396e-05,67396.000,,,,1,0,0,[#8],MCS completeRingsOnly=True; partial ring MCS results are rejected.,
p0066,size-combinations,mcs,mcs_elements_order_ring_atoms_whole_rings,MCS elements/order ring atoms + whole rings,0,360510,411674,O=P([O-])(O)O.[Na+],C/C=C/C[C@@H](C)[C@@H](O)[C@H]1C(=O)N[C@@H](CC)C(=O)N(C)CC(=O)N(C)[C@@H](CC(C)C)C(=O)N[C@@H](C(C)C)C(=O)N(C)[C@@H](CC(C)C)C(=O)N[C@@H](C)C(=O)N[C@H](COCCC2OCCO2)C(=O)N(C)[C@@H](CC(C)C)C(=O)N(C)[C@@H](CC(C)C)C(=O)N(C)[C@@H](C(C)C)C(=O)N1C,6,93,99,6,93,99,87,4,94,0,2,ok,6.5737e-05,1,6.5737e-05,65737.000,,,,1,0,0,[#8&!R],Both ringMatchesRingOnly and completeRingsOnly are enabled.,
p0066,size-combinations,substruct,substruct_smiles,Substruct raw SMILES,1,360510,411674,O=P([O-])(O)O.[Na+],C/C=C/C[C@@H](C)[C@@H](O)[C@H]1C(=O)N[C@@H](CC)C(=O)N(C)CC(=O)N(C)[C@@H](CC(C)C)C(=O)N[C@@H](C(C)C)C(=O)N(C)[C@@H](CC(C)C)C(=O)N[C@@H](C)C(=O)N[C@H](COCCC2OCCO2)C(=O)N(C)[C@@H](CC(C)C)C(=O)N(C)[C@@H](CC(C)C)C(=O)N(C)[C@@H](C(C)C)C(=O)N1C,6,93,99,6,93,99,87,4,94,0,2,ok,3.4486e-05,20,1.7243e-06,1724.300,has-match,0,0,,,,,Best SMILES-substructure baseline. Substructure has no direct completeRingsOnly option.,
p0066,size-combinations,substruct,substruct_elements_any_bond,Substruct elements/any bond,0,360510,411674,O=P([O-])(O)O.[Na+],C/C=C/C[C@@H](C)[C@@H](O)[C@H]1C(=O)N[C@@H](CC)C(=O)N(C)CC(=O)N(C)[C@@H](CC(C)C)C(=O)N[C@@H](C(C)C)C(=O)N(C)[C@@H](CC(C)C)C(=O)N[C@@H](C)C(=O)N[C@H](COCCC2OCCO2)C(=O)N(C)[C@@H](CC(C)C)C(=O)N(C)[C@@H](CC(C)C)C(=O)N(C)[C@@H](C(C)C)C(=O)N1C,6,93,99,6,93,99,87,4,94,0,2,ok,3.1522e-05,20,1.5761e-06,1576.100,has-match,0,0,,,,,Query keeps atom elements but uses generic bonds.,
p0066,size-combinations,substruct,substruct_any_atom_bond,Substruct any atoms/bonds,0,360510,411674,O=P([O-])(O)O.[Na+],C/C=C/C[C@@H](C)[C@@H](O)[C@H]1C(=O)N[C@@H](CC)C(=O)N(C)CC(=O)N(C)[C@@H](CC(C)C)C(=O)N[C@@H](C(C)C)C(=O)N(C)[C@@H](CC(C)C)C(=O)N[C@@H](C)C(=O)N[C@H](COCCC2OCCO2)C(=O)N(C)[C@@H](CC(C)C)C(=O)N(C)[C@@H](CC(C)C)C(=O)N(C)[C@@H](C(C)C)C(=O)N1C,6,93,99,6,93,99,87,4,94,0,2,ok,7.1671e-05,20,3.58355e-06,3583.550,has-match,0,0,,,,,"Query uses generic atoms and generic bonds, similar to CompareAny topology.",
p0066,size-combinations,substruct,substruct_ring_atoms,Substruct ring-chain atoms,0,360510,411674,O=P([O-])(O)O.[Na+],C/C=C/C[C@@H](C)[C@@H](O)[C@H]1C(=O)N[C@@H](CC)C(=O)N(C)CC(=O)N(C)[C@@H](CC(C)C)C(=O)N[C@@H](C(C)C)C(=O)N(C)[C@@H](CC(C)C)C(=O)N[C@@H](C)C(=O)N[C@H](COCCC2OCCO2)C(=O)N(C)[C@@H](CC(C)C)C(=O)N(C)[C@@H](CC(C)C)C(=O)N(C)[C@@H](C(C)C)C(=O)N1C,6,93,99,6,93,99,87,4,94,0,2,ok,3.9586e-05,20,1.9793e-06,1979.300,has-match,0,0,,,,,Query adds ring/chain atom constraints; closest substruct analog to ringMatchesRingOnly.,
p0067,size-combinations,mcs,mcs_any_atom_bond,MCS CompareAny atoms/bonds,0,571958,759780,CNc1ncccc1F,CC(=O)N[C@@H](CCCNC(=N)N)C(=O)N[C@@H](CCCNC(=N)N)C(=O)N[C@H](Cc1ccc(-c2ccccc2)cc1)C(=O)N1Cc2ccccc2C[C@H]1C(N)=O,9,55,64,9,55,64,46,9,58,1,4,ok,0.000133621,1,0.000133621,133621.000,,,,9,9,0,"[#6]-[#7,#6]-[#6,#7]1:,-[#7,#6]:,-[#6]:[#6]:,-[#6]:,-[#6]:,-1-[#9,#6]",Permissive MCS: any atom type and any bond type can match.,
p0067,size-combinations,mcs,mcs_elements_order,MCS elements/order,1,571958,759780,CNc1ncccc1F,CC(=O)N[C@@H](CCCNC(=N)N)C(=O)N[C@@H](CCCNC(=N)N)C(=O)N[C@H](Cc1ccc(-c2ccccc2)cc1)C(=O)N1Cc2ccccc2C[C@H]1C(N)=O,9,55,64,9,55,64,46,9,58,1,4,ok,0.00016089,1,0.00016089,160890.000,,,,8,7,0,"[#6]-[#7]-[#6]:,-[#6]:,-[#6]:,-[#6]:,-[#6]:,-[#7]",Closest MCS counterpart to a raw SMILES substructure query.,
p0067,size-combinations,mcs,mcs_elements_order_maximize_atoms,MCS elements/order maximize atoms,0,571958,759780,CNc1ncccc1F,CC(=O)N[C@@H](CCCNC(=N)N)C(=O)N[C@@H](CCCNC(=N)N)C(=O)N[C@H](Cc1ccc(-c2ccccc2)cc1)C(=O)N1Cc2ccccc2C[C@H]1C(N)=O,9,55,64,9,55,64,46,9,58,1,4,ok,0.000141811,1,0.000141811,141811.000,,,,8,7,0,"[#6]-[#7]-[#6]:,-[#6]:,-[#6]:,-[#6]:,-[#6]:,-[#7]","Same element/order comparison, but optimize atom count instead of bond count.",
p0067,size-combinations,mcs,mcs_elements_order_ring_atoms,MCS elements/order ring atoms,0,571958,759780,CNc1ncccc1F,CC(=O)N[C@@H](CCCNC(=N)N)C(=O)N[C@@H](CCCNC(=N)N)C(=O)N[C@H](Cc1ccc(-c2ccccc2)cc1)C(=O)N1Cc2ccccc2C[C@H]1C(N)=O,9,55,64,9,55,64,46,9,58,1,4,ok,0.000136702,1,0.000136702,136702.000,,,,6,6,0,"[#6]1:,-;@[#7]:,-;@[#6]:,-;@[#6]:,-;@[#6]:&@[#6]:,-;@1",Ring atoms and ring bonds only match ring atoms and ring bonds.,
p0067,size-combinations,mcs,mcs_elements_order_whole_rings,MCS elements/order whole rings,0,571958,759780,CNc1ncccc1F,CC(=O)N[C@@H](CCCNC(=N)N)C(=O)N[C@@H](CCCNC(=N)N)C(=O)N[C@H](Cc1ccc(-c2ccccc2)cc1)C(=O)N1Cc2ccccc2C[C@H]1C(N)=O,9,55,64,9,55,64,46,9,58,1,4,ok,0.000190808,1,0.000190808,190808.000,,,,6,6,0,"[#6]1:,-;@[#7]:,-;@[#6]:,-;@[#6]:,-;@[#6]:&@[#6]:,-;@1",MCS completeRingsOnly=True; partial ring MCS results are rejected.,
p0067,size-combinations,mcs,mcs_elements_order_ring_atoms_whole_rings,MCS elements/order ring atoms + whole rings,0,571958,759780,CNc1ncccc1F,CC(=O)N[C@@H](CCCNC(=N)N)C(=O)N[C@@H](CCCNC(=N)N)C(=O)N[C@H](Cc1ccc(-c2ccccc2)cc1)C(=O)N1Cc2ccccc2C[C@H]1C(N)=O,9,55,64,9,55,64,46,9,58,1,4,ok,0.00015516,1,0.00015516,155160.000,,,,6,6,0,"[#6]1:,-;@[#7]:,-;@[#6]:,-;@[#6]:,-;@[#6]:&@[#6]:,-;@1",Both ringMatchesRingOnly and completeRingsOnly are enabled.,
p0067,size-combinations,substruct,substruct_smiles,Substruct raw SMILES,1,571958,759780,CNc1ncccc1F,CC(=O)N[C@@H](CCCNC(=N)N)C(=O)N[C@@H](CCCNC(=N)N)C(=O)N[C@H](Cc1ccc(-c2ccccc2)cc1)C(=O)N1Cc2ccccc2C[C@H]1C(N)=O,9,55,64,9,55,64,46,9,58,1,4,ok,7.1411e-05,20,3.57055e-06,3570.550,has-match,0,0,,,,,Best SMILES-substructure baseline. Substructure has no direct completeRingsOnly option.,
p0067,size-combinations,substruct,substruct_elements_any_bond,Substruct elements/any bond,0,571958,759780,CNc1ncccc1F,CC(=O)N[C@@H](CCCNC(=N)N)C(=O)N[C@@H](CCCNC(=N)N)C(=O)N[C@H](Cc1ccc(-c2ccccc2)cc1)C(=O)N1Cc2ccccc2C[C@H]1C(N)=O,9,55,64,9,55,64,46,9,58,1,4,ok,6.4633e-05,20,3.23165e-06,3231.650,has-match,0,0,,,,,Query keeps atom elements but uses generic bonds.,
p0067,size-combinations,substruct,substruct_any_atom_bond,Substruct any atoms/bonds,0,571958,759780,CNc1ncccc1F,CC(=O)N[C@@H](CCCNC(=N)N)C(=O)N[C@@H](CCCNC(=N)N)C(=O)N[C@H](Cc1ccc(-c2ccccc2)cc1)C(=O)N1Cc2ccccc2C[C@H]1C(N)=O,9,55,64,9,55,64,46,9,58,1,4,ok,0.000646696,20,3.23348e-05,32334.800,has-match,1,1,,,,,"Query uses generic atoms and generic bonds, similar to CompareAny topology.",
p0067,size-combinations,substruct,substruct_ring_atoms,Substruct ring-chain atoms,0,571958,759780,CNc1ncccc1F,CC(=O)N[C@@H](CCCNC(=N)N)C(=O)N[C@@H](CCCNC(=N)N)C(=O)N[C@H](Cc1ccc(-c2ccccc2)cc1)C(=O)N1Cc2ccccc2C[C@H]1C(N)=O,9,55,64,9,55,64,46,9,58,1,4,ok,5.4905e-05,20,2.74525e-06,2745.250,has-match,0,0,,,,,Query adds ring/chain atom constraints; closest substruct analog to ringMatchesRingOnly.,
p0068,size-combinations,mcs,mcs_any_atom_bond,MCS CompareAny atoms/bonds,0,571958,724539,CNc1ncccc1F,CCN1CC[C@H]2CC[C@@H](C(=O)N[C@@H](CCC(N)=O)C(=O)N[C@@H](Cc3ccc(S(=O)(=O)c4ccccc4)cc3)C(=O)N3CCC(CCC#Cc4cccc5c4CN(C4CCC(=O)NC4=O)C5=O)CC3)N2C(=O)[C@@H](NC(=O)c2cc3cc(C(F)(F)P(=O)(O)O)ccc3s2)C1,9,92,101,9,92,101,83,9,101,1,10,ok,0.000183634,1,0.000183634,183634.000,,,,9,9,0,"[#6]-,#[#7,#6]-[#6]1:[#7,#6]:[#6]:[#6]:[#6]:[#6]:1-[#9,#6]",Permissive MCS: any atom type and any bond type can match.,
p0068,size-combinations,mcs,mcs_elements_order,MCS elements/order,1,571958,724539,CNc1ncccc1F,CCN1CC[C@H]2CC[C@@H](C(=O)N[C@@H](CCC(N)=O)C(=O)N[C@@H](Cc3ccc(S(=O)(=O)c4ccccc4)cc3)C(=O)N3CCC(CCC#Cc4cccc5c4CN(C4CCC(=O)NC4=O)C5=O)CC3)N2C(=O)[C@@H](NC(=O)c2cc3cc(C(F)(F)P(=O)(O)O)ccc3s2)C1,9,92,101,9,92,101,83,9,101,1,10,ok,0.0002511,1,0.0002511,251100.000,,,,8,7,0,"[#6]-[#7]-[#6]:,-[#6]:,-[#6]:,-[#6]:,-[#6]:,-[#7]",Closest MCS counterpart to a raw SMILES substructure query.,
p0068,size-combinations,mcs,mcs_elements_order_maximize_atoms,MCS elements/order maximize atoms,0,571958,724539,CNc1ncccc1F,CCN1CC[C@H]2CC[C@@H](C(=O)N[C@@H](CCC(N)=O)C(=O)N[C@@H](Cc3ccc(S(=O)(=O)c4ccccc4)cc3)C(=O)N3CCC(CCC#Cc4cccc5c4CN(C4CCC(=O)NC4=O)C5=O)CC3)N2C(=O)[C@@H](NC(=O)c2cc3cc(C(F)(F)P(=O)(O)O)ccc3s2)C1,9,92,101,9,92,101,83,9,101,1,10,ok,0.000230753,1,0.000230753,230753.000,,,,8,7,0,"[#6]-[#7]-[#6]:,-[#6]:,-[#6]:,-[#6]:,-[#6]:,-[#7]","Same element/order comparison, but optimize atom count instead of bond count.",
p0068,size-combinations,mcs,mcs_elements_order_ring_atoms,MCS elements/order ring atoms,0,571958,724539,CNc1ncccc1F,CCN1CC[C@H]2CC[C@@H](C(=O)N[C@@H](CCC(N)=O)C(=O)N[C@@H](Cc3ccc(S(=O)(=O)c4ccccc4)cc3)C(=O)N3CCC(CCC#Cc4cccc5c4CN(C4CCC(=O)NC4=O)C5=O)CC3)N2C(=O)[C@@H](NC(=O)c2cc3cc(C(F)(F)P(=O)(O)O)ccc3s2)C1,9,92,101,9,92,101,83,9,101,1,10,ok,0.00021941,1,0.00021941,219410.000,,,,6,6,0,"[#6]1:,-;@[#7]:,-;@[#6]:,-;@[#6]:,-;@[#6]:,-;@[#6]:,-;@1",Ring atoms and ring bonds only match ring atoms and ring bonds.,
p0068,size-combinations,mcs,mcs_elements_order_whole_rings,MCS elements/order whole rings,0,571958,724539,CNc1ncccc1F,CCN1CC[C@H]2CC[C@@H](C(=O)N[C@@H](CCC(N)=O)C(=O)N[C@@H](Cc3ccc(S(=O)(=O)c4ccccc4)cc3)C(=O)N3CCC(CCC#Cc4cccc5c4CN(C4CCC(=O)NC4=O)C5=O)CC3)N2C(=O)[C@@H](NC(=O)c2cc3cc(C(F)(F)P(=O)(O)O)ccc3s2)C1,9,92,101,9,92,101,83,9,101,1,10,ok,0.000357705,1,0.000357705,357705.000,,,,6,6,0,"[#6]1:,-;@[#7]:,-;@[#6]:,-;@[#6]:,-;@[#6]:,-;@[#6]:,-;@1",MCS completeRingsOnly=True; partial ring MCS results are rejected.,
p0068,size-combinations,mcs,mcs_elements_order_ring_atoms_whole_rings,MCS elements/order ring atoms + whole rings,0,571958,724539,CNc1ncccc1F,CCN1CC[C@H]2CC[C@@H](C(=O)N[C@@H](CCC(N)=O)C(=O)N[C@@H](Cc3ccc(S(=O)(=O)c4ccccc4)cc3)C(=O)N3CCC(CCC#Cc4cccc5c4CN(C4CCC(=O)NC4=O)C5=O)CC3)N2C(=O)[C@@H](NC(=O)c2cc3cc(C(F)(F)P(=O)(O)O)ccc3s2)C1,9,92,101,9,92,101,83,9,101,1,10,ok,0.000253938,1,0.000253938,253938.000,,,,6,6,0,"[#6]1:,-;@[#7]:,-;@[#6]:,-;@[#6]:,-;@[#6]:,-;@[#6]:,-;@1",Both ringMatchesRingOnly and completeRingsOnly are enabled.,
p0068,size-combinations,substruct,substruct_smiles,Substruct raw SMILES,1,571958,724539,CNc1ncccc1F,CCN1CC[C@H]2CC[C@@H](C(=O)N[C@@H](CCC(N)=O)C(=O)N[C@@H](Cc3ccc(S(=O)(=O)c4ccccc4)cc3)C(=O)N3CCC(CCC#Cc4cccc5c4CN(C4CCC(=O)NC4=O)C5=O)CC3)N2C(=O)[C@@H](NC(=O)c2cc3cc(C(F)(F)P(=O)(O)O)ccc3s2)C1,9,92,101,9,92,101,83,9,101,1,10,ok,0.000108565,20,5.42825e-06,5428.250,has-match,0,0,,,,,Best SMILES-substructure baseline. Substructure has no direct completeRingsOnly option.,
p0068,size-combinations,substruct,substruct_elements_any_bond,Substruct elements/any bond,0,571958,724539,CNc1ncccc1F,CCN1CC[C@H]2CC[C@@H](C(=O)N[C@@H](CCC(N)=O)C(=O)N[C@@H](Cc3ccc(S(=O)(=O)c4ccccc4)cc3)C(=O)N3CCC(CCC#Cc4cccc5c4CN(C4CCC(=O)NC4=O)C5=O)CC3)N2C(=O)[C@@H](NC(=O)c2cc3cc(C(F)(F)P(=O)(O)O)ccc3s2)C1,9,92,101,9,92,101,83,9,101,1,10,ok,0.000100528,20,5.0264e-06,5026.400,has-match,0,0,,,,,Query keeps atom elements but uses generic bonds.,
p0068,size-combinations,substruct,substruct_any_atom_bond,Substruct any atoms/bonds,0,571958,724539,CNc1ncccc1F,CCN1CC[C@H]2CC[C@@H](C(=O)N[C@@H](CCC(N)=O)C(=O)N[C@@H](Cc3ccc(S(=O)(=O)c4ccccc4)cc3)C(=O)N3CCC(CCC#Cc4cccc5c4CN(C4CCC(=O)NC4=O)C5=O)CC3)N2C(=O)[C@@H](NC(=O)c2cc3cc(C(F)(F)P(=O)(O)O)ccc3s2)C1,9,92,101,9,92,101,83,9,101,1,10,ok,0.001565909,20,7.829545e-05,78295.450,has-match,1,1,,,,,"Query uses generic atoms and generic bonds, similar to CompareAny topology.",
p0068,size-combinations,substruct,substruct_ring_atoms,Substruct ring-chain atoms,0,571958,724539,CNc1ncccc1F,CCN1CC[C@H]2CC[C@@H](C(=O)N[C@@H](CCC(N)=O)C(=O)N[C@@H](Cc3ccc(S(=O)(=O)c4ccccc4)cc3)C(=O)N3CCC(CCC#Cc4cccc5c4CN(C4CCC(=O)NC4=O)C5=O)CC3)N2C(=O)[C@@H](NC(=O)c2cc3cc(C(F)(F)P(=O)(O)O)ccc3s2)C1,9,92,101,9,92,101,83,9,101,1,10,ok,6.6018e-05,20,3.3009e-06,3300.900,has-match,0,0,,,,,Query adds ring/chain atom constraints; closest substruct analog to ringMatchesRingOnly.,
p0069,size-combinations,mcs,mcs_any_atom_bond,MCS CompareAny atoms/bonds,0,1650131,121543,Cc1cc(O)cc(=O)n1C,CCOc1ccccc1C(=O)O,10,12,22,10,12,22,2,10,12,1,1,ok,0.000284707,1,0.000284707,284707.000,,,,10,9,0,"[#6,#8]-[#6](:[#6]:[#6]-,:[#8,#6]):[#7,#6](:,-[#6](:,=[#6,#8])=,-[#8])-,:[#6]",Permissive MCS: any atom type and any bond type can match.,
p0069,size-combinations,mcs,mcs_elements_order,MCS elements/order,1,1650131,121543,Cc1cc(O)cc(=O)n1C,CCOc1ccccc1C(=O)O,10,12,22,10,12,22,2,10,12,1,1,ok,8.5941e-05,1,8.5941e-05,85941.000,,,,8,7,0,"[#6]-,:[#6]:[#6]:[#6](-[#8]):[#6]:,-[#6]=[#8]",Closest MCS counterpart to a raw SMILES substructure query.,
p0069,size-combinations,mcs,mcs_elements_order_maximize_atoms,MCS elements/order maximize atoms,0,1650131,121543,Cc1cc(O)cc(=O)n1C,CCOc1ccccc1C(=O)O,10,12,22,10,12,22,2,10,12,1,1,ok,7.4253e-05,1,7.4253e-05,74253.000,,,,8,7,0,"[#6]-,:[#6]:[#6]:[#6](-[#8]):[#6]:,-[#6]=[#8]","Same element/order comparison, but optimize atom count instead of bond count.",
p0069,size-combinations,mcs,mcs_elements_order_ring_atoms,MCS elements/order ring atoms,0,1650131,121543,Cc1cc(O)cc(=O)n1C,CCOc1ccccc1C(=O)O,10,12,22,10,12,22,2,10,12,1,1,ok,0.000115578,1,0.000115578,115578.000,,,,6,5,0,[#6&!R]-&!@[#6&R]:&@[#6&R]:&@[#6&R]:&@[#6&R]:&@[#6&R],Ring atoms and ring bonds only match ring atoms and ring bonds.,
p0069,size-combinations,mcs,mcs_elements_order_whole_rings,MCS elements/order whole rings,0,1650131,121543,Cc1cc(O)cc(=O)n1C,CCOc1ccccc1C(=O)O,10,12,22,10,12,22,2,10,12,1,1,ok,0.000168553,1,0.000168553,168553.000,,,,2,1,0,[#6]=&!@[#8],MCS completeRingsOnly=True; partial ring MCS results are rejected.,
p0069,size-combinations,mcs,mcs_elements_order_ring_atoms_whole_rings,MCS elements/order ring atoms + whole rings,0,1650131,121543,Cc1cc(O)cc(=O)n1C,CCOc1ccccc1C(=O)O,10,12,22,10,12,22,2,10,12,1,1,ok,0.000145332,1,0.000145332,145332.000,,,,2,1,0,[#6&!R]-&!@[#6&R],Both ringMatchesRingOnly and completeRingsOnly are enabled.,
p0069,size-combinations,substruct,substruct_smiles,Substruct raw SMILES,1,1650131,121543,Cc1cc(O)cc(=O)n1C,CCOc1ccccc1C(=O)O,10,12,22,10,12,22,2,10,12,1,1,ok,2.5214e-05,20,1.2607e-06,1260.700,has-match,0,0,,,,,Best SMILES-substructure baseline. Substructure has no direct completeRingsOnly option.,
p0069,size-combinations,substruct,substruct_elements_any_bond,Substruct elements/any bond,0,1650131,121543,Cc1cc(O)cc(=O)n1C,CCOc1ccccc1C(=O)O,10,12,22,10,12,22,2,10,12,1,1,ok,3.1988e-05,20,1.5994e-06,1599.400,has-match,0,0,,,,,Query keeps atom elements but uses generic bonds.,
p0069,size-combinations,substruct,substruct_any_atom_bond,Substruct any atoms/bonds,0,1650131,121543,Cc1cc(O)cc(=O)n1C,CCOc1ccccc1C(=O)O,10,12,22,10,12,22,2,10,12,1,1,ok,5.0988e-05,20,2.5494e-06,2549.400,has-match,0,0,,,,,"Query uses generic atoms and generic bonds, similar to CompareAny topology.",
p0069,size-combinations,substruct,substruct_ring_atoms,Substruct ring-chain atoms,0,1650131,121543,Cc1cc(O)cc(=O)n1C,CCOc1ccccc1C(=O)O,10,12,22,10,12,22,2,10,12,1,1,ok,2.227e-05,20,1.1135e-06,1113.500,has-match,0,0,,,,,Query adds ring/chain atom constraints; closest substruct analog to ringMatchesRingOnly.,
p0070,size-combinations,mcs,mcs_any_atom_bond,MCS CompareAny atoms/bonds,0,1650131,708628,Cc1cc(O)cc(=O)n1C,O=C(O)c1cn(Cc2ccc(-c3cccc(CO)n3)cc2)c2c(F)cccc2c1=O,10,30,40,10,30,40,20,10,33,1,4,ok,9.9463e-05,1,9.9463e-05,99463.000,,,,10,10,0,"[#6]-[#6]1:[#6]:[#6,#7](-[#8,#6]):[#6]:[#6](:[#7,#6]:1-,=[#6,#8])=,:[#8,#6]",Permissive MCS: any atom type and any bond type can match.,
p0070,size-combinations,mcs,mcs_elements_order,MCS elements/order,1,1650131,708628,Cc1cc(O)cc(=O)n1C,O=C(O)c1cn(Cc2ccc(-c3cccc(CO)n3)cc2)c2c(F)cccc2c1=O,10,30,40,10,30,40,20,10,33,1,4,ok,0.000442661,1,0.000442661,442661.000,,,,9,8,0,"[#6]-,:[#6](:[#6]):[#7](:[#6]:[#6]:,-[#6]-[#8])-[#6]",Closest MCS counterpart to a raw SMILES substructure query.,
p0070,size-combinations,mcs,mcs_elements_order_maximize_atoms,MCS elements/order maximize atoms,0,1650131,708628,Cc1cc(O)cc(=O)n1C,O=C(O)c1cn(Cc2ccc(-c3cccc(CO)n3)cc2)c2c(F)cccc2c1=O,10,30,40,10,30,40,20,10,33,1,4,ok,0.000411582,1,0.000411582,411582.000,,,,9,8,0,"[#6]-,:[#6](:[#6]):[#7](:[#6]:[#6]:,-[#6]-[#8])-[#6]","Same element/order comparison, but optimize atom count instead of bond count.",
p0070,size-combinations,mcs,mcs_elements_order_ring_atoms,MCS elements/order ring atoms,0,1650131,708628,Cc1cc(O)cc(=O)n1C,O=C(O)c1cn(Cc2ccc(-c3cccc(CO)n3)cc2)c2c(F)cccc2c1=O,10,30,40,10,30,40,20,10,33,1,4,ok,0.000313686,1,0.000313686,313686.000,,,,7,7,0,[#6&!R]-&!@[#6]1:&@[#6]:&@[#6]:&@[#6]:&@[#6]:&@[#7]:&@1,Ring atoms and ring bonds only match ring atoms and ring bonds.,
p0070,size-combinations,mcs,mcs_elements_order_whole_rings,MCS elements/order whole rings,0,1650131,708628,Cc1cc(O)cc(=O)n1C,O=C(O)c1cn(Cc2ccc(-c3cccc(CO)n3)cc2)c2c(F)cccc2c1=O,10,30,40,10,30,40,20,10,33,1,4,ok,0.000561924,1,0.000561924,561924.000,,,,7,7,0,[#6]-&!@[#6]1:&@[#6]:&@[#6]:&@[#6]:&@[#6]:&@[#7]:&@1,MCS completeRingsOnly=True; partial ring MCS results are rejected.,
p0070,size-combinations,mcs,mcs_elements_order_ring_atoms_whole_rings,MCS elements/order ring atoms + whole rings,0,1650131,708628,Cc1cc(O)cc(=O)n1C,O=C(O)c1cn(Cc2ccc(-c3cccc(CO)n3)cc2)c2c(F)cccc2c1=O,10,30,40,10,30,40,20,10,33,1,4,ok,0.000391386,1,0.000391386,391386.000,,,,7,7,0,[#6&!R]-&!@[#6]1:&@[#6]:&@[#6]:&@[#6]:&@[#6]:&@[#7]:&@1,Both ringMatchesRingOnly and completeRingsOnly are enabled.,
p0070,size-combinations,substruct,substruct_smiles,Substruct raw SMILES,1,1650131,708628,Cc1cc(O)cc(=O)n1C,O=C(O)c1cn(Cc2ccc(-c3cccc(CO)n3)cc2)c2c(F)cccc2c1=O,10,30,40,10,30,40,20,10,33,1,4,ok,4.7949e-05,20,2.39745e-06,2397.450,has-match,0,0,,,,,Best SMILES-substructure baseline. Substructure has no direct completeRingsOnly option.,
p0070,size-combinations,substruct,substruct_elements_any_bond,Substruct elements/any bond,0,1650131,708628,Cc1cc(O)cc(=O)n1C,O=C(O)c1cn(Cc2ccc(-c3cccc(CO)n3)cc2)c2c(F)cccc2c1=O,10,30,40,10,30,40,20,10,33,1,4,ok,8.7427e-05,20,4.37135e-06,4371.350,has-match,0,0,,,,,Query keeps atom elements but uses generic bonds.,
p0070,size-combinations,substruct,substruct_any_atom_bond,Substruct any atoms/bonds,0,1650131,708628,Cc1cc(O)cc(=O)n1C,O=C(O)c1cn(Cc2ccc(-c3cccc(CO)n3)cc2)c2c(F)cccc2c1=O,10,30,40,10,30,40,20,10,33,1,4,ok,0.000349992,20,1.74996e-05,17499.600,has-match,1,1,,,,,"Query uses generic atoms and generic bonds, similar to CompareAny topology.",
p0070,size-combinations,substruct,substruct_ring_atoms,Substruct ring-chain atoms,0,1650131,708628,Cc1cc(O)cc(=O)n1C,O=C(O)c1cn(Cc2ccc(-c3cccc(CO)n3)cc2)c2c(F)cccc2c1=O,10,30,40,10,30,40,20,10,33,1,4,ok,3.5342e-05,20,1.7671e-06,1767.100,has-match,0,0,,,,,Query adds ring/chain atom constraints; closest substruct analog to ringMatchesRingOnly.,
p0071,size-combinations,mcs,mcs_any_atom_bond,MCS CompareAny atoms/bonds,0,1650131,411674,Cc1cc(O)cc(=O)n1C,C/C=C/C[C@@H](C)[C@@H](O)[C@H]1C(=O)N[C@@H](CC)C(=O)N(C)CC(=O)N(C)[C@@H](CC(C)C)C(=O)N[C@@H](C(C)C)C(=O)N(C)[C@@H](CC(C)C)C(=O)N[C@@H](C)C(=O)N[C@H](COCCC2OCCO2)C(=O)N(C)[C@@H](CC(C)C)C(=O)N(C)[C@@H](CC(C)C)C(=O)N(C)[C@@H](C(C)C)C(=O)N1C,10,93,103,10,93,103,83,10,94,1,2,ok,0.000445281,1,0.000445281,445281.000,,,,10,9,0,"[#6]-[#6](:,-[#6]:,-[#6]-,=[#8,#6]):,-[#7,#6](:,-[#6](:,-[#6])=,-[#8,#7])-[#6,#8]",Permissive MCS: any atom type and any bond type can match.,
p0071,size-combinations,mcs,mcs_elements_order,MCS elements/order,1,1650131,411674,Cc1cc(O)cc(=O)n1C,C/C=C/C[C@@H](C)[C@@H](O)[C@H]1C(=O)N[C@@H](CC)C(=O)N(C)CC(=O)N(C)[C@@H](CC(C)C)C(=O)N[C@@H](C(C)C)C(=O)N(C)[C@@H](CC(C)C)C(=O)N[C@@H](C)C(=O)N[C@H](COCCC2OCCO2)C(=O)N(C)[C@@H](CC(C)C)C(=O)N(C)[C@@H](CC(C)C)C(=O)N(C)[C@@H](C(C)C)C(=O)N1C,10,93,103,10,93,103,83,10,94,1,2,ok,0.000379949,1,0.000379949,379949.000,,,,10,9,0,"[#6]-[#6](:,-[#6]):,-[#7](:,-[#6](:,-[#6]:,-[#6]-[#8])=[#8])-[#6]",Closest MCS counterpart to a raw SMILES substructure query.,
p0071,size-combinations,mcs,mcs_elements_order_maximize_atoms,MCS elements/order maximize atoms,0,1650131,411674,Cc1cc(O)cc(=O)n1C,C/C=C/C[C@@H](C)[C@@H](O)[C@H]1C(=O)N[C@@H](CC)C(=O)N(C)CC(=O)N(C)[C@@H](CC(C)C)C(=O)N[C@@H](C(C)C)C(=O)N(C)[C@@H](CC(C)C)C(=O)N[C@@H](C)C(=O)N[C@H](COCCC2OCCO2)C(=O)N(C)[C@@H](CC(C)C)C(=O)N(C)[C@@H](CC(C)C)C(=O)N(C)[C@@H](C(C)C)C(=O)N1C,10,93,103,10,93,103,83,10,94,1,2,ok,0.000373902,1,0.000373902,373902.000,,,,10,9,0,"[#6]-[#6](:,-[#6]):,-[#7](:,-[#6](:,-[#6]:,-[#6]-[#8])=[#8])-[#6]","Same element/order comparison, but optimize atom count instead of bond count.",
p0071,size-combinations,mcs,mcs_elements_order_ring_atoms,MCS elements/order ring atoms,0,1650131,411674,Cc1cc(O)cc(=O)n1C,C/C=C/C[C@@H](C)[C@@H](O)[C@H]1C(=O)N[C@@H](CC)C(=O)N(C)CC(=O)N(C)[C@@H](CC(C)C)C(=O)N[C@@H](C(C)C)C(=O)N(C)[C@@H](CC(C)C)C(=O)N[C@@H](C)C(=O)N[C@H](COCCC2OCCO2)C(=O)N(C)[C@@H](CC(C)C)C(=O)N(C)[C@@H](CC(C)C)C(=O)N(C)[C@@H](C(C)C)C(=O)N1C,10,93,103,10,93,103,83,10,94,1,2,ok,0.00033714,1,0.00033714,337140.000,,,,8,7,0,"[#6&!R]-&!@[#6&R](:,-;@[#6&R]):,-;@[#7&R](:,-;@[#6&R](:,-;@[#6&R])=&!@[#8&!R])-&!@[#6&!R]",Ring atoms and ring bonds only match ring atoms and ring bonds.,
p0071,size-combinations,mcs,mcs_elements_order_whole_rings,MCS elements/order whole rings,0,1650131,411674,Cc1cc(O)cc(=O)n1C,C/C=C/C[C@@H](C)[C@@H](O)[C@H]1C(=O)N[C@@H](CC)C(=O)N(C)CC(=O)N(C)[C@@H](CC(C)C)C(=O)N[C@@H](C(C)C)C(=O)N(C)[C@@H](CC(C)C)C(=O)N[C@@H](C)C(=O)N[C@H](COCCC2OCCO2)C(=O)N(C)[C@@H](CC(C)C)C(=O)N(C)[C@@H](CC(C)C)C(=O)N(C)[C@@H](C(C)C)C(=O)N1C,10,93,103,10,93,103,83,10,94,1,2,ok,0.000169948,1,0.000169948,169948.000,,,,2,1,0,[#6]-&!@[#6],MCS completeRingsOnly=True; partial ring MCS results are rejected.,
p0071,size-combinations,mcs,mcs_elements_order_ring_atoms_whole_rings,MCS elements/order ring atoms + whole rings,0,1650131,411674,Cc1cc(O)cc(=O)n1C,C/C=C/C[C@@H](C)[C@@H](O)[C@H]1C(=O)N[C@@H](CC)C(=O)N(C)CC(=O)N(C)[C@@H](CC(C)C)C(=O)N[C@@H](C(C)C)C(=O)N(C)[C@@H](CC(C)C)C(=O)N[C@@H](C)C(=O)N[C@H](COCCC2OCCO2)C(=O)N(C)[C@@H](CC(C)C)C(=O)N(C)[C@@H](CC(C)C)C(=O)N(C)[C@@H](C(C)C)C(=O)N1C,10,93,103,10,93,103,83,10,94,1,2,ok,0.000154591,1,0.000154591,154591.000,,,,2,1,0,[#6&!R]-&!@[#6&R],Both ringMatchesRingOnly and completeRingsOnly are enabled.,
p0071,size-combinations,substruct,substruct_smiles,Substruct raw SMILES,1,1650131,411674,Cc1cc(O)cc(=O)n1C,C/C=C/C[C@@H](C)[C@@H](O)[C@H]1C(=O)N[C@@H](CC)C(=O)N(C)CC(=O)N(C)[C@@H](CC(C)C)C(=O)N[C@@H](C(C)C)C(=O)N(C)[C@@H](CC(C)C)C(=O)N[C@@H](C)C(=O)N[C@H](COCCC2OCCO2)C(=O)N(C)[C@@H](CC(C)C)C(=O)N(C)[C@@H](CC(C)C)C(=O)N(C)[C@@H](C(C)C)C(=O)N1C,10,93,103,10,93,103,83,10,94,1,2,ok,0.000117959,20,5.89795e-06,5897.950,has-match,0,0,,,,,Best SMILES-substructure baseline. Substructure has no direct completeRingsOnly option.,
p0071,size-combinations,substruct,substruct_elements_any_bond,Substruct elements/any bond,0,1650131,411674,Cc1cc(O)cc(=O)n1C,C/C=C/C[C@@H](C)[C@@H](O)[C@H]1C(=O)N[C@@H](CC)C(=O)N(C)CC(=O)N(C)[C@@H](CC(C)C)C(=O)N[C@@H](C(C)C)C(=O)N(C)[C@@H](CC(C)C)C(=O)N[C@@H](C)C(=O)N[C@H](COCCC2OCCO2)C(=O)N(C)[C@@H](CC(C)C)C(=O)N(C)[C@@H](CC(C)C)C(=O)N(C)[C@@H](C(C)C)C(=O)N1C,10,93,103,10,93,103,83,10,94,1,2,ok,0.000161887,20,8.09435e-06,8094.350,has-match,0,0,,,,,Query keeps atom elements but uses generic bonds.,
p0071,size-combinations,substruct,substruct_any_atom_bond,Substruct any atoms/bonds,0,1650131,411674,Cc1cc(O)cc(=O)n1C,C/C=C/C[C@@H](C)[C@@H](O)[C@H]1C(=O)N[C@@H](CC)C(=O)N(C)CC(=O)N(C)[C@@H](CC(C)C)C(=O)N[C@@H](C(C)C)C(=O)N(C)[C@@H](CC(C)C)C(=O)N[C@@H](C)C(=O)N[C@H](COCCC2OCCO2)C(=O)N(C)[C@@H](CC(C)C)C(=O)N(C)[C@@H](CC(C)C)C(=O)N(C)[C@@H](C(C)C)C(=O)N1C,10,93,103,10,93,103,83,10,94,1,2,ok,0.001072833,20,5.364165e-05,53641.650,has-match,0,0,,,,,"Query uses generic atoms and generic bonds, similar to CompareAny topology.",
p0071,size-combinations,substruct,substruct_ring_atoms,Substruct ring-chain atoms,0,1650131,411674,Cc1cc(O)cc(=O)n1C,C/C=C/C[C@@H](C)[C@@H](O)[C@H]1C(=O)N[C@@H](CC)C(=O)N(C)CC(=O)N(C)[C@@H](CC(C)C)C(=O)N[C@@H](C(C)C)C(=O)N(C)[C@@H](CC(C)C)C(=O)N[C@@H](C)C(=O)N[C@H](COCCC2OCCO2)C(=O)N(C)[C@@H](CC(C)C)C(=O)N(C)[C@@H](CC(C)C)C(=O)N(C)[C@@H](C(C)C)C(=O)N1C,10,93,103,10,93,103,83,10,94,1,2,ok,8.5154e-05,20,4.2577e-06,4257.700,has-match,0,0,,,,,Query adds ring/chain atom constraints; closest substruct analog to ringMatchesRingOnly.,
p0072,size-combinations,mcs,mcs_any_atom_bond,MCS CompareAny atoms/bonds,0,1650131,2445715,Cc1cc(O)cc(=O)n1C,COc1cc(/C=C/C(=O)C(Cc2cn(CCCCNC(=O)CCC(=O)NCCCN3CCN(CCCNC(=O)CCN4CCN(CCCN[C@H]5CC[C@@]6(C)C(=CC[C@H]7[C@@H]8CC[C@H]([C@H](C)CCCC(C)C)[C@@]8(C)CC[C@@H]76)C5)CC4)CC3)nn2)C(=O)/C=C/c2ccc(O)c(OC)c2)ccc1O,10,99,109,10,99,109,89,10,107,1,9,ok,0.00038299,1,0.00038299,382990.000,,,,10,9,0,"[#6,#8]-,=[#6](:,-[#6]:,=[#6]-[#8,#6]):,-[#7,#6](:,-[#6](:,=[#6,#8])=,-[#8,#6])-[#6]",Permissive MCS: any atom type and any bond type can match.,
p0072,size-combinations,mcs,mcs_elements_order,MCS elements/order,1,1650131,2445715,Cc1cc(O)cc(=O)n1C,COc1cc(/C=C/C(=O)C(Cc2cn(CCCCNC(=O)CCC(=O)NCCCN3CCN(CCCNC(=O)CCN4CCN(CCCN[C@H]5CC[C@@]6(C)C(=CC[C@H]7[C@@H]8CC[C@H]([C@H](C)CCCC(C)C)[C@@]8(C)CC[C@@H]76)C5)CC4)CC3)nn2)C(=O)/C=C/c2ccc(O)c(OC)c2)ccc1O,10,99,109,10,99,109,89,10,107,1,9,ok,0.001033995,1,0.001033995,1033995.000,,,,8,7,0,"[#6]-[#6](:,-[#6]:,-[#6]:,-[#6]:,-[#6]):,-[#7]-[#6]",Closest MCS counterpart to a raw SMILES substructure query.,
p0072,size-combinations,mcs,mcs_elements_order_maximize_atoms,MCS elements/order maximize atoms,0,1650131,2445715,Cc1cc(O)cc(=O)n1C,COc1cc(/C=C/C(=O)C(Cc2cn(CCCCNC(=O)CCC(=O)NCCCN3CCN(CCCNC(=O)CCN4CCN(CCCN[C@H]5CC[C@@]6(C)C(=CC[C@H]7[C@@H]8CC[C@H]([C@H](C)CCCC(C)C)[C@@]8(C)CC[C@@H]76)C5)CC4)CC3)nn2)C(=O)/C=C/c2ccc(O)c(OC)c2)ccc1O,10,99,109,10,99,109,89,10,107,1,9,ok,0.001021137,1,0.001021137,1021137.000,,,,8,7,0,"[#6]-[#6](:,-[#6]:,-[#6]:,-[#6]:,-[#6]):,-[#7]-[#6]","Same element/order comparison, but optimize atom count instead of bond count.",
p0072,size-combinations,mcs,mcs_elements_order_ring_atoms,MCS elements/order ring atoms,0,1650131,2445715,Cc1cc(O)cc(=O)n1C,COc1cc(/C=C/C(=O)C(Cc2cn(CCCCNC(=O)CCC(=O)NCCCN3CCN(CCCNC(=O)CCN4CCN(CCCN[C@H]5CC[C@@]6(C)C(=CC[C@H]7[C@@H]8CC[C@H]([C@H](C)CCCC(C)C)[C@@]8(C)CC[C@@H]76)C5)CC4)CC3)nn2)C(=O)/C=C/c2ccc(O)c(OC)c2)ccc1O,10,99,109,10,99,109,89,10,107,1,9,ok,0.000429514,1,0.000429514,429514.000,,,,7,6,0,[#6&!R]-&!@[#6&R]:&@[#6&R]:&@[#6&R](-&!@[#8&!R]):&@[#6&R]:&@[#6&R],Ring atoms and ring bonds only match ring atoms and ring bonds.,
p0072,size-combinations,mcs,mcs_elements_order_whole_rings,MCS elements/order whole rings,0,1650131,2445715,Cc1cc(O)cc(=O)n1C,COc1cc(/C=C/C(=O)C(Cc2cn(CCCCNC(=O)CCC(=O)NCCCN3CCN(CCCNC(=O)CCN4CCN(CCCN[C@H]5CC[C@@]6(C)C(=CC[C@H]7[C@@H]8CC[C@H]([C@H](C)CCCC(C)C)[C@@]8(C)CC[C@@H]76)C5)CC4)CC3)nn2)C(=O)/C=C/c2ccc(O)c(OC)c2)ccc1O,10,99,109,10,99,109,89,10,107,1,9,ok,0.000368331,1,0.000368331,368331.000,,,,2,1,0,[#6]-&!@[#6],MCS completeRingsOnly=True; partial ring MCS results are rejected.,
p0072,size-combinations,mcs,mcs_elements_order_ring_atoms_whole_rings,MCS elements/order ring atoms + whole rings,0,1650131,2445715,Cc1cc(O)cc(=O)n1C,COc1cc(/C=C/C(=O)C(Cc2cn(CCCCNC(=O)CCC(=O)NCCCN3CCN(CCCNC(=O)CCN4CCN(CCCN[C@H]5CC[C@@]6(C)C(=CC[C@H]7[C@@H]8CC[C@H]([C@H](C)CCCC(C)C)[C@@]8(C)CC[C@@H]76)C5)CC4)CC3)nn2)C(=O)/C=C/c2ccc(O)c(OC)c2)ccc1O,10,99,109,10,99,109,89,10,107,1,9,ok,0.000320496,1,0.000320496,320496.000,,,,2,1,0,[#6&!R]-&!@[#6&R],Both ringMatchesRingOnly and completeRingsOnly are enabled.,
p0072,size-combinations,substruct,substruct_smiles,Substruct raw SMILES,1,1650131,2445715,Cc1cc(O)cc(=O)n1C,COc1cc(/C=C/C(=O)C(Cc2cn(CCCCNC(=O)CCC(=O)NCCCN3CCN(CCCNC(=O)CCN4CCN(CCCN[C@H]5CC[C@@]6(C)C(=CC[C@H]7[C@@H]8CC[C@H]([C@H](C)CCCC(C)C)[C@@]8(C)CC[C@@H]76)C5)CC4)CC3)nn2)C(=O)/C=C/c2ccc(O)c(OC)c2)ccc1O,10,99,109,10,99,109,89,10,107,1,9,ok,0.000135786,20,6.7893e-06,6789.300,has-match,0,0,,,,,Best SMILES-substructure baseline. Substructure has no direct completeRingsOnly option.,
p0072,size-combinations,substruct,substruct_elements_any_bond,Substruct elements/any bond,0,1650131,2445715,Cc1cc(O)cc(=O)n1C,COc1cc(/C=C/C(=O)C(Cc2cn(CCCCNC(=O)CCC(=O)NCCCN3CCN(CCCNC(=O)CCN4CCN(CCCN[C@H]5CC[C@@]6(C)C(=CC[C@H]7[C@@H]8CC[C@H]([C@H](C)CCCC(C)C)[C@@]8(C)CC[C@@H]76)C5)CC4)CC3)nn2)C(=O)/C=C/c2ccc(O)c(OC)c2)ccc1O,10,99,109,10,99,109,89,10,107,1,9,ok,0.00023597,20,1.17985e-05,11798.500,has-match,0,0,,,,,Query keeps atom elements but uses generic bonds.,
p0072,size-combinations,substruct,substruct_any_atom_bond,Substruct any atoms/bonds,0,1650131,2445715,Cc1cc(O)cc(=O)n1C,COc1cc(/C=C/C(=O)C(Cc2cn(CCCCNC(=O)CCC(=O)NCCCN3CCN(CCCNC(=O)CCN4CCN(CCCN[C@H]5CC[C@@]6(C)C(=CC[C@H]7[C@@H]8CC[C@H]([C@H](C)CCCC(C)C)[C@@]8(C)CC[C@@H]76)C5)CC4)CC3)nn2)C(=O)/C=C/c2ccc(O)c(OC)c2)ccc1O,10,99,109,10,99,109,89,10,107,1,9,ok,0.000585886,20,2.92943e-05,29294.300,has-match,0,0,,,,,"Query uses generic atoms and generic bonds, similar to CompareAny topology.",
p0072,size-combinations,substruct,substruct_ring_atoms,Substruct ring-chain atoms,0,1650131,2445715,Cc1cc(O)cc(=O)n1C,COc1cc(/C=C/C(=O)C(Cc2cn(CCCCNC(=O)CCC(=O)NCCCN3CCN(CCCNC(=O)CCN4CCN(CCCN[C@H]5CC[C@@]6(C)C(=CC[C@H]7[C@@H]8CC[C@H]([C@H](C)CCCC(C)C)[C@@]8(C)CC[C@@H]76)C5)CC4)CC3)nn2)C(=O)/C=C/c2ccc(O)c(OC)c2)ccc1O,10,99,109,10,99,109,89,10,107,1,9,ok,9.314e-05,20,4.657e-06,4657.000,has-match,0,0,,,,,Query adds ring/chain atom constraints; closest substruct analog to ringMatchesRingOnly.,
p0073,size-combinations,mcs,mcs_any_atom_bond,MCS CompareAny atoms/bonds,0,445221,2047574,NCC(CO)Cc1ccco1,C=CCCS(=O)(=O)NC(=O)c1ccccc1NC(=O)[C@@H](NC(=O)OC(C)(C)C)c1ccc(Oc2cc(OC)nc(-c3ccccc3)n2)c(C=C)c1,11,51,62,11,51,62,40,11,54,1,4,ok,0.000282629,1,0.000282629,282629.000,,,,11,10,0,"[#7,#6]-[#6]-[#6](-,:[#6]-,:[#8,#6])-,:[#6]-,:[#6](:[#6]:,-[#6,#8]):,-[#8,#6]:,=[#6]",Permissive MCS: any atom type and any bond type can match.,
p0073,size-combinations,mcs,mcs_elements_order,MCS elements/order,1,445221,2047574,NCC(CO)Cc1ccco1,C=CCCS(=O)(=O)NC(=O)c1ccccc1NC(=O)[C@@H](NC(=O)OC(C)(C)C)c1ccc(Oc2cc(OC)nc(-c3ccccc3)n2)c(C=C)c1,11,51,62,11,51,62,40,11,54,1,4,ok,0.000348526,1,0.000348526,348526.000,,,,9,8,0,"[#7]-[#6]-[#6](-,:[#6])-,:[#6]-,:[#6]:[#6]:[#6]:,-[#6]",Closest MCS counterpart to a raw SMILES substructure query.,
p0073,size-combinations,mcs,mcs_elements_order_maximize_atoms,MCS elements/order maximize atoms,0,445221,2047574,NCC(CO)Cc1ccco1,C=CCCS(=O)(=O)NC(=O)c1ccccc1NC(=O)[C@@H](NC(=O)OC(C)(C)C)c1ccc(Oc2cc(OC)nc(-c3ccccc3)n2)c(C=C)c1,11,51,62,11,51,62,40,11,54,1,4,ok,0.000314847,1,0.000314847,314847.000,,,,9,8,0,"[#7]-[#6]-[#6](-,:[#6])-,:[#6]-,:[#6]:[#6]:[#6]:,-[#6]","Same element/order comparison, but optimize atom count instead of bond count.",
p0073,size-combinations,mcs,mcs_elements_order_ring_atoms,MCS elements/order ring atoms,0,445221,2047574,NCC(CO)Cc1ccco1,C=CCCS(=O)(=O)NC(=O)c1ccccc1NC(=O)[C@@H](NC(=O)OC(C)(C)C)c1ccc(Oc2cc(OC)nc(-c3ccccc3)n2)c(C=C)c1,11,51,62,11,51,62,40,11,54,1,4,ok,0.000178116,1,0.000178116,178116.000,,,,6,5,0,[#6&!R]-&!@[#6&!R]-&!@[#6&R]:&@[#6&R]:&@[#6&R]:&@[#6&R],Ring atoms and ring bonds only match ring atoms and ring bonds.,
p0073,size-combinations,mcs,mcs_elements_order_whole_rings,MCS elements/order whole rings,0,445221,2047574,NCC(CO)Cc1ccco1,C=CCCS(=O)(=O)NC(=O)c1ccccc1NC(=O)[C@@H](NC(=O)OC(C)(C)C)c1ccc(Oc2cc(OC)nc(-c3ccccc3)n2)c(C=C)c1,11,51,62,11,51,62,40,11,54,1,4,ok,0.000151132,1,0.000151132,151132.000,,,,4,3,0,[#7]-&!@[#6]-&!@[#6]-&!@[#6],MCS completeRingsOnly=True; partial ring MCS results are rejected.,
p0073,size-combinations,mcs,mcs_elements_order_ring_atoms_whole_rings,MCS elements/order ring atoms + whole rings,0,445221,2047574,NCC(CO)Cc1ccco1,C=CCCS(=O)(=O)NC(=O)c1ccccc1NC(=O)[C@@H](NC(=O)OC(C)(C)C)c1ccc(Oc2cc(OC)nc(-c3ccccc3)n2)c(C=C)c1,11,51,62,11,51,62,40,11,54,1,4,ok,0.00013178,1,0.00013178,131780.000,,,,4,3,0,[#6&!R]-&!@[#6&!R](-&!@[#6&!R])-&!@[#6&!R],Both ringMatchesRingOnly and completeRingsOnly are enabled.,
p0073,size-combinations,substruct,substruct_smiles,Substruct raw SMILES,1,445221,2047574,NCC(CO)Cc1ccco1,C=CCCS(=O)(=O)NC(=O)c1ccccc1NC(=O)[C@@H](NC(=O)OC(C)(C)C)c1ccc(Oc2cc(OC)nc(-c3ccccc3)n2)c(C=C)c1,11,51,62,11,51,62,40,11,54,1,4,ok,3.6436e-05,20,1.8218e-06,1821.800,has-match,0,0,,,,,Best SMILES-substructure baseline. Substructure has no direct completeRingsOnly option.,
p0073,size-combinations,substruct,substruct_elements_any_bond,Substruct elements/any bond,0,445221,2047574,NCC(CO)Cc1ccco1,C=CCCS(=O)(=O)NC(=O)c1ccccc1NC(=O)[C@@H](NC(=O)OC(C)(C)C)c1ccc(Oc2cc(OC)nc(-c3ccccc3)n2)c(C=C)c1,11,51,62,11,51,62,40,11,54,1,4,ok,4.8913e-05,20,2.44565e-06,2445.650,has-match,0,0,,,,,Query keeps atom elements but uses generic bonds.,
p0073,size-combinations,substruct,substruct_any_atom_bond,Substruct any atoms/bonds,0,445221,2047574,NCC(CO)Cc1ccco1,C=CCCS(=O)(=O)NC(=O)c1ccccc1NC(=O)[C@@H](NC(=O)OC(C)(C)C)c1ccc(Oc2cc(OC)nc(-c3ccccc3)n2)c(C=C)c1,11,51,62,11,51,62,40,11,54,1,4,ok,0.000654123,20,3.270615e-05,32706.150,has-match,0,0,,,,,"Query uses generic atoms and generic bonds, similar to CompareAny topology.",
p0073,size-combinations,substruct,substruct_ring_atoms,Substruct ring-chain atoms,0,445221,2047574,NCC(CO)Cc1ccco1,C=CCCS(=O)(=O)NC(=O)c1ccccc1NC(=O)[C@@H](NC(=O)OC(C)(C)C)c1ccc(Oc2cc(OC)nc(-c3ccccc3)n2)c(C=C)c1,11,51,62,11,51,62,40,11,54,1,4,ok,3.7403e-05,20,1.87015e-06,1870.150,has-match,0,0,,,,,Query adds ring/chain atom constraints; closest substruct analog to ringMatchesRingOnly.,
p0074,size-combinations,mcs,mcs_any_atom_bond,MCS CompareAny atoms/bonds,0,445221,962055,NCC(CO)Cc1ccco1,CC(=O)O[C@@]12CO[C@@H]1C[C@H](O)[C@@]1(C)C(=O)[C@H](O)C3=C(C)[C@@H](OC(=O)[C@H](O)[C@@H](NC(=O)OC(C)(C)C)c4ccc(C)cc4)C[C@@](O)([C@@H](OC(=O)c4ccccc4)[C@H]21)C3(C)C,11,59,70,11,59,70,48,11,64,1,6,ok,0.000327293,1,0.000327293,327293.000,,,,11,10,0,"[#7,#6]-[#6,#8]-[#6](-[#6]-[#8])-[#6]-[#6](:,-[#6]:,-[#6]):,-[#8]:,-[#6]",Permissive MCS: any atom type and any bond type can match.,
p0074,size-combinations,mcs,mcs_elements_order,MCS elements/order,1,445221,962055,NCC(CO)Cc1ccco1,CC(=O)O[C@@]12CO[C@@H]1C[C@H](O)[C@@]1(C)C(=O)[C@H](O)C3=C(C)[C@@H](OC(=O)[C@H](O)[C@@H](NC(=O)OC(C)(C)C)c4ccc(C)cc4)C[C@@](O)([C@@H](OC(=O)c4ccccc4)[C@H]21)C3(C)C,11,59,70,11,59,70,48,11,64,1,6,ok,0.000308462,1,0.000308462,308462.000,,,,10,9,0,"[#6]-[#6](-[#6]-[#8])-[#6]-[#6](:,-[#6]:,-[#6]):,-[#8]:,-[#6]",Closest MCS counterpart to a raw SMILES substructure query.,
p0074,size-combinations,mcs,mcs_elements_order_maximize_atoms,MCS elements/order maximize atoms,0,445221,962055,NCC(CO)Cc1ccco1,CC(=O)O[C@@]12CO[C@@H]1C[C@H](O)[C@@]1(C)C(=O)[C@H](O)C3=C(C)[C@@H](OC(=O)[C@H](O)[C@@H](NC(=O)OC(C)(C)C)c4ccc(C)cc4)C[C@@](O)([C@@H](OC(=O)c4ccccc4)[C@H]21)C3(C)C,11,59,70,11,59,70,48,11,64,1,6,ok,0.000301391,1,0.000301391,301391.000,,,,10,9,0,"[#6]-[#6](-[#6]-[#8])-[#6]-[#6](:,-[#6]:,-[#6]):,-[#8]:,-[#6]","Same element/order comparison, but optimize atom count instead of bond count.",
p0074,size-combinations,mcs,mcs_elements_order_ring_atoms,MCS elements/order ring atoms,0,445221,962055,NCC(CO)Cc1ccco1,CC(=O)O[C@@]12CO[C@@H]1C[C@H](O)[C@@]1(C)C(=O)[C@H](O)C3=C(C)[C@@H](OC(=O)[C@H](O)[C@@H](NC(=O)OC(C)(C)C)c4ccc(C)cc4)C[C@@](O)([C@@H](OC(=O)c4ccccc4)[C@H]21)C3(C)C,11,59,70,11,59,70,48,11,64,1,6,ok,0.000261404,1,0.000261404,261404.000,,,,8,7,0,[#6&!R](-&!@[#6&!R]-&!@[#8&!R])-&!@[#6&!R]-&!@[#6&R]:&@[#6&R]:&@[#6&R]:&@[#6&R],Ring atoms and ring bonds only match ring atoms and ring bonds.,
p0074,size-combinations,mcs,mcs_elements_order_whole_rings,MCS elements/order whole rings,0,445221,962055,NCC(CO)Cc1ccco1,CC(=O)O[C@@]12CO[C@@H]1C[C@H](O)[C@@]1(C)C(=O)[C@H](O)C3=C(C)[C@@H](OC(=O)[C@H](O)[C@@H](NC(=O)OC(C)(C)C)c4ccc(C)cc4)C[C@@](O)([C@@H](OC(=O)c4ccccc4)[C@H]21)C3(C)C,11,59,70,11,59,70,48,11,64,1,6,ok,0.000255334,1,0.000255334,255334.000,,,,5,4,0,[#7]-&!@[#6]-&!@[#6]-&!@[#6]-&!@[#8],MCS completeRingsOnly=True; partial ring MCS results are rejected.,
p0074,size-combinations,mcs,mcs_elements_order_ring_atoms_whole_rings,MCS elements/order ring atoms + whole rings,0,445221,962055,NCC(CO)Cc1ccco1,CC(=O)O[C@@]12CO[C@@H]1C[C@H](O)[C@@]1(C)C(=O)[C@H](O)C3=C(C)[C@@H](OC(=O)[C@H](O)[C@@H](NC(=O)OC(C)(C)C)c4ccc(C)cc4)C[C@@](O)([C@@H](OC(=O)c4ccccc4)[C@H]21)C3(C)C,11,59,70,11,59,70,48,11,64,1,6,ok,0.000219754,1,0.000219754,219754.000,,,,5,4,0,[#7&!R]-&!@[#6&!R]-&!@[#6&!R]-&!@[#6&!R]-&!@[#8&!R],Both ringMatchesRingOnly and completeRingsOnly are enabled.,
p0074,size-combinations,substruct,substruct_smiles,Substruct raw SMILES,1,445221,962055,NCC(CO)Cc1ccco1,CC(=O)O[C@@]12CO[C@@H]1C[C@H](O)[C@@]1(C)C(=O)[C@H](O)C3=C(C)[C@@H](OC(=O)[C@H](O)[C@@H](NC(=O)OC(C)(C)C)c4ccc(C)cc4)C[C@@](O)([C@@H](OC(=O)c4ccccc4)[C@H]21)C3(C)C,11,59,70,11,59,70,48,11,64,1,6,ok,3.0617e-05,20,1.53085e-06,1530.850,has-match,0,0,,,,,Best SMILES-substructure baseline. Substructure has no direct completeRingsOnly option.,
p0074,size-combinations,substruct,substruct_elements_any_bond,Substruct elements/any bond,0,445221,962055,NCC(CO)Cc1ccco1,CC(=O)O[C@@]12CO[C@@H]1C[C@H](O)[C@@]1(C)C(=O)[C@H](O)C3=C(C)[C@@H](OC(=O)[C@H](O)[C@@H](NC(=O)OC(C)(C)C)c4ccc(C)cc4)C[C@@](O)([C@@H](OC(=O)c4ccccc4)[C@H]21)C3(C)C,11,59,70,11,59,70,48,11,64,1,6,ok,2.9438e-05,20,1.4719e-06,1471.900,has-match,0,0,,,,,Query keeps atom elements but uses generic bonds.,
p0074,size-combinations,substruct,substruct_any_atom_bond,Substruct any atoms/bonds,0,445221,962055,NCC(CO)Cc1ccco1,CC(=O)O[C@@]12CO[C@@H]1C[C@H](O)[C@@]1(C)C(=O)[C@H](O)C3=C(C)[C@@H](OC(=O)[C@H](O)[C@@H](NC(=O)OC(C)(C)C)c4ccc(C)cc4)C[C@@](O)([C@@H](OC(=O)c4ccccc4)[C@H]21)C3(C)C,11,59,70,11,59,70,48,11,64,1,6,ok,0.002281224,20,0.0001140612,114061.200,has-match,0,0,,,,,"Query uses generic atoms and generic bonds, similar to CompareAny topology.",
p0074,size-combinations,substruct,substruct_ring_atoms,Substruct ring-chain atoms,0,445221,962055,NCC(CO)Cc1ccco1,CC(=O)O[C@@]12CO[C@@H]1C[C@H](O)[C@@]1(C)C(=O)[C@H](O)C3=C(C)[C@@H](OC(=O)[C@H](O)[C@@H](NC(=O)OC(C)(C)C)c4ccc(C)cc4)C[C@@](O)([C@@H](OC(=O)c4ccccc4)[C@H]21)C3(C)C,11,59,70,11,59,70,48,11,64,1,6,ok,3.6309e-05,20,1.81545e-06,1815.450,has-match,0,0,,,,,Query adds ring/chain atom constraints; closest substruct analog to ringMatchesRingOnly.,
p0075,size-combinations,mcs,mcs_any_atom_bond,MCS CompareAny atoms/bonds,0,121543,2047574,CCOc1ccccc1C(=O)O,C=CCCS(=O)(=O)NC(=O)c1ccccc1NC(=O)[C@@H](NC(=O)OC(C)(C)C)c1ccc(Oc2cc(OC)nc(-c3ccccc3)n2)c(C=C)c1,12,51,63,12,51,63,39,12,54,1,4,ok,0.000155394,1,0.000155394,155394.000,,,,12,12,0,"[#6,#8]-,=[#6]-[#8,#7]-[#6]1:[#6]:[#6]:[#6]:[#6]:[#6]:1-[#6](=,-[#8,#7])-,=[#8]",Permissive MCS: any atom type and any bond type can match.,
p0075,size-combinations,mcs,mcs_elements_order,MCS elements/order,1,121543,2047574,CCOc1ccccc1C(=O)O,C=CCCS(=O)(=O)NC(=O)c1ccccc1NC(=O)[C@@H](NC(=O)OC(C)(C)C)c1ccc(Oc2cc(OC)nc(-c3ccccc3)n2)c(C=C)c1,12,51,63,12,51,63,39,12,54,1,4,ok,0.000514726,1,0.000514726,514726.000,,,,10,10,0,"[#6]-,:[#6]-[#8]-[#6]1:[#6]:[#6]:[#6]:[#6]:[#6]:1-[#6]",Closest MCS counterpart to a raw SMILES substructure query.,
p0075,size-combinations,mcs,mcs_elements_order_maximize_atoms,MCS elements/order maximize atoms,0,121543,2047574,CCOc1ccccc1C(=O)O,C=CCCS(=O)(=O)NC(=O)c1ccccc1NC(=O)[C@@H](NC(=O)OC(C)(C)C)c1ccc(Oc2cc(OC)nc(-c3ccccc3)n2)c(C=C)c1,12,51,63,12,51,63,39,12,54,1,4,ok,0.000496993,1,0.000496993,496993.000,,,,10,10,0,"[#6]-,:[#6]-[#8]-[#6]1:[#6]:[#6]:[#6]:[#6]:[#6]:1-[#6]","Same element/order comparison, but optimize atom count instead of bond count.",
p0075,size-combinations,mcs,mcs_elements_order_ring_atoms,MCS elements/order ring atoms,0,121543,2047574,CCOc1ccccc1C(=O)O,C=CCCS(=O)(=O)NC(=O)c1ccccc1NC(=O)[C@@H](NC(=O)OC(C)(C)C)c1ccc(Oc2cc(OC)nc(-c3ccccc3)n2)c(C=C)c1,12,51,63,12,51,63,39,12,54,1,4,ok,0.000508044,1,0.000508044,508044.000,,,,8,8,0,[#8&!R]-&!@[#6]1:&@[#6]:&@[#6]:&@[#6]:&@[#6]:&@[#6]:&@1-&!@[#6&!R],Ring atoms and ring bonds only match ring atoms and ring bonds.,
p0075,size-combinations,mcs,mcs_elements_order_whole_rings,MCS elements/order whole rings,0,121543,2047574,CCOc1ccccc1C(=O)O,C=CCCS(=O)(=O)NC(=O)c1ccccc1NC(=O)[C@@H](NC(=O)OC(C)(C)C)c1ccc(Oc2cc(OC)nc(-c3ccccc3)n2)c(C=C)c1,12,51,63,12,51,63,39,12,54,1,4,ok,0.000548943,1,0.000548943,548943.000,,,,9,9,0,[#6]-&!@[#8]-&!@[#6]1:&@[#6]:&@[#6]:&@[#6]:&@[#6]:&@[#6]:&@1-&!@[#6],MCS completeRingsOnly=True; partial ring MCS results are rejected.,
p0075,size-combinations,mcs,mcs_elements_order_ring_atoms_whole_rings,MCS elements/order ring atoms + whole rings,0,121543,2047574,CCOc1ccccc1C(=O)O,C=CCCS(=O)(=O)NC(=O)c1ccccc1NC(=O)[C@@H](NC(=O)OC(C)(C)C)c1ccc(Oc2cc(OC)nc(-c3ccccc3)n2)c(C=C)c1,12,51,63,12,51,63,39,12,54,1,4,ok,0.000556982,1,0.000556982,556982.000,,,,8,8,0,[#8&!R]-&!@[#6]1:&@[#6]:&@[#6]:&@[#6]:&@[#6]:&@[#6]:&@1-&!@[#6&!R],Both ringMatchesRingOnly and completeRingsOnly are enabled.,
p0075,size-combinations,substruct,substruct_smiles,Substruct raw SMILES,1,121543,2047574,CCOc1ccccc1C(=O)O,C=CCCS(=O)(=O)NC(=O)c1ccccc1NC(=O)[C@@H](NC(=O)OC(C)(C)C)c1ccc(Oc2cc(OC)nc(-c3ccccc3)n2)c(C=C)c1,12,51,63,12,51,63,39,12,54,1,4,ok,7.2505e-05,20,3.62525e-06,3625.250,has-match,0,0,,,,,Best SMILES-substructure baseline. Substructure has no direct completeRingsOnly option.,
p0075,size-combinations,substruct,substruct_elements_any_bond,Substruct elements/any bond,0,121543,2047574,CCOc1ccccc1C(=O)O,C=CCCS(=O)(=O)NC(=O)c1ccccc1NC(=O)[C@@H](NC(=O)OC(C)(C)C)c1ccc(Oc2cc(OC)nc(-c3ccccc3)n2)c(C=C)c1,12,51,63,12,51,63,39,12,54,1,4,ok,0.000111328,20,5.5664e-06,5566.400,has-match,0,0,,,,,Query keeps atom elements but uses generic bonds.,
p0075,size-combinations,substruct,substruct_any_atom_bond,Substruct any atoms/bonds,0,121543,2047574,CCOc1ccccc1C(=O)O,C=CCCS(=O)(=O)NC(=O)c1ccccc1NC(=O)[C@@H](NC(=O)OC(C)(C)C)c1ccc(Oc2cc(OC)nc(-c3ccccc3)n2)c(C=C)c1,12,51,63,12,51,63,39,12,54,1,4,ok,0.00083399,20,4.16995e-05,41699.500,has-match,1,1,,,,,"Query uses generic atoms and generic bonds, similar to CompareAny topology.",
p0075,size-combinations,substruct,substruct_ring_atoms,Substruct ring-chain atoms,0,121543,2047574,CCOc1ccccc1C(=O)O,C=CCCS(=O)(=O)NC(=O)c1ccccc1NC(=O)[C@@H](NC(=O)OC(C)(C)C)c1ccc(Oc2cc(OC)nc(-c3ccccc3)n2)c(C=C)c1,12,51,63,12,51,63,39,12,54,1,4,ok,5.4893e-05,20,2.74465e-06,2744.650,has-match,0,0,,,,,Query adds ring/chain atom constraints; closest substruct analog to ringMatchesRingOnly.,
p0076,size-combinations,mcs,mcs_any_atom_bond,MCS CompareAny atoms/bonds,0,121543,613140,CCOc1ccccc1C(=O)O,CC[C@H]1CCC[C@H](OC(=O)CCC[P+](c2ccccc2)(c2ccccc2)c2ccccc2)[C@@H](C)C(=O)C2=C[C@@H]3[C@@H](C=C[C@@H]4C[C@@H](O[C@@H]5O[C@@H](C)[C@H](OC)[C@@H](OC)[C@H]5OC)C[C@@H]34)[C@@H]2CC(=O)O1.[I-],12,67,79,12,67,79,55,12,73,1,8,ok,0.000528869,1,0.000528869,528869.000,,,,12,11,0,"[#6]-,:[#6]-,:[#8,#6]-,:[#6](:[#6]:[#6]):,-[#6,#15](:,-[#6]:,-[#6])-[#6](=,:[#8,#6])-,:[#8,#6]",Permissive MCS: any atom type and any bond type can match.,
p0076,size-combinations,mcs,mcs_elements_order,MCS elements/order,1,121543,613140,CCOc1ccccc1C(=O)O,CC[C@H]1CCC[C@H](OC(=O)CCC[P+](c2ccccc2)(c2ccccc2)c2ccccc2)[C@@H](C)C(=O)C2=C[C@@H]3[C@@H](C=C[C@@H]4C[C@@H](O[C@@H]5O[C@@H](C)[C@H](OC)[C@@H](OC)[C@H]5OC)C[C@@H]34)[C@@H]2CC(=O)O1.[I-],12,67,79,12,67,79,55,12,73,1,8,ok,0.000393726,1,0.000393726,393726.000,,,,12,11,0,"[#6]-[#6]-[#8]-[#6]:,-[#6]:,-[#6]:,-[#6]:,-[#6]:,-[#6]-[#6](=[#8])-[#8]",Closest MCS counterpart to a raw SMILES substructure query.,
p0076,size-combinations,mcs,mcs_elements_order_maximize_atoms,MCS elements/order maximize atoms,0,121543,613140,CCOc1ccccc1C(=O)O,CC[C@H]1CCC[C@H](OC(=O)CCC[P+](c2ccccc2)(c2ccccc2)c2ccccc2)[C@@H](C)C(=O)C2=C[C@@H]3[C@@H](C=C[C@@H]4C[C@@H](O[C@@H]5O[C@@H](C)[C@H](OC)[C@@H](OC)[C@H]5OC)C[C@@H]34)[C@@H]2CC(=O)O1.[I-],12,67,79,12,67,79,55,12,73,1,8,ok,0.000377134,1,0.000377134,377134.000,,,,12,11,0,"[#6]-[#6]-[#8]-[#6]:,-[#6]:,-[#6]:,-[#6]:,-[#6]:,-[#6]-[#6](=[#8])-[#8]","Same element/order comparison, but optimize atom count instead of bond count.",
p0076,size-combinations,mcs,mcs_elements_order_ring_atoms,MCS elements/order ring atoms,0,121543,613140,CCOc1ccccc1C(=O)O,CC[C@H]1CCC[C@H](OC(=O)CCC[P+](c2ccccc2)(c2ccccc2)c2ccccc2)[C@@H](C)C(=O)C2=C[C@@H]3[C@@H](C=C[C@@H]4C[C@@H](O[C@@H]5O[C@@H](C)[C@H](OC)[C@@H](OC)[C@H]5OC)C[C@@H]34)[C@@H]2CC(=O)O1.[I-],12,67,79,12,67,79,55,12,73,1,8,ok,0.000640083,1,0.000640083,640083.000,,,,10,9,0,"[#6&!R]-&!@[#6&!R]-&!@[#8&!R]-&!@[#6&R](:,-;@[#6&R]:,-;@[#6&R]:,-;@[#6&R]):,-;@[#6&R](:,-;@[#6&R])-&!@[#6&!R]",Ring atoms and ring bonds only match ring atoms and ring bonds.,
p0076,size-combinations,mcs,mcs_elements_order_whole_rings,MCS elements/order whole rings,0,121543,613140,CCOc1ccccc1C(=O)O,CC[C@H]1CCC[C@H](OC(=O)CCC[P+](c2ccccc2)(c2ccccc2)c2ccccc2)[C@@H](C)C(=O)C2=C[C@@H]3[C@@H](C=C[C@@H]4C[C@@H](O[C@@H]5O[C@@H](C)[C@H](OC)[C@@H](OC)[C@H]5OC)C[C@@H]34)[C@@H]2CC(=O)O1.[I-],12,67,79,12,67,79,55,12,73,1,8,ok,0.000659165,1,0.000659165,659165.000,,,,6,6,0,[#6]1:&@[#6]:&@[#6]:&@[#6]:&@[#6]:&@[#6]:&@1,MCS completeRingsOnly=True; partial ring MCS results are rejected.,
p0076,size-combinations,mcs,mcs_elements_order_ring_atoms_whole_rings,MCS elements/order ring atoms + whole rings,0,121543,613140,CCOc1ccccc1C(=O)O,CC[C@H]1CCC[C@H](OC(=O)CCC[P+](c2ccccc2)(c2ccccc2)c2ccccc2)[C@@H](C)C(=O)C2=C[C@@H]3[C@@H](C=C[C@@H]4C[C@@H](O[C@@H]5O[C@@H](C)[C@H](OC)[C@@H](OC)[C@H]5OC)C[C@@H]34)[C@@H]2CC(=O)O1.[I-],12,67,79,12,67,79,55,12,73,1,8,ok,0.0005979,1,0.0005979,597900.000,,,,6,6,0,[#6]1:&@[#6]:&@[#6]:&@[#6]:&@[#6]:&@[#6]:&@1,Both ringMatchesRingOnly and completeRingsOnly are enabled.,
p0076,size-combinations,substruct,substruct_smiles,Substruct raw SMILES,1,121543,613140,CCOc1ccccc1C(=O)O,CC[C@H]1CCC[C@H](OC(=O)CCC[P+](c2ccccc2)(c2ccccc2)c2ccccc2)[C@@H](C)C(=O)C2=C[C@@H]3[C@@H](C=C[C@@H]4C[C@@H](O[C@@H]5O[C@@H](C)[C@H](OC)[C@@H](OC)[C@H]5OC)C[C@@H]34)[C@@H]2CC(=O)O1.[I-],12,67,79,12,67,79,55,12,73,1,8,ok,0.000141595,20,7.07975e-06,7079.750,has-match,0,0,,,,,Best SMILES-substructure baseline. Substructure has no direct completeRingsOnly option.,
p0076,size-combinations,substruct,substruct_elements_any_bond,Substruct elements/any bond,0,121543,613140,CCOc1ccccc1C(=O)O,CC[C@H]1CCC[C@H](OC(=O)CCC[P+](c2ccccc2)(c2ccccc2)c2ccccc2)[C@@H](C)C(=O)C2=C[C@@H]3[C@@H](C=C[C@@H]4C[C@@H](O[C@@H]5O[C@@H](C)[C@H](OC)[C@@H](OC)[C@H]5OC)C[C@@H]34)[C@@H]2CC(=O)O1.[I-],12,67,79,12,67,79,55,12,73,1,8,ok,0.000209042,20,1.04521e-05,10452.100,has-match,0,0,,,,,Query keeps atom elements but uses generic bonds.,
p0076,size-combinations,substruct,substruct_any_atom_bond,Substruct any atoms/bonds,0,121543,613140,CCOc1ccccc1C(=O)O,CC[C@H]1CCC[C@H](OC(=O)CCC[P+](c2ccccc2)(c2ccccc2)c2ccccc2)[C@@H](C)C(=O)C2=C[C@@H]3[C@@H](C=C[C@@H]4C[C@@H](O[C@@H]5O[C@@H](C)[C@H](OC)[C@@H](OC)[C@H]5OC)C[C@@H]34)[C@@H]2CC(=O)O1.[I-],12,67,79,12,67,79,55,12,73,1,8,ok,0.001701696,20,8.50848e-05,85084.800,has-match,0,0,,,,,"Query uses generic atoms and generic bonds, similar to CompareAny topology.",
p0076,size-combinations,substruct,substruct_ring_atoms,Substruct ring-chain atoms,0,121543,613140,CCOc1ccccc1C(=O)O,CC[C@H]1CCC[C@H](OC(=O)CCC[P+](c2ccccc2)(c2ccccc2)c2ccccc2)[C@@H](C)C(=O)C2=C[C@@H]3[C@@H](C=C[C@@H]4C[C@@H](O[C@@H]5O[C@@H](C)[C@H](OC)[C@@H](OC)[C@H]5OC)C[C@@H]34)[C@@H]2CC(=O)O1.[I-],12,67,79,12,67,79,55,12,73,1,8,ok,5.5104e-05,20,2.7552e-06,2755.200,has-match,0,0,,,,,Query adds ring/chain atom constraints; closest substruct analog to ringMatchesRingOnly.,
p0077,size-combinations,mcs,mcs_any_atom_bond,MCS CompareAny atoms/bonds,0,880924,307975,CC(C)Nc1nccnc1C(=O)[O-].[Na+],COC1=CC(=O)N(C(=O)/C=C/[C@H](C)NC(=O)[C@H](CC(C)C)NC(=O)[C@H](CC2CCCCC2)NC(=O)C2CCN(C)CC2)[C@H]1Cc1c[nH]c2ccccc12.O=C(O)C(F)(F)F,14,60,74,14,60,74,46,13,63,1,5,ok,0.000577847,1,0.000577847,577847.000,,,,13,12,0,"[#6]-,:[#6](-,:[#6])-[#7,#6]-[#6](:,-[#7,#6]:,-[#6,#8]):,-[#6,#7](:,-[#7,#6]:,-[#6])-[#6](=[#8])-[#8,#6]",Permissive MCS: any atom type and any bond type can match.,
p0077,size-combinations,mcs,mcs_elements_order,MCS elements/order,1,880924,307975,CC(C)Nc1nccnc1C(=O)[O-].[Na+],COC1=CC(=O)N(C(=O)/C=C/[C@H](C)NC(=O)[C@H](CC(C)C)NC(=O)[C@H](CC2CCCCC2)NC(=O)C2CCN(C)CC2)[C@H]1Cc1c[nH]c2ccccc12.O=C(O)C(F)(F)F,14,60,74,14,60,74,46,13,63,1,5,ok,0.000401251,1,0.000401251,401251.000,,,,11,10,0,"[#6]-[#6](-[#6])-[#7]-[#6]:,-[#6](:,-[#7]:,-[#6]:,-[#6]:,-[#7])-[#6]",Closest MCS counterpart to a raw SMILES substructure query.,
p0077,size-combinations,mcs,mcs_elements_order_maximize_atoms,MCS elements/order maximize atoms,0,880924,307975,CC(C)Nc1nccnc1C(=O)[O-].[Na+],COC1=CC(=O)N(C(=O)/C=C/[C@H](C)NC(=O)[C@H](CC(C)C)NC(=O)[C@H](CC2CCCCC2)NC(=O)C2CCN(C)CC2)[C@H]1Cc1c[nH]c2ccccc12.O=C(O)C(F)(F)F,14,60,74,14,60,74,46,13,63,1,5,ok,0.000366979,1,0.000366979,366979.000,,,,11,10,0,"[#6]-[#6](-[#6])-[#7]-[#6]:,-[#6](:,-[#7]:,-[#6]:,-[#6]:,-[#7])-[#6]","Same element/order comparison, but optimize atom count instead of bond count.",
p0077,size-combinations,mcs,mcs_elements_order_ring_atoms,MCS elements/order ring atoms,0,880924,307975,CC(C)Nc1nccnc1C(=O)[O-].[Na+],COC1=CC(=O)N(C(=O)/C=C/[C@H](C)NC(=O)[C@H](CC(C)C)NC(=O)[C@H](CC2CCCCC2)NC(=O)C2CCN(C)CC2)[C@H]1Cc1c[nH]c2ccccc12.O=C(O)C(F)(F)F,14,60,74,14,60,74,46,13,63,1,5,ok,0.000286034,1,0.000286034,286034.000,,,,6,5,0,[#6&R](:&@[#7&R]:&@[#6&R]:&@[#6&R]):&@[#6&R]-&!@[#6&!R],Ring atoms and ring bonds only match ring atoms and ring bonds.,
p0077,size-combinations,mcs,mcs_elements_order_whole_rings,MCS elements/order whole rings,0,880924,307975,CC(C)Nc1nccnc1C(=O)[O-].[Na+],COC1=CC(=O)N(C(=O)/C=C/[C@H](C)NC(=O)[C@H](CC(C)C)NC(=O)[C@H](CC2CCCCC2)NC(=O)C2CCN(C)CC2)[C@H]1Cc1c[nH]c2ccccc12.O=C(O)C(F)(F)F,14,60,74,14,60,74,46,13,63,1,5,ok,0.000295996,1,0.000295996,295996.000,,,,5,4,0,[#6]-&!@[#6](-&!@[#6])-&!@[#7]-&!@[#6],MCS completeRingsOnly=True; partial ring MCS results are rejected.,
p0077,size-combinations,mcs,mcs_elements_order_ring_atoms_whole_rings,MCS elements/order ring atoms + whole rings,0,880924,307975,CC(C)Nc1nccnc1C(=O)[O-].[Na+],COC1=CC(=O)N(C(=O)/C=C/[C@H](C)NC(=O)[C@H](CC(C)C)NC(=O)[C@H](CC2CCCCC2)NC(=O)C2CCN(C)CC2)[C@H]1Cc1c[nH]c2ccccc12.O=C(O)C(F)(F)F,14,60,74,14,60,74,46,13,63,1,5,ok,0.000219968,1,0.000219968,219968.000,,,,4,3,0,[#6&!R]-&!@[#6&!R](-&!@[#6&!R])-&!@[#7&!R],Both ringMatchesRingOnly and completeRingsOnly are enabled.,
p0077,size-combinations,substruct,substruct_smiles,Substruct raw SMILES,1,880924,307975,CC(C)Nc1nccnc1C(=O)[O-].[Na+],COC1=CC(=O)N(C(=O)/C=C/[C@H](C)NC(=O)[C@H](CC(C)C)NC(=O)[C@H](CC2CCCCC2)NC(=O)C2CCN(C)CC2)[C@H]1Cc1c[nH]c2ccccc12.O=C(O)C(F)(F)F,14,60,74,14,60,74,46,13,63,1,5,ok,0.000105084,20,5.2542e-06,5254.200,has-match,0,0,,,,,Best SMILES-substructure baseline. Substructure has no direct completeRingsOnly option.,
p0077,size-combinations,substruct,substruct_elements_any_bond,Substruct elements/any bond,0,880924,307975,CC(C)Nc1nccnc1C(=O)[O-].[Na+],COC1=CC(=O)N(C(=O)/C=C/[C@H](C)NC(=O)[C@H](CC(C)C)NC(=O)[C@H](CC2CCCCC2)NC(=O)C2CCN(C)CC2)[C@H]1Cc1c[nH]c2ccccc12.O=C(O)C(F)(F)F,14,60,74,14,60,74,46,13,63,1,5,ok,0.000118997,20,5.94985e-06,5949.850,has-match,0,0,,,,,Query keeps atom elements but uses generic bonds.,
p0077,size-combinations,substruct,substruct_any_atom_bond,Substruct any atoms/bonds,0,880924,307975,CC(C)Nc1nccnc1C(=O)[O-].[Na+],COC1=CC(=O)N(C(=O)/C=C/[C@H](C)NC(=O)[C@H](CC(C)C)NC(=O)[C@H](CC2CCCCC2)NC(=O)C2CCN(C)CC2)[C@H]1Cc1c[nH]c2ccccc12.O=C(O)C(F)(F)F,14,60,74,14,60,74,46,13,63,1,5,ok,0.000591556,20,2.95778e-05,29577.800,has-match,0,0,,,,,"Query uses generic atoms and generic bonds, similar to CompareAny topology.",
p0077,size-combinations,substruct,substruct_ring_atoms,Substruct ring-chain atoms,0,880924,307975,CC(C)Nc1nccnc1C(=O)[O-].[Na+],COC1=CC(=O)N(C(=O)/C=C/[C@H](C)NC(=O)[C@H](CC(C)C)NC(=O)[C@H](CC2CCCCC2)NC(=O)C2CCN(C)CC2)[C@H]1Cc1c[nH]c2ccccc12.O=C(O)C(F)(F)F,14,60,74,14,60,74,46,13,63,1,5,ok,7.9858e-05,20,3.9929e-06,3992.900,has-match,0,0,,,,,Query adds ring/chain atom constraints; closest substruct analog to ringMatchesRingOnly.,
p0078,size-combinations,mcs,mcs_any_atom_bond,MCS CompareAny atoms/bonds,0,1902780,1351648,CCCCNC(=O)/C=C/c1ccccc1,Nc1ncnc2c1nc(-c1cnn(CCOCCOCCOCCOCCOCCCCCCCl)c1)n2Cc1ccc(F)cc1,15,45,60,15,45,60,30,15,48,1,4,ok,0.000175307,1,0.000175307,175307.000,,,,15,15,0,"[#6,#7]-[#6]-,:[#6,#7]-,:[#6]-,:[#7]-,:[#6](=,:[#8,#6])-,:[#6,#7]=,-[#6]-[#6]1:[#6]:[#6]:[#6]:[#6]:[#6]:1",Permissive MCS: any atom type and any bond type can match.,
p0078,size-combinations,mcs,mcs_elements_order,MCS elements/order,1,1902780,1351648,CCCCNC(=O)/C=C/c1ccccc1,Nc1ncnc2c1nc(-c1cnn(CCOCCOCCOCCOCCOCCCCCCCl)c1)n2Cc1ccc(F)cc1,15,45,60,15,45,60,30,15,48,1,4,ok,0.000191507,1,0.000191507,191507.000,,,,7,7,0,[#6]-[#6]1:[#6]:[#6]:[#6]:[#6]:[#6]:1,Closest MCS counterpart to a raw SMILES substructure query.,
p0078,size-combinations,mcs,mcs_elements_order_maximize_atoms,MCS elements/order maximize atoms,0,1902780,1351648,CCCCNC(=O)/C=C/c1ccccc1,Nc1ncnc2c1nc(-c1cnn(CCOCCOCCOCCOCCOCCCCCCCl)c1)n2Cc1ccc(F)cc1,15,45,60,15,45,60,30,15,48,1,4,ok,0.000198477,1,0.000198477,198477.000,,,,7,7,0,[#6]-[#6]1:[#6]:[#6]:[#6]:[#6]:[#6]:1,"Same element/order comparison, but optimize atom count instead of bond count.",
p0078,size-combinations,mcs,mcs_elements_order_ring_atoms,MCS elements/order ring atoms,0,1902780,1351648,CCCCNC(=O)/C=C/c1ccccc1,Nc1ncnc2c1nc(-c1cnn(CCOCCOCCOCCOCCOCCCCCCCl)c1)n2Cc1ccc(F)cc1,15,45,60,15,45,60,30,15,48,1,4,ok,0.000154876,1,0.000154876,154876.000,,,,7,7,0,[#6&!R]-&!@[#6]1:&@[#6]:&@[#6]:&@[#6]:&@[#6]:&@[#6]:&@1,Ring atoms and ring bonds only match ring atoms and ring bonds.,
p0078,size-combinations,mcs,mcs_elements_order_whole_rings,MCS elements/order whole rings,0,1902780,1351648,CCCCNC(=O)/C=C/c1ccccc1,Nc1ncnc2c1nc(-c1cnn(CCOCCOCCOCCOCCOCCCCCCCl)c1)n2Cc1ccc(F)cc1,15,45,60,15,45,60,30,15,48,1,4,ok,0.000191525,1,0.000191525,191525.000,,,,7,7,0,[#6]-&!@[#6]1:&@[#6]:&@[#6]:&@[#6]:&@[#6]:&@[#6]:&@1,MCS completeRingsOnly=True; partial ring MCS results are rejected.,
p0078,size-combinations,mcs,mcs_elements_order_ring_atoms_whole_rings,MCS elements/order ring atoms + whole rings,0,1902780,1351648,CCCCNC(=O)/C=C/c1ccccc1,Nc1ncnc2c1nc(-c1cnn(CCOCCOCCOCCOCCOCCCCCCCl)c1)n2Cc1ccc(F)cc1,15,45,60,15,45,60,30,15,48,1,4,ok,0.000162884,1,0.000162884,162884.000,,,,7,7,0,[#6&!R]-&!@[#6]1:&@[#6]:&@[#6]:&@[#6]:&@[#6]:&@[#6]:&@1,Both ringMatchesRingOnly and completeRingsOnly are enabled.,
p0078,size-combinations,substruct,substruct_smiles,Substruct raw SMILES,1,1902780,1351648,CCCCNC(=O)/C=C/c1ccccc1,Nc1ncnc2c1nc(-c1cnn(CCOCCOCCOCCOCCOCCCCCCCl)c1)n2Cc1ccc(F)cc1,15,45,60,15,45,60,30,15,48,1,4,ok,7.1021e-05,20,3.55105e-06,3551.050,has-match,0,0,,,,,Best SMILES-substructure baseline. Substructure has no direct completeRingsOnly option.,
p0078,size-combinations,substruct,substruct_elements_any_bond,Substruct elements/any bond,0,1902780,1351648,CCCCNC(=O)/C=C/c1ccccc1,Nc1ncnc2c1nc(-c1cnn(CCOCCOCCOCCOCCOCCCCCCCl)c1)n2Cc1ccc(F)cc1,15,45,60,15,45,60,30,15,48,1,4,ok,0.000119893,20,5.99465e-06,5994.650,has-match,0,0,,,,,Query keeps atom elements but uses generic bonds.,
p0078,size-combinations,substruct,substruct_any_atom_bond,Substruct any atoms/bonds,0,1902780,1351648,CCCCNC(=O)/C=C/c1ccccc1,Nc1ncnc2c1nc(-c1cnn(CCOCCOCCOCCOCCOCCCCCCCl)c1)n2Cc1ccc(F)cc1,15,45,60,15,45,60,30,15,48,1,4,ok,0.001411564,20,7.05782e-05,70578.200,has-match,1,1,,,,,"Query uses generic atoms and generic bonds, similar to CompareAny topology.",
p0078,size-combinations,substruct,substruct_ring_atoms,Substruct ring-chain atoms,0,1902780,1351648,CCCCNC(=O)/C=C/c1ccccc1,Nc1ncnc2c1nc(-c1cnn(CCOCCOCCOCCOCCOCCCCCCCl)c1)n2Cc1ccc(F)cc1,15,45,60,15,45,60,30,15,48,1,4,ok,7.0566e-05,20,3.5283e-06,3528.300,has-match,0,0,,,,,Query adds ring/chain atom constraints; closest substruct analog to ringMatchesRingOnly.,
p0079,size-combinations,mcs,mcs_any_atom_bond,MCS CompareAny atoms/bonds,0,1298790,133196,CCCc1c(O)nc2c(C)cccc2c1C,CCCCCCCC/C=C/CCCCCCCC(=O)OCC(COCc1ccc(C(=O)C(C)(C)C)cc1)OC(=O)CCCCCCC/C=C/CCCCCCCC,16,57,73,16,57,73,41,17,57,2,1,ok,0.003422401,1,0.003422401,3422401.000,,,,16,15,0,"[#6]-[#6]-[#6]-[#6]:,-[#6](-,=[#8]):,-[#7,#8]:,-[#6]:,-[#6](-[#6]):,-[#6,#8]:,-[#6]:,-[#6]:,-[#6]:,-[#6]-[#6]",Permissive MCS: any atom type and any bond type can match.,
p0079,size-combinations,mcs,mcs_elements_order,MCS elements/order,1,1298790,133196,CCCc1c(O)nc2c(C)cccc2c1C,CCCCCCCC/C=C/CCCCCCCC(=O)OCC(COCc1ccc(C(=O)C(C)(C)C)cc1)OC(=O)CCCCCCC/C=C/CCCCCCCC,16,57,73,16,57,73,41,17,57,2,1,ok,0.001678373,1,0.001678373,1678373.000,,,,11,10,0,"[#6]-,:[#6]-,:[#6](:,-[#6]-[#8]):[#6]:[#6]:[#6]:,-[#6]:,-[#6]:,-[#6]",Closest MCS counterpart to a raw SMILES substructure query.,
p0079,size-combinations,mcs,mcs_elements_order_maximize_atoms,MCS elements/order maximize atoms,0,1298790,133196,CCCc1c(O)nc2c(C)cccc2c1C,CCCCCCCC/C=C/CCCCCCCC(=O)OCC(COCc1ccc(C(=O)C(C)(C)C)cc1)OC(=O)CCCCCCC/C=C/CCCCCCCC,16,57,73,16,57,73,41,17,57,2,1,ok,0.001649941,1,0.001649941,1649941.000,,,,11,10,0,"[#6]-,:[#6]-,:[#6](:,-[#6]-[#8]):[#6]:[#6]:[#6]:,-[#6]:,-[#6]:,-[#6]","Same element/order comparison, but optimize atom count instead of bond count.",
p0079,size-combinations,mcs,mcs_elements_order_ring_atoms,MCS elements/order ring atoms,0,1298790,133196,CCCc1c(O)nc2c(C)cccc2c1C,CCCCCCCC/C=C/CCCCCCCC(=O)OCC(COCc1ccc(C(=O)C(C)(C)C)cc1)OC(=O)CCCCCCC/C=C/CCCCCCCC,16,57,73,16,57,73,41,17,57,2,1,ok,0.000853773,1,0.000853773,853773.000,,,,9,8,0,[#6&!R]-&!@[#6&!R]-&!@[#6&!R]-&!@[#6&R](:&@[#6&R]):&@[#6&R]:&@[#6&R]:&@[#6&R]:&@[#6&R],Ring atoms and ring bonds only match ring atoms and ring bonds.,
p0079,size-combinations,mcs,mcs_elements_order_whole_rings,MCS elements/order whole rings,0,1298790,133196,CCCc1c(O)nc2c(C)cccc2c1C,CCCCCCCC/C=C/CCCCCCCC(=O)OCC(COCc1ccc(C(=O)C(C)(C)C)cc1)OC(=O)CCCCCCC/C=C/CCCCCCCC,16,57,73,16,57,73,41,17,57,2,1,ok,0.00093593,1,0.00093593,935930.000,,,,7,7,0,[#6]1:&@[#6](-&!@[#6]):&@[#6]:&@[#6]:&@[#6]:&@[#6]:&@1,MCS completeRingsOnly=True; partial ring MCS results are rejected.,
p0079,size-combinations,mcs,mcs_elements_order_ring_atoms_whole_rings,MCS elements/order ring atoms + whole rings,0,1298790,133196,CCCc1c(O)nc2c(C)cccc2c1C,CCCCCCCC/C=C/CCCCCCCC(=O)OCC(COCc1ccc(C(=O)C(C)(C)C)cc1)OC(=O)CCCCCCC/C=C/CCCCCCCC,16,57,73,16,57,73,41,17,57,2,1,ok,0.00076487,1,0.00076487,764870.000,,,,7,7,0,[#6]1:&@[#6](-&!@[#6&!R]):&@[#6]:&@[#6]:&@[#6]:&@[#6]:&@1,Both ringMatchesRingOnly and completeRingsOnly are enabled.,
p0079,size-combinations,substruct,substruct_smiles,Substruct raw SMILES,1,1298790,133196,CCCc1c(O)nc2c(C)cccc2c1C,CCCCCCCC/C=C/CCCCCCCC(=O)OCC(COCc1ccc(C(=O)C(C)(C)C)cc1)OC(=O)CCCCCCC/C=C/CCCCCCCC,16,57,73,16,57,73,41,17,57,2,1,ok,0.000142475,20,7.12375e-06,7123.750,has-match,0,0,,,,,Best SMILES-substructure baseline. Substructure has no direct completeRingsOnly option.,
p0079,size-combinations,substruct,substruct_elements_any_bond,Substruct elements/any bond,0,1298790,133196,CCCc1c(O)nc2c(C)cccc2c1C,CCCCCCCC/C=C/CCCCCCCC(=O)OCC(COCc1ccc(C(=O)C(C)(C)C)cc1)OC(=O)CCCCCCC/C=C/CCCCCCCC,16,57,73,16,57,73,41,17,57,2,1,ok,0.000174294,20,8.7147e-06,8714.700,has-match,0,0,,,,,Query keeps atom elements but uses generic bonds.,
p0079,size-combinations,substruct,substruct_any_atom_bond,Substruct any atoms/bonds,0,1298790,133196,CCCc1c(O)nc2c(C)cccc2c1C,CCCCCCCC/C=C/CCCCCCCC(=O)OCC(COCc1ccc(C(=O)C(C)(C)C)cc1)OC(=O)CCCCCCC/C=C/CCCCCCCC,16,57,73,16,57,73,41,17,57,2,1,ok,0.00022804,20,1.1402e-05,11402.000,has-match,0,0,,,,,"Query uses generic atoms and generic bonds, similar to CompareAny topology.",
p0079,size-combinations,substruct,substruct_ring_atoms,Substruct ring-chain atoms,0,1298790,133196,CCCc1c(O)nc2c(C)cccc2c1C,CCCCCCCC/C=C/CCCCCCCC(=O)OCC(COCc1ccc(C(=O)C(C)(C)C)cc1)OC(=O)CCCCCCC/C=C/CCCCCCCC,16,57,73,16,57,73,41,17,57,2,1,ok,0.000169434,20,8.4717e-06,8471.700,has-match,0,0,,,,,Query adds ring/chain atom constraints; closest substruct analog to ringMatchesRingOnly.,
p0080,size-combinations,mcs,mcs_any_atom_bond,MCS CompareAny atoms/bonds,0,308509,1904304,Nc1nc(O)c2ncn(C[C@H]3C[C@H]3CO)c2n1,COC(=O)C(C)Oc1ccc(Oc2ncc(Cl)cc2Cl)cc1,17,22,39,17,22,39,5,19,23,3,2,ok,0.003261728,1,0.003261728,3261728.000,,,,17,17,0,"[#7,#17]-[#6]1:[#7,#6]:[#6](-[#8,#17]):[#6](:[#6,#7]:[#7,#6]:1):,-[#7,#8]:,-[#6]:[#7,#6]-,:[#6]-,:[#6](-,:[#6])-[#6,#8]-[#6]-[#8,#6]",Permissive MCS: any atom type and any bond type can match.,
p0080,size-combinations,mcs,mcs_elements_order,MCS elements/order,1,308509,1904304,Nc1nc(O)c2ncn(C[C@H]3C[C@H]3CO)c2n1,COC(=O)C(C)Oc1ccc(Oc2ncc(Cl)cc2Cl)cc1,17,22,39,17,22,39,5,19,23,3,2,ok,0.000480813,1,0.000480813,480813.000,,,,7,6,0,"[#7]-,:[#6]-,:[#6]-,:[#6]-,:[#6]-,:[#6]-[#8]",Closest MCS counterpart to a raw SMILES substructure query.,
p0080,size-combinations,mcs,mcs_elements_order_maximize_atoms,MCS elements/order maximize atoms,0,308509,1904304,Nc1nc(O)c2ncn(C[C@H]3C[C@H]3CO)c2n1,COC(=O)C(C)Oc1ccc(Oc2ncc(Cl)cc2Cl)cc1,17,22,39,17,22,39,5,19,23,3,2,ok,0.000427398,1,0.000427398,427398.000,,,,7,6,0,"[#7]-,:[#6]-,:[#6]-,:[#6]-,:[#6]-,:[#6]-[#8]","Same element/order comparison, but optimize atom count instead of bond count.",
p0080,size-combinations,mcs,mcs_elements_order_ring_atoms,MCS elements/order ring atoms,0,308509,1904304,Nc1nc(O)c2ncn(C[C@H]3C[C@H]3CO)c2n1,COC(=O)C(C)Oc1ccc(Oc2ncc(Cl)cc2Cl)cc1,17,22,39,17,22,39,5,19,23,3,2,ok,0.000269452,1,0.000269452,269452.000,,,,6,5,0,[#6&R]:&@[#7&R]:&@[#6&R](-&!@[#8&!R]):&@[#6&R]:&@[#6&R],Ring atoms and ring bonds only match ring atoms and ring bonds.,
p0080,size-combinations,mcs,mcs_elements_order_whole_rings,MCS elements/order whole rings,0,308509,1904304,Nc1nc(O)c2ncn(C[C@H]3C[C@H]3CO)c2n1,COC(=O)C(C)Oc1ccc(Oc2ncc(Cl)cc2Cl)cc1,17,22,39,17,22,39,5,19,23,3,2,ok,0.000258035,1,0.000258035,258035.000,,,,3,2,0,[#6]-&!@[#6]-&!@[#8],MCS completeRingsOnly=True; partial ring MCS results are rejected.,
p0080,size-combinations,mcs,mcs_elements_order_ring_atoms_whole_rings,MCS elements/order ring atoms + whole rings,0,308509,1904304,Nc1nc(O)c2ncn(C[C@H]3C[C@H]3CO)c2n1,COC(=O)C(C)Oc1ccc(Oc2ncc(Cl)cc2Cl)cc1,17,22,39,17,22,39,5,19,23,3,2,ok,0.000248027,1,0.000248027,248027.000,,,,2,1,0,[#6&!R]-&!@[#8&!R],Both ringMatchesRingOnly and completeRingsOnly are enabled.,
p0080,size-combinations,substruct,substruct_smiles,Substruct raw SMILES,1,308509,1904304,Nc1nc(O)c2ncn(C[C@H]3C[C@H]3CO)c2n1,COC(=O)C(C)Oc1ccc(Oc2ncc(Cl)cc2Cl)cc1,17,22,39,17,22,39,5,19,23,3,2,ok,1.8613e-05,20,9.3065e-07,930.650,has-match,0,0,,,,,Best SMILES-substructure baseline. Substructure has no direct completeRingsOnly option.,
p0080,size-combinations,substruct,substruct_elements_any_bond,Substruct elements/any bond,0,308509,1904304,Nc1nc(O)c2ncn(C[C@H]3C[C@H]3CO)c2n1,COC(=O)C(C)Oc1ccc(Oc2ncc(Cl)cc2Cl)cc1,17,22,39,17,22,39,5,19,23,3,2,ok,1.7366e-05,20,8.683e-07,868.300,has-match,0,0,,,,,Query keeps atom elements but uses generic bonds.,
p0080,size-combinations,substruct,substruct_any_atom_bond,Substruct any atoms/bonds,0,308509,1904304,Nc1nc(O)c2ncn(C[C@H]3C[C@H]3CO)c2n1,COC(=O)C(C)Oc1ccc(Oc2ncc(Cl)cc2Cl)cc1,17,22,39,17,22,39,5,19,23,3,2,ok,0.000115217,20,5.76085e-06,5760.850,has-match,0,0,,,,,"Query uses generic atoms and generic bonds, similar to CompareAny topology.",
p0080,size-combinations,substruct,substruct_ring_atoms,Substruct ring-chain atoms,0,308509,1904304,Nc1nc(O)c2ncn(C[C@H]3C[C@H]3CO)c2n1,COC(=O)C(C)Oc1ccc(Oc2ncc(Cl)cc2Cl)cc1,17,22,39,17,22,39,5,19,23,3,2,ok,2.1267e-05,20,1.06335e-06,1063.350,has-match,0,0,,,,,Query adds ring/chain atom constraints; closest substruct analog to ringMatchesRingOnly.,
p0081,size-combinations,mcs,mcs_any_atom_bond,MCS CompareAny atoms/bonds,0,308509,1788144,Nc1nc(O)c2ncn(C[C@H]3C[C@H]3CO)c2n1,CO[C@@H]1[C@H](O)C[C@@H](O[C@@H]2C[C@H](Oc3cc4cc5c(c(O)c4c(O)c3C)C(=O)[C@@H](O[C@H]3C[C@@H](O[C@H]4C[C@@H](O[C@H]6C[C@](C)(O)[C@@H](OC(C)=O)[C@H](C)O6)[C@H](O)[C@@H](C)O4)[C@H](O)[C@@H](C)O3)[C@H]([C@H](OC)C(=O)[C@@H](O)[C@@H](C)O)C5)O[C@H](C)[C@@H]2OC(C)=O)O[C@@H]1C,17,83,100,17,83,100,66,19,90,3,8,ok,0.012105045,1,0.012105045,12105045.000,,,,17,17,0,"[#7,#6]-,:[#6]1:[#7,#6]:[#6](-[#8]):[#6](:[#6](:[#7,#6]:1):,-[#7,#6]-[#6]-[#6](-[#6,#8])-[#6]-[#6]-[#8]):,-[#7,#6]:,=[#6,#8]",Permissive MCS: any atom type and any bond type can match.,
p0081,size-combinations,mcs,mcs_elements_order,MCS elements/order,1,308509,1788144,Nc1nc(O)c2ncn(C[C@H]3C[C@H]3CO)c2n1,CO[C@@H]1[C@H](O)C[C@@H](O[C@@H]2C[C@H](Oc3cc4cc5c(c(O)c4c(O)c3C)C(=O)[C@@H](O[C@H]3C[C@@H](O[C@H]4C[C@@H](O[C@H]6C[C@](C)(O)[C@@H](OC(C)=O)[C@H](C)O6)[C@H](O)[C@@H](C)O4)[C@H](O)[C@@H](C)O3)[C@H]([C@H](OC)C(=O)[C@@H](O)[C@@H](C)O)C5)O[C@H](C)[C@@H]2OC(C)=O)O[C@@H]1C,17,83,100,17,83,100,66,19,90,3,8,ok,0.000371644,1,0.000371644,371644.000,,,,6,5,0,"[#6]-,:[#6](-,:[#6])-,:[#6]-,:[#6]-[#8]",Closest MCS counterpart to a raw SMILES substructure query.,
p0081,size-combinations,mcs,mcs_elements_order_maximize_atoms,MCS elements/order maximize atoms,0,308509,1788144,Nc1nc(O)c2ncn(C[C@H]3C[C@H]3CO)c2n1,CO[C@@H]1[C@H](O)C[C@@H](O[C@@H]2C[C@H](Oc3cc4cc5c(c(O)c4c(O)c3C)C(=O)[C@@H](O[C@H]3C[C@@H](O[C@H]4C[C@@H](O[C@H]6C[C@](C)(O)[C@@H](OC(C)=O)[C@H](C)O6)[C@H](O)[C@@H](C)O4)[C@H](O)[C@@H](C)O3)[C@H]([C@H](OC)C(=O)[C@@H](O)[C@@H](C)O)C5)O[C@H](C)[C@@H]2OC(C)=O)O[C@@H]1C,17,83,100,17,83,100,66,19,90,3,8,ok,0.000277394,1,0.000277394,277394.000,,,,6,5,0,"[#6]-,:[#6](-,:[#6])-,:[#6]-,:[#6]-[#8]","Same element/order comparison, but optimize atom count instead of bond count.",
p0081,size-combinations,mcs,mcs_elements_order_ring_atoms,MCS elements/order ring atoms,0,308509,1788144,Nc1nc(O)c2ncn(C[C@H]3C[C@H]3CO)c2n1,CO[C@@H]1[C@H](O)C[C@@H](O[C@@H]2C[C@H](Oc3cc4cc5c(c(O)c4c(O)c3C)C(=O)[C@@H](O[C@H]3C[C@@H](O[C@H]4C[C@@H](O[C@H]6C[C@](C)(O)[C@@H](OC(C)=O)[C@H](C)O6)[C@H](O)[C@@H](C)O4)[C@H](O)[C@@H](C)O3)[C@H]([C@H](OC)C(=O)[C@@H](O)[C@@H](C)O)C5)O[C@H](C)[C@@H]2OC(C)=O)O[C@@H]1C,17,83,100,17,83,100,66,19,90,3,8,ok,0.000309382,1,0.000309382,309382.000,,,,5,4,0,[#6&!R]-&!@[#6&R]-&@[#6&R]-&@[#6&R]-&!@[#6&!R],Ring atoms and ring bonds only match ring atoms and ring bonds.,
p0081,size-combinations,mcs,mcs_elements_order_whole_rings,MCS elements/order whole rings,0,308509,1788144,Nc1nc(O)c2ncn(C[C@H]3C[C@H]3CO)c2n1,CO[C@@H]1[C@H](O)C[C@@H](O[C@@H]2C[C@H](Oc3cc4cc5c(c(O)c4c(O)c3C)C(=O)[C@@H](O[C@H]3C[C@@H](O[C@H]4C[C@@H](O[C@H]6C[C@](C)(O)[C@@H](OC(C)=O)[C@H](C)O6)[C@H](O)[C@@H](C)O4)[C@H](O)[C@@H](C)O3)[C@H]([C@H](OC)C(=O)[C@@H](O)[C@@H](C)O)C5)O[C@H](C)[C@@H]2OC(C)=O)O[C@@H]1C,17,83,100,17,83,100,66,19,90,3,8,ok,0.000267725,1,0.000267725,267725.000,,,,3,2,0,[#6]-&!@[#6]-&!@[#8],MCS completeRingsOnly=True; partial ring MCS results are rejected.,
p0081,size-combinations,mcs,mcs_elements_order_ring_atoms_whole_rings,MCS elements/order ring atoms + whole rings,0,308509,1788144,Nc1nc(O)c2ncn(C[C@H]3C[C@H]3CO)c2n1,CO[C@@H]1[C@H](O)C[C@@H](O[C@@H]2C[C@H](Oc3cc4cc5c(c(O)c4c(O)c3C)C(=O)[C@@H](O[C@H]3C[C@@H](O[C@H]4C[C@@H](O[C@H]6C[C@](C)(O)[C@@H](OC(C)=O)[C@H](C)O6)[C@H](O)[C@@H](C)O4)[C@H](O)[C@@H](C)O3)[C@H]([C@H](OC)C(=O)[C@@H](O)[C@@H](C)O)C5)O[C@H](C)[C@@H]2OC(C)=O)O[C@@H]1C,17,83,100,17,83,100,66,19,90,3,8,ok,0.000258289,1,0.000258289,258289.000,,,,3,2,0,[#6&R]-&!@[#6&!R]-&!@[#8&!R],Both ringMatchesRingOnly and completeRingsOnly are enabled.,
p0081,size-combinations,substruct,substruct_smiles,Substruct raw SMILES,1,308509,1788144,Nc1nc(O)c2ncn(C[C@H]3C[C@H]3CO)c2n1,CO[C@@H]1[C@H](O)C[C@@H](O[C@@H]2C[C@H](Oc3cc4cc5c(c(O)c4c(O)c3C)C(=O)[C@@H](O[C@H]3C[C@@H](O[C@H]4C[C@@H](O[C@H]6C[C@](C)(O)[C@@H](OC(C)=O)[C@H](C)O6)[C@H](O)[C@@H](C)O4)[C@H](O)[C@@H](C)O3)[C@H]([C@H](OC)C(=O)[C@@H](O)[C@@H](C)O)C5)O[C@H](C)[C@@H]2OC(C)=O)O[C@@H]1C,17,83,100,17,83,100,66,19,90,3,8,ok,2.7798e-05,20,1.3899e-06,1389.900,has-match,0,0,,,,,Best SMILES-substructure baseline. Substructure has no direct completeRingsOnly option.,
p0081,size-combinations,substruct,substruct_elements_any_bond,Substruct elements/any bond,0,308509,1788144,Nc1nc(O)c2ncn(C[C@H]3C[C@H]3CO)c2n1,CO[C@@H]1[C@H](O)C[C@@H](O[C@@H]2C[C@H](Oc3cc4cc5c(c(O)c4c(O)c3C)C(=O)[C@@H](O[C@H]3C[C@@H](O[C@H]4C[C@@H](O[C@H]6C[C@](C)(O)[C@@H](OC(C)=O)[C@H](C)O6)[C@H](O)[C@@H](C)O4)[C@H](O)[C@@H](C)O3)[C@H]([C@H](OC)C(=O)[C@@H](O)[C@@H](C)O)C5)O[C@H](C)[C@@H]2OC(C)=O)O[C@@H]1C,17,83,100,17,83,100,66,19,90,3,8,ok,2.6931e-05,20,1.34655e-06,1346.550,has-match,0,0,,,,,Query keeps atom elements but uses generic bonds.,
p0081,size-combinations,substruct,substruct_any_atom_bond,Substruct any atoms/bonds,0,308509,1788144,Nc1nc(O)c2ncn(C[C@H]3C[C@H]3CO)c2n1,CO[C@@H]1[C@H](O)C[C@@H](O[C@@H]2C[C@H](Oc3cc4cc5c(c(O)c4c(O)c3C)C(=O)[C@@H](O[C@H]3C[C@@H](O[C@H]4C[C@@H](O[C@H]6C[C@](C)(O)[C@@H](OC(C)=O)[C@H](C)O6)[C@H](O)[C@@H](C)O4)[C@H](O)[C@@H](C)O3)[C@H]([C@H](OC)C(=O)[C@@H](O)[C@@H](C)O)C5)O[C@H](C)[C@@H]2OC(C)=O)O[C@@H]1C,17,83,100,17,83,100,66,19,90,3,8,ok,0.001928262,20,9.64131e-05,96413.100,has-match,0,0,,,,,"Query uses generic atoms and generic bonds, similar to CompareAny topology.",
p0081,size-combinations,substruct,substruct_ring_atoms,Substruct ring-chain atoms,0,308509,1788144,Nc1nc(O)c2ncn(C[C@H]3C[C@H]3CO)c2n1,CO[C@@H]1[C@H](O)C[C@@H](O[C@@H]2C[C@H](Oc3cc4cc5c(c(O)c4c(O)c3C)C(=O)[C@@H](O[C@H]3C[C@@H](O[C@H]4C[C@@H](O[C@H]6C[C@](C)(O)[C@@H](OC(C)=O)[C@H](C)O6)[C@H](O)[C@@H](C)O4)[C@H](O)[C@@H](C)O3)[C@H]([C@H](OC)C(=O)[C@@H](O)[C@@H](C)O)C5)O[C@H](C)[C@@H]2OC(C)=O)O[C@@H]1C,17,83,100,17,83,100,66,19,90,3,8,ok,3.72e-05,20,1.86e-06,1860.000,has-match,0,0,,,,,Query adds ring/chain atom constraints; closest substruct analog to ringMatchesRingOnly.,
p0082,size-combinations,mcs,mcs_any_atom_bond,MCS CompareAny atoms/bonds,0,212016,669238,N=C(N)NC(=N)Nc1ccc(SC(F)(F)F)cc1,CCOC(=O)c1c(NC(NC(=O)c2ccc(C(C)(C)C)cc2)C(Cl)(Cl)Cl)sc2c1CCCC2,18,33,51,18,33,51,15,18,35,1,3,ok,0.001956823,1,0.001956823,1956823.000,,,,17,16,0,"[#7,#6]=,:[#6](-,:[#7,#16])-[#7]-[#6](=,-[#7,#6])-[#7]-[#6](:,-[#6]:[#6]:[#6]-,:[#16,#6]-[#6](-[#9,#6])(-[#9,#6])-[#9,#6]):,=[#6,#8]",Permissive MCS: any atom type and any bond type can match.,
p0082,size-combinations,mcs,mcs_elements_order,MCS elements/order,1,212016,669238,N=C(N)NC(=N)Nc1ccc(SC(F)(F)F)cc1,CCOC(=O)c1c(NC(NC(=O)c2ccc(C(C)(C)C)cc2)C(Cl)(Cl)Cl)sc2c1CCCC2,18,33,51,18,33,51,15,18,35,1,3,ok,0.000366309,1,0.000366309,366309.000,,,,11,10,0,"[#6]-[#7]-[#6]-[#7]-[#6]:[#6]:[#6]:[#6](-,:[#16]):,-[#6]:,-[#6]",Closest MCS counterpart to a raw SMILES substructure query.,
p0082,size-combinations,mcs,mcs_elements_order_maximize_atoms,MCS elements/order maximize atoms,0,212016,669238,N=C(N)NC(=N)Nc1ccc(SC(F)(F)F)cc1,CCOC(=O)c1c(NC(NC(=O)c2ccc(C(C)(C)C)cc2)C(Cl)(Cl)Cl)sc2c1CCCC2,18,33,51,18,33,51,15,18,35,1,3,ok,0.000324545,1,0.000324545,324545.000,,,,11,10,0,"[#6]-[#7]-[#6]-[#7]-[#6]:[#6]:[#6]:[#6](-,:[#16]):,-[#6]:,-[#6]","Same element/order comparison, but optimize atom count instead of bond count.",
p0082,size-combinations,mcs,mcs_elements_order_ring_atoms,MCS elements/order ring atoms,0,212016,669238,N=C(N)NC(=N)Nc1ccc(SC(F)(F)F)cc1,CCOC(=O)c1c(NC(NC(=O)c2ccc(C(C)(C)C)cc2)C(Cl)(Cl)Cl)sc2c1CCCC2,18,33,51,18,33,51,15,18,35,1,3,ok,0.000264401,1,0.000264401,264401.000,,,,10,9,0,"[#6&!R]-&!@[#7&!R]-&!@[#6&!R]-&!@[#7&!R]-&!@[#6&R]:&@[#6&R]:&@[#6&R]:&@[#6&R]:,-;@[#6&R]:,-;@[#6&R]",Ring atoms and ring bonds only match ring atoms and ring bonds.,
p0082,size-combinations,mcs,mcs_elements_order_whole_rings,MCS elements/order whole rings,0,212016,669238,N=C(N)NC(=N)Nc1ccc(SC(F)(F)F)cc1,CCOC(=O)c1c(NC(NC(=O)c2ccc(C(C)(C)C)cc2)C(Cl)(Cl)Cl)sc2c1CCCC2,18,33,51,18,33,51,15,18,35,1,3,ok,0.000252604,1,0.000252604,252604.000,,,,6,6,0,[#6]1:&@[#6]:&@[#6]:&@[#6]:&@[#6]:&@[#6]:&@1,MCS completeRingsOnly=True; partial ring MCS results are rejected.,
p0082,size-combinations,mcs,mcs_elements_order_ring_atoms_whole_rings,MCS elements/order ring atoms + whole rings,0,212016,669238,N=C(N)NC(=N)Nc1ccc(SC(F)(F)F)cc1,CCOC(=O)c1c(NC(NC(=O)c2ccc(C(C)(C)C)cc2)C(Cl)(Cl)Cl)sc2c1CCCC2,18,33,51,18,33,51,15,18,35,1,3,ok,0.000249472,1,0.000249472,249472.000,,,,6,6,0,[#6]1:&@[#6]:&@[#6]:&@[#6]:&@[#6]:&@[#6]:&@1,Both ringMatchesRingOnly and completeRingsOnly are enabled.,
p0082,size-combinations,substruct,substruct_smiles,Substruct raw SMILES,1,212016,669238,N=C(N)NC(=N)Nc1ccc(SC(F)(F)F)cc1,CCOC(=O)c1c(NC(NC(=O)c2ccc(C(C)(C)C)cc2)C(Cl)(Cl)Cl)sc2c1CCCC2,18,33,51,18,33,51,15,18,35,1,3,ok,2.1163e-05,20,1.05815e-06,1058.150,has-match,0,0,,,,,Best SMILES-substructure baseline. Substructure has no direct completeRingsOnly option.,
p0082,size-combinations,substruct,substruct_elements_any_bond,Substruct elements/any bond,0,212016,669238,N=C(N)NC(=N)Nc1ccc(SC(F)(F)F)cc1,CCOC(=O)c1c(NC(NC(=O)c2ccc(C(C)(C)C)cc2)C(Cl)(Cl)Cl)sc2c1CCCC2,18,33,51,18,33,51,15,18,35,1,3,ok,2.4719e-05,20,1.23595e-06,1235.950,has-match,0,0,,,,,Query keeps atom elements but uses generic bonds.,
p0082,size-combinations,substruct,substruct_any_atom_bond,Substruct any atoms/bonds,0,212016,669238,N=C(N)NC(=N)Nc1ccc(SC(F)(F)F)cc1,CCOC(=O)c1c(NC(NC(=O)c2ccc(C(C)(C)C)cc2)C(Cl)(Cl)Cl)sc2c1CCCC2,18,33,51,18,33,51,15,18,35,1,3,ok,0.000387072,20,1.93536e-05,19353.600,has-match,0,0,,,,,"Query uses generic atoms and generic bonds, similar to CompareAny topology.",
p0082,size-combinations,substruct,substruct_ring_atoms,Substruct ring-chain atoms,0,212016,669238,N=C(N)NC(=N)Nc1ccc(SC(F)(F)F)cc1,CCOC(=O)c1c(NC(NC(=O)c2ccc(C(C)(C)C)cc2)C(Cl)(Cl)Cl)sc2c1CCCC2,18,33,51,18,33,51,15,18,35,1,3,ok,2.6614e-05,20,1.3307e-06,1330.700,has-match,0,0,,,,,Query adds ring/chain atom constraints; closest substruct analog to ringMatchesRingOnly.,
p0083,size-combinations,mcs,mcs_any_atom_bond,MCS CompareAny atoms/bonds,0,473682,2152308,Nc1nccnc1C(=O)N1CCCC(C(F)(F)F)C1,Clc1ccccc1Nc1c2ccccc2nc2c1[nH]c1ccccc12,19,25,44,19,25,44,6,20,29,2,5,ok,0.009922638,1,0.009922638,9922638.000,,,,18,18,0,"[#7]-,:[#6]1:[#7,#6]:[#6]:[#6]:[#7,#6]:[#6]:1-,:[#6](=,-[#8,#7])-,:[#7,#6]-,:[#6]-,:[#6](-,:[#6]-,:[#6]-,:[#6])-,:[#6](-,:[#9,#7])-,:[#9,#6]",Permissive MCS: any atom type and any bond type can match.,
p0083,size-combinations,mcs,mcs_elements_order,MCS elements/order,1,473682,2152308,Nc1nccnc1C(=O)N1CCCC(C(F)(F)F)C1,Clc1ccccc1Nc1c2ccccc2nc2c1[nH]c1ccccc12,19,25,44,19,25,44,6,20,29,2,5,ok,0.001185634,1,0.001185634,1185634.000,,,,13,12,0,"[#7]-[#6]:[#6](:[#7]:[#6]:[#6])-,:[#6]-,:[#7]-,:[#6]-,:[#6]-,:[#6]-,:[#6]-,:[#6]",Closest MCS counterpart to a raw SMILES substructure query.,
p0083,size-combinations,mcs,mcs_elements_order_maximize_atoms,MCS elements/order maximize atoms,0,473682,2152308,Nc1nccnc1C(=O)N1CCCC(C(F)(F)F)C1,Clc1ccccc1Nc1c2ccccc2nc2c1[nH]c1ccccc12,19,25,44,19,25,44,6,20,29,2,5,ok,0.001107118,1,0.001107118,1107118.000,,,,13,12,0,"[#7]-[#6]:[#6](:[#7]:[#6]:[#6])-,:[#6]-,:[#7]-,:[#6]-,:[#6]-,:[#6]-,:[#6]-,:[#6]","Same element/order comparison, but optimize atom count instead of bond count.",
p0083,size-combinations,mcs,mcs_elements_order_ring_atoms,MCS elements/order ring atoms,0,473682,2152308,Nc1nccnc1C(=O)N1CCCC(C(F)(F)F)C1,Clc1ccccc1Nc1c2ccccc2nc2c1[nH]c1ccccc12,19,25,44,19,25,44,6,20,29,2,5,ok,0.000308581,1,0.000308581,308581.000,,,,6,6,0,"[#7]1-,:;@[#6]-,:;@[#6]-,:;@[#6]-,:;@[#6]-,:;@[#6]-,:;@1",Ring atoms and ring bonds only match ring atoms and ring bonds.,
p0083,size-combinations,mcs,mcs_elements_order_whole_rings,MCS elements/order whole rings,0,473682,2152308,Nc1nccnc1C(=O)N1CCCC(C(F)(F)F)C1,Clc1ccccc1Nc1c2ccccc2nc2c1[nH]c1ccccc12,19,25,44,19,25,44,6,20,29,2,5,ok,0.000309548,1,0.000309548,309548.000,,,,6,6,0,"[#7]1-,:;@[#6]-,:;@[#6]-,:;@[#6]-,:;@[#6]-,:;@[#6]-,:;@1",MCS completeRingsOnly=True; partial ring MCS results are rejected.,
p0083,size-combinations,mcs,mcs_elements_order_ring_atoms_whole_rings,MCS elements/order ring atoms + whole rings,0,473682,2152308,Nc1nccnc1C(=O)N1CCCC(C(F)(F)F)C1,Clc1ccccc1Nc1c2ccccc2nc2c1[nH]c1ccccc12,19,25,44,19,25,44,6,20,29,2,5,ok,0.000279669,1,0.000279669,279669.000,,,,6,6,0,"[#7]1-,:;@[#6]-,:;@[#6]-,:;@[#6]-,:;@[#6]-,:;@[#6]-,:;@1",Both ringMatchesRingOnly and completeRingsOnly are enabled.,
p0083,size-combinations,substruct,substruct_smiles,Substruct raw SMILES,1,473682,2152308,Nc1nccnc1C(=O)N1CCCC(C(F)(F)F)C1,Clc1ccccc1Nc1c2ccccc2nc2c1[nH]c1ccccc12,19,25,44,19,25,44,6,20,29,2,5,ok,2.5123e-05,20,1.25615e-06,1256.150,has-match,0,0,,,,,Best SMILES-substructure baseline. Substructure has no direct completeRingsOnly option.,
p0083,size-combinations,substruct,substruct_elements_any_bond,Substruct elements/any bond,0,473682,2152308,Nc1nccnc1C(=O)N1CCCC(C(F)(F)F)C1,Clc1ccccc1Nc1c2ccccc2nc2c1[nH]c1ccccc12,19,25,44,19,25,44,6,20,29,2,5,ok,2.364e-05,20,1.182e-06,1182.000,has-match,0,0,,,,,Query keeps atom elements but uses generic bonds.,
p0083,size-combinations,substruct,substruct_any_atom_bond,Substruct any atoms/bonds,0,473682,2152308,Nc1nccnc1C(=O)N1CCCC(C(F)(F)F)C1,Clc1ccccc1Nc1c2ccccc2nc2c1[nH]c1ccccc12,19,25,44,19,25,44,6,20,29,2,5,ok,0.0004173,20,2.0865e-05,20865.000,has-match,0,0,,,,,"Query uses generic atoms and generic bonds, similar to CompareAny topology.",
p0083,size-combinations,substruct,substruct_ring_atoms,Substruct ring-chain atoms,0,473682,2152308,Nc1nccnc1C(=O)N1CCCC(C(F)(F)F)C1,Clc1ccccc1Nc1c2ccccc2nc2c1[nH]c1ccccc12,19,25,44,19,25,44,6,20,29,2,5,ok,2.5588e-05,20,1.2794e-06,1279.400,has-match,0,0,,,,,Query adds ring/chain atom constraints; closest substruct analog to ringMatchesRingOnly.,
p0084,size-combinations,mcs,mcs_any_atom_bond,MCS CompareAny atoms/bonds,0,473682,23669,Nc1nccnc1C(=O)N1CCCC(C(F)(F)F)C1,O=C(CSc1nnc(-c2ccc(Br)cc2)c(-c2ccc(Br)cc2)n1)Nc1nc(-c2ccc(F)cc2)cs1,19,37,56,19,37,56,18,20,41,2,5,ok,0.015508335,1,0.015508335,15508335.000,,,,18,17,0,"[#7]-,:[#6](:[#7,#16]:[#6]:[#6]:,-[#7,#6]):,-[#6,#7]-[#6](=[#8])-[#7,#6]-[#6,#16]-[#6]-,:[#6,#7]-,:[#6](-,:[#6](-,:[#9,#7])-[#9,#6])-[#6]",Permissive MCS: any atom type and any bond type can match.,
p0084,size-combinations,mcs,mcs_elements_order,MCS elements/order,1,473682,23669,Nc1nccnc1C(=O)N1CCCC(C(F)(F)F)C1,O=C(CSc1nnc(-c2ccc(Br)cc2)c(-c2ccc(Br)cc2)n1)Nc1nc(-c2ccc(F)cc2)cs1,19,37,56,19,37,56,18,20,41,2,5,ok,0.001081882,1,0.001081882,1081882.000,,,,8,7,0,"[#6]-,:[#7]-,:[#6]-[#6]-,:[#6]-,:[#6]-,:[#6]-[#9]",Closest MCS counterpart to a raw SMILES substructure query.,
p0084,size-combinations,mcs,mcs_elements_order_maximize_atoms,MCS elements/order maximize atoms,0,473682,23669,Nc1nccnc1C(=O)N1CCCC(C(F)(F)F)C1,O=C(CSc1nnc(-c2ccc(Br)cc2)c(-c2ccc(Br)cc2)n1)Nc1nc(-c2ccc(F)cc2)cs1,19,37,56,19,37,56,18,20,41,2,5,ok,0.000879214,1,0.000879214,879214.000,,,,8,7,0,"[#6]-,:[#7]-,:[#6]-[#6]-,:[#6]-,:[#6]-,:[#6]-[#9]","Same element/order comparison, but optimize atom count instead of bond count.",
p0084,size-combinations,mcs,mcs_elements_order_ring_atoms,MCS elements/order ring atoms,0,473682,23669,Nc1nccnc1C(=O)N1CCCC(C(F)(F)F)C1,O=C(CSc1nnc(-c2ccc(Br)cc2)c(-c2ccc(Br)cc2)n1)Nc1nc(-c2ccc(F)cc2)cs1,19,37,56,19,37,56,18,20,41,2,5,ok,0.000303513,1,0.000303513,303513.000,,,,5,4,0,[#7&!R]-&!@[#6&R]:&@[#7&R]:&@[#6&R]:&@[#6&R],Ring atoms and ring bonds only match ring atoms and ring bonds.,
p0084,size-combinations,mcs,mcs_elements_order_whole_rings,MCS elements/order whole rings,0,473682,23669,Nc1nccnc1C(=O)N1CCCC(C(F)(F)F)C1,O=C(CSc1nnc(-c2ccc(Br)cc2)c(-c2ccc(Br)cc2)n1)Nc1nc(-c2ccc(F)cc2)cs1,19,37,56,19,37,56,18,20,41,2,5,ok,0.000399771,1,0.000399771,399771.000,,,,4,3,0,[#6]-&!@[#6](=&!@[#8])-&!@[#7],MCS completeRingsOnly=True; partial ring MCS results are rejected.,
p0084,size-combinations,mcs,mcs_elements_order_ring_atoms_whole_rings,MCS elements/order ring atoms + whole rings,0,473682,23669,Nc1nccnc1C(=O)N1CCCC(C(F)(F)F)C1,O=C(CSc1nnc(-c2ccc(Br)cc2)c(-c2ccc(Br)cc2)n1)Nc1nc(-c2ccc(F)cc2)cs1,19,37,56,19,37,56,18,20,41,2,5,ok,0.000205088,1,0.000205088,205088.000,,,,2,1,0,[#7&!R]-&!@[#6&R],Both ringMatchesRingOnly and completeRingsOnly are enabled.,
p0084,size-combinations,substruct,substruct_smiles,Substruct raw SMILES,1,473682,23669,Nc1nccnc1C(=O)N1CCCC(C(F)(F)F)C1,O=C(CSc1nnc(-c2ccc(Br)cc2)c(-c2ccc(Br)cc2)n1)Nc1nc(-c2ccc(F)cc2)cs1,19,37,56,19,37,56,18,20,41,2,5,ok,3.3515e-05,20,1.67575e-06,1675.750,has-match,0,0,,,,,Best SMILES-substructure baseline. Substructure has no direct completeRingsOnly option.,
p0084,size-combinations,substruct,substruct_elements_any_bond,Substruct elements/any bond,0,473682,23669,Nc1nccnc1C(=O)N1CCCC(C(F)(F)F)C1,O=C(CSc1nnc(-c2ccc(Br)cc2)c(-c2ccc(Br)cc2)n1)Nc1nc(-c2ccc(F)cc2)cs1,19,37,56,19,37,56,18,20,41,2,5,ok,3.9716e-05,20,1.9858e-06,1985.800,has-match,0,0,,,,,Query keeps atom elements but uses generic bonds.,
p0084,size-combinations,substruct,substruct_any_atom_bond,Substruct any atoms/bonds,0,473682,23669,Nc1nccnc1C(=O)N1CCCC(C(F)(F)F)C1,O=C(CSc1nnc(-c2ccc(Br)cc2)c(-c2ccc(Br)cc2)n1)Nc1nc(-c2ccc(F)cc2)cs1,19,37,56,19,37,56,18,20,41,2,5,ok,0.000370358,20,1.85179e-05,18517.900,has-match,0,0,,,,,"Query uses generic atoms and generic bonds, similar to CompareAny topology.",
p0084,size-combinations,substruct,substruct_ring_atoms,Substruct ring-chain atoms,0,473682,23669,Nc1nccnc1C(=O)N1CCCC(C(F)(F)F)C1,O=C(CSc1nnc(-c2ccc(Br)cc2)c(-c2ccc(Br)cc2)n1)Nc1nc(-c2ccc(F)cc2)cs1,19,37,56,19,37,56,18,20,41,2,5,ok,3.2594e-05,20,1.6297e-06,1629.700,has-match,0,0,,,,,Query adds ring/chain atom constraints; closest substruct analog to ringMatchesRingOnly.,
p0085,size-combinations,mcs,mcs_any_atom_bond,MCS CompareAny atoms/bonds,0,473682,411674,Nc1nccnc1C(=O)N1CCCC(C(F)(F)F)C1,C/C=C/C[C@@H](C)[C@@H](O)[C@H]1C(=O)N[C@@H](CC)C(=O)N(C)CC(=O)N(C)[C@@H](CC(C)C)C(=O)N[C@@H](C(C)C)C(=O)N(C)[C@@H](CC(C)C)C(=O)N[C@@H](C)C(=O)N[C@H](COCCC2OCCO2)C(=O)N(C)[C@@H](CC(C)C)C(=O)N(C)[C@@H](CC(C)C)C(=O)N(C)[C@@H](C(C)C)C(=O)N1C,19,93,112,19,93,112,74,20,94,2,2,ok,0.015608412,1,0.015608412,15608412.000,,,,18,17,0,"[#7,#8]-[#6](:,-[#7,#6]:,-[#6]):,-[#6](:,-[#7,#6]:,=[#6,#8])-[#6,#7](=,-[#8,#6])-[#7,#6](-[#6]-[#6,#7]-[#6]-[#6]-[#6,#7](-[#9,#6])-[#9,#6])-,=[#6,#8]",Permissive MCS: any atom type and any bond type can match.,
p0085,size-combinations,mcs,mcs_elements_order,MCS elements/order,1,473682,411674,Nc1nccnc1C(=O)N1CCCC(C(F)(F)F)C1,C/C=C/C[C@@H](C)[C@@H](O)[C@H]1C(=O)N[C@@H](CC)C(=O)N(C)CC(=O)N(C)[C@@H](CC(C)C)C(=O)N[C@@H](C(C)C)C(=O)N(C)[C@@H](CC(C)C)C(=O)N[C@@H](C)C(=O)N[C@H](COCCC2OCCO2)C(=O)N(C)[C@@H](CC(C)C)C(=O)N(C)[C@@H](CC(C)C)C(=O)N(C)[C@@H](C(C)C)C(=O)N1C,19,93,112,19,93,112,74,20,94,2,2,ok,0.001209203,1,0.001209203,1209203.000,,,,15,14,0,"[#6]:,-[#7]:,-[#6]:,-[#6]:,-[#7]:,-[#6]-[#6](=[#8])-[#7](-[#6]-[#6]-[#6]-[#6]-[#6])-[#6]",Closest MCS counterpart to a raw SMILES substructure query.,
p0085,size-combinations,mcs,mcs_elements_order_maximize_atoms,MCS elements/order maximize atoms,0,473682,411674,Nc1nccnc1C(=O)N1CCCC(C(F)(F)F)C1,C/C=C/C[C@@H](C)[C@@H](O)[C@H]1C(=O)N[C@@H](CC)C(=O)N(C)CC(=O)N(C)[C@@H](CC(C)C)C(=O)N[C@@H](C(C)C)C(=O)N(C)[C@@H](CC(C)C)C(=O)N[C@@H](C)C(=O)N[C@H](COCCC2OCCO2)C(=O)N(C)[C@@H](CC(C)C)C(=O)N(C)[C@@H](CC(C)C)C(=O)N(C)[C@@H](C(C)C)C(=O)N1C,19,93,112,19,93,112,74,20,94,2,2,ok,0.001086601,1,0.001086601,1086601.000,,,,15,14,0,"[#6]:,-[#7]:,-[#6]:,-[#6]:,-[#7]:,-[#6]-[#6](=[#8])-[#7](-[#6]-[#6]-[#6]-[#6]-[#6])-[#6]","Same element/order comparison, but optimize atom count instead of bond count.",
p0085,size-combinations,mcs,mcs_elements_order_ring_atoms,MCS elements/order ring atoms,0,473682,411674,Nc1nccnc1C(=O)N1CCCC(C(F)(F)F)C1,C/C=C/C[C@@H](C)[C@@H](O)[C@H]1C(=O)N[C@@H](CC)C(=O)N(C)CC(=O)N(C)[C@@H](CC(C)C)C(=O)N[C@@H](C(C)C)C(=O)N(C)[C@@H](CC(C)C)C(=O)N[C@@H](C)C(=O)N[C@H](COCCC2OCCO2)C(=O)N(C)[C@@H](CC(C)C)C(=O)N(C)[C@@H](CC(C)C)C(=O)N(C)[C@@H](C(C)C)C(=O)N1C,19,93,112,19,93,112,74,20,94,2,2,ok,0.000765168,1,0.000765168,765168.000,,,,7,6,0,"[#6&R](:,-;@[#7&R]:,-;@[#6&R]:,-;@[#6&R]):,-;@[#6&R](:,-;@[#7&R])-&!@[#6&!R]",Ring atoms and ring bonds only match ring atoms and ring bonds.,
p0085,size-combinations,mcs,mcs_elements_order_whole_rings,MCS elements/order whole rings,0,473682,411674,Nc1nccnc1C(=O)N1CCCC(C(F)(F)F)C1,C/C=C/C[C@@H](C)[C@@H](O)[C@H]1C(=O)N[C@@H](CC)C(=O)N(C)CC(=O)N(C)[C@@H](CC(C)C)C(=O)N[C@@H](C(C)C)C(=O)N(C)[C@@H](CC(C)C)C(=O)N[C@@H](C)C(=O)N[C@H](COCCC2OCCO2)C(=O)N(C)[C@@H](CC(C)C)C(=O)N(C)[C@@H](CC(C)C)C(=O)N(C)[C@@H](C(C)C)C(=O)N1C,19,93,112,19,93,112,74,20,94,2,2,ok,0.000322144,1,0.000322144,322144.000,,,,2,1,0,[#7]-&!@[#6],MCS completeRingsOnly=True; partial ring MCS results are rejected.,
p0085,size-combinations,mcs,mcs_elements_order_ring_atoms_whole_rings,MCS elements/order ring atoms + whole rings,0,473682,411674,Nc1nccnc1C(=O)N1CCCC(C(F)(F)F)C1,C/C=C/C[C@@H](C)[C@@H](O)[C@H]1C(=O)N[C@@H](CC)C(=O)N(C)CC(=O)N(C)[C@@H](CC(C)C)C(=O)N[C@@H](C(C)C)C(=O)N(C)[C@@H](CC(C)C)C(=O)N[C@@H](C)C(=O)N[C@H](COCCC2OCCO2)C(=O)N(C)[C@@H](CC(C)C)C(=O)N(C)[C@@H](CC(C)C)C(=O)N(C)[C@@H](C(C)C)C(=O)N1C,19,93,112,19,93,112,74,20,94,2,2,ok,0.000282986,1,0.000282986,282986.000,,,,2,1,0,[#6&R]-&!@[#6&!R],Both ringMatchesRingOnly and completeRingsOnly are enabled.,
p0085,size-combinations,substruct,substruct_smiles,Substruct raw SMILES,1,473682,411674,Nc1nccnc1C(=O)N1CCCC(C(F)(F)F)C1,C/C=C/C[C@@H](C)[C@@H](O)[C@H]1C(=O)N[C@@H](CC)C(=O)N(C)CC(=O)N(C)[C@@H](CC(C)C)C(=O)N[C@@H](C(C)C)C(=O)N(C)[C@@H](CC(C)C)C(=O)N[C@@H](C)C(=O)N[C@H](COCCC2OCCO2)C(=O)N(C)[C@@H](CC(C)C)C(=O)N(C)[C@@H](CC(C)C)C(=O)N(C)[C@@H](C(C)C)C(=O)N1C,19,93,112,19,93,112,74,20,94,2,2,ok,5.8928e-05,20,2.9464e-06,2946.400,has-match,0,0,,,,,Best SMILES-substructure baseline. Substructure has no direct completeRingsOnly option.,
p0085,size-combinations,substruct,substruct_elements_any_bond,Substruct elements/any bond,0,473682,411674,Nc1nccnc1C(=O)N1CCCC(C(F)(F)F)C1,C/C=C/C[C@@H](C)[C@@H](O)[C@H]1C(=O)N[C@@H](CC)C(=O)N(C)CC(=O)N(C)[C@@H](CC(C)C)C(=O)N[C@@H](C(C)C)C(=O)N(C)[C@@H](CC(C)C)C(=O)N[C@@H](C)C(=O)N[C@H](COCCC2OCCO2)C(=O)N(C)[C@@H](CC(C)C)C(=O)N(C)[C@@H](CC(C)C)C(=O)N(C)[C@@H](C(C)C)C(=O)N1C,19,93,112,19,93,112,74,20,94,2,2,ok,5.2574e-05,20,2.6287e-06,2628.700,has-match,0,0,,,,,Query keeps atom elements but uses generic bonds.,
p0085,size-combinations,substruct,substruct_any_atom_bond,Substruct any atoms/bonds,0,473682,411674,Nc1nccnc1C(=O)N1CCCC(C(F)(F)F)C1,C/C=C/C[C@@H](C)[C@@H](O)[C@H]1C(=O)N[C@@H](CC)C(=O)N(C)CC(=O)N(C)[C@@H](CC(C)C)C(=O)N[C@@H](C(C)C)C(=O)N(C)[C@@H](CC(C)C)C(=O)N[C@@H](C)C(=O)N[C@H](COCCC2OCCO2)C(=O)N(C)[C@@H](CC(C)C)C(=O)N(C)[C@@H](CC(C)C)C(=O)N(C)[C@@H](C(C)C)C(=O)N1C,19,93,112,19,93,112,74,20,94,2,2,ok,0.000838677,20,4.193385e-05,41933.850,has-match,0,0,,,,,"Query uses generic atoms and generic bonds, similar to CompareAny topology.",
p0085,size-combinations,substruct,substruct_ring_atoms,Substruct ring-chain atoms,0,473682,411674,Nc1nccnc1C(=O)N1CCCC(C(F)(F)F)C1,C/C=C/C[C@@H](C)[C@@H](O)[C@H]1C(=O)N[C@@H](CC)C(=O)N(C)CC(=O)N(C)[C@@H](CC(C)C)C(=O)N[C@@H](C(C)C)C(=O)N(C)[C@@H](CC(C)C)C(=O)N[C@@H](C)C(=O)N[C@H](COCCC2OCCO2)C(=O)N(C)[C@@H](CC(C)C)C(=O)N(C)[C@@H](CC(C)C)C(=O)N(C)[C@@H](C(C)C)C(=O)N1C,19,93,112,19,93,112,74,20,94,2,2,ok,3.9663e-05,20,1.98315e-06,1983.150,has-match,0,0,,,,,Query adds ring/chain atom constraints; closest substruct analog to ringMatchesRingOnly.,
p0086,size-combinations,mcs,mcs_any_atom_bond,MCS CompareAny atoms/bonds,0,1986839,1265824,O=C(Cc1cccs1)N/N=C/C(Br)=C/c1ccccc1,Cc1c(N=C(S)Nc2ccccc2)c(=O)n(-c2ccccc2)n1C,20,24,44,20,24,44,4,21,26,2,3,ok,0.000570709,1,0.000570709,570709.000,,,,20,20,0,"[#8,#16]=,-[#6](-[#6,#7]-[#6](:[#6]:[#6]):[#16,#6]:[#6])-,=[#7]-[#7,#6]=,:[#6]-,:[#6,#7](-[#35,#6])=,:[#6,#7]-[#6]1:[#6]:[#6]:[#6]:[#6]:[#6]:1",Permissive MCS: any atom type and any bond type can match.,
p0086,size-combinations,mcs,mcs_elements_order,MCS elements/order,1,1986839,1265824,O=C(Cc1cccs1)N/N=C/C(Br)=C/c1ccccc1,Cc1c(N=C(S)Nc2ccccc2)c(=O)n(-c2ccccc2)n1C,20,24,44,20,24,44,4,21,26,2,3,ok,0.000254809,1,0.000254809,254809.000,,,,8,7,0,"[#6](-,:[#6]-,:[#6]:[#6]:[#6]:[#6])-[#7]-,:[#7]",Closest MCS counterpart to a raw SMILES substructure query.,
p0086,size-combinations,mcs,mcs_elements_order_maximize_atoms,MCS elements/order maximize atoms,0,1986839,1265824,O=C(Cc1cccs1)N/N=C/C(Br)=C/c1ccccc1,Cc1c(N=C(S)Nc2ccccc2)c(=O)n(-c2ccccc2)n1C,20,24,44,20,24,44,4,21,26,2,3,ok,0.000239909,1,0.000239909,239909.000,,,,8,7,0,"[#6](-,:[#6]-,:[#6]:[#6]:[#6]:[#6])-[#7]-,:[#7]","Same element/order comparison, but optimize atom count instead of bond count.",
p0086,size-combinations,mcs,mcs_elements_order_ring_atoms,MCS elements/order ring atoms,0,1986839,1265824,O=C(Cc1cccs1)N/N=C/C(Br)=C/c1ccccc1,Cc1c(N=C(S)Nc2ccccc2)c(=O)n(-c2ccccc2)n1C,20,24,44,20,24,44,4,21,26,2,3,ok,0.000170071,1,0.000170071,170071.000,,,,6,6,0,[#6]1:&@[#6]:&@[#6]:&@[#6]:&@[#6]:&@[#6]:&@1,Ring atoms and ring bonds only match ring atoms and ring bonds.,
p0086,size-combinations,mcs,mcs_elements_order_whole_rings,MCS elements/order whole rings,0,1986839,1265824,O=C(Cc1cccs1)N/N=C/C(Br)=C/c1ccccc1,Cc1c(N=C(S)Nc2ccccc2)c(=O)n(-c2ccccc2)n1C,20,24,44,20,24,44,4,21,26,2,3,ok,0.00018515,1,0.00018515,185150.000,,,,6,6,0,[#6]1:&@[#6]:&@[#6]:&@[#6]:&@[#6]:&@[#6]:&@1,MCS completeRingsOnly=True; partial ring MCS results are rejected.,
p0086,size-combinations,mcs,mcs_elements_order_ring_atoms_whole_rings,MCS elements/order ring atoms + whole rings,0,1986839,1265824,O=C(Cc1cccs1)N/N=C/C(Br)=C/c1ccccc1,Cc1c(N=C(S)Nc2ccccc2)c(=O)n(-c2ccccc2)n1C,20,24,44,20,24,44,4,21,26,2,3,ok,0.000159844,1,0.000159844,159844.000,,,,6,6,0,[#6]1:&@[#6]:&@[#6]:&@[#6]:&@[#6]:&@[#6]:&@1,Both ringMatchesRingOnly and completeRingsOnly are enabled.,
p0086,size-combinations,substruct,substruct_smiles,Substruct raw SMILES,1,1986839,1265824,O=C(Cc1cccs1)N/N=C/C(Br)=C/c1ccccc1,Cc1c(N=C(S)Nc2ccccc2)c(=O)n(-c2ccccc2)n1C,20,24,44,20,24,44,4,21,26,2,3,ok,2.0628e-05,20,1.0314e-06,1031.400,has-match,0,0,,,,,Best SMILES-substructure baseline. Substructure has no direct completeRingsOnly option.,
p0086,size-combinations,substruct,substruct_elements_any_bond,Substruct elements/any bond,0,1986839,1265824,O=C(Cc1cccs1)N/N=C/C(Br)=C/c1ccccc1,Cc1c(N=C(S)Nc2ccccc2)c(=O)n(-c2ccccc2)n1C,20,24,44,20,24,44,4,21,26,2,3,ok,1.9719e-05,20,9.8595e-07,985.950,has-match,0,0,,,,,Query keeps atom elements but uses generic bonds.,
p0086,size-combinations,substruct,substruct_any_atom_bond,Substruct any atoms/bonds,0,1986839,1265824,O=C(Cc1cccs1)N/N=C/C(Br)=C/c1ccccc1,Cc1c(N=C(S)Nc2ccccc2)c(=O)n(-c2ccccc2)n1C,20,24,44,20,24,44,4,21,26,2,3,ok,0.000281019,20,1.405095e-05,14050.950,has-match,0,0,,,,,"Query uses generic atoms and generic bonds, similar to CompareAny topology.",
p0086,size-combinations,substruct,substruct_ring_atoms,Substruct ring-chain atoms,0,1986839,1265824,O=C(Cc1cccs1)N/N=C/C(Br)=C/c1ccccc1,Cc1c(N=C(S)Nc2ccccc2)c(=O)n(-c2ccccc2)n1C,20,24,44,20,24,44,4,21,26,2,3,ok,2.2892e-05,20,1.1446e-06,1144.600,has-match,0,0,,,,,Query adds ring/chain atom constraints; closest substruct analog to ringMatchesRingOnly.,
p0087,size-combinations,mcs,mcs_any_atom_bond,MCS CompareAny atoms/bonds,0,2082571,934426,CN1CCN(C(=O)Cc2ccccn2)Cc2cccnc21,Cc1c(N)nc(C(CC(N)=O)NCC(N)C(N)=O)nc1C(=O)NC(C(=O)NC(C)C(O)C(C)C(=O)NC(C(=O)NCCc1nc(-c2nc(C(=O)NCCC[S+](C)C)cs2)cs1)C(C)O)C(OC1OC(CO)C(O)C(O)C1OC1OC(CO)C(O)C(OC(N)=O)C1O)c1c[nH]cn1,21,96,117,21,96,117,75,23,101,3,6,ok,0.021031915,1,0.021031915,21031915.000,,,,21,21,0,"[#6,#8]-,=[#7,#6](-[#6,#7]-[#6])-[#6](:,-[#7]:,-[#6]):,-[#6](-[#6,#8]-[#7,#6]-[#6](=,-[#8,#6])-[#6,#8]-[#6]1:,-[#6,#8]:,-[#6]:,-[#6]:,-[#6]:,-[#7,#6]:,-1):,-[#6]:[#6]",Permissive MCS: any atom type and any bond type can match.,
p0087,size-combinations,mcs,mcs_elements_order,MCS elements/order,1,2082571,934426,CN1CCN(C(=O)Cc2ccccn2)Cc2cccnc21,Cc1c(N)nc(C(CC(N)=O)NCC(N)C(N)=O)nc1C(=O)NC(C(=O)NC(C)C(O)C(C)C(=O)NC(C(=O)NCCc1nc(-c2nc(C(=O)NCCC[S+](C)C)cs2)cs1)C(C)O)C(OC1OC(CO)C(O)C(O)C1OC1OC(CO)C(O)C(OC(N)=O)C1O)c1c[nH]cn1,21,96,117,21,96,117,75,23,101,3,6,ok,0.003666647,1,0.003666647,3666647.000,,,,17,16,0,"[#7](-,:[#6]-[#6]-[#7]-[#6]-[#6]-[#6](:[#6]):[#7]:[#6])-,:[#6](:[#7]:[#6]:[#6]:,-[#6]):,-[#6]-[#6]",Closest MCS counterpart to a raw SMILES substructure query.,
p0087,size-combinations,mcs,mcs_elements_order_maximize_atoms,MCS elements/order maximize atoms,0,2082571,934426,CN1CCN(C(=O)Cc2ccccn2)Cc2cccnc21,Cc1c(N)nc(C(CC(N)=O)NCC(N)C(N)=O)nc1C(=O)NC(C(=O)NC(C)C(O)C(C)C(=O)NC(C(=O)NCCc1nc(-c2nc(C(=O)NCCC[S+](C)C)cs2)cs1)C(C)O)C(OC1OC(CO)C(O)C(O)C1OC1OC(CO)C(O)C(OC(N)=O)C1O)c1c[nH]cn1,21,96,117,21,96,117,75,23,101,3,6,ok,0.00353097,1,0.00353097,3530970.000,,,,17,16,0,"[#7](-,:[#6]-[#6]-[#7]-[#6]-[#6]-[#6](:[#6]):[#7]:[#6])-,:[#6](:[#7]:[#6]:[#6]:,-[#6]):,-[#6]-[#6]","Same element/order comparison, but optimize atom count instead of bond count.",
p0087,size-combinations,mcs,mcs_elements_order_ring_atoms,MCS elements/order ring atoms,0,2082571,934426,CN1CCN(C(=O)Cc2ccccn2)Cc2cccnc21,Cc1c(N)nc(C(CC(N)=O)NCC(N)C(N)=O)nc1C(=O)NC(C(=O)NC(C)C(O)C(C)C(=O)NC(C(=O)NCCc1nc(-c2nc(C(=O)NCCC[S+](C)C)cs2)cs1)C(C)O)C(OC1OC(CO)C(O)C(O)C1OC1OC(CO)C(O)C(OC(N)=O)C1O)c1c[nH]cn1,21,96,117,21,96,117,75,23,101,3,6,ok,0.000857277,1,0.000857277,857277.000,,,,7,6,0,[#6&!R]-&!@[#6&!R]-&!@[#6&R]:&@[#7&R]:&@[#6&R]:&@[#6&R]:&@[#6&R],Ring atoms and ring bonds only match ring atoms and ring bonds.,
p0087,size-combinations,mcs,mcs_elements_order_whole_rings,MCS elements/order whole rings,0,2082571,934426,CN1CCN(C(=O)Cc2ccccn2)Cc2cccnc21,Cc1c(N)nc(C(CC(N)=O)NCC(N)C(N)=O)nc1C(=O)NC(C(=O)NC(C)C(O)C(C)C(=O)NC(C(=O)NCCc1nc(-c2nc(C(=O)NCCC[S+](C)C)cs2)cs1)C(C)O)C(OC1OC(CO)C(O)C(O)C1OC1OC(CO)C(O)C(OC(N)=O)C1O)c1c[nH]cn1,21,96,117,21,96,117,75,23,101,3,6,ok,0.000563067,1,0.000563067,563067.000,,,,5,4,0,[#7]-&!@[#6](=&!@[#8])-&!@[#6]-&!@[#6],MCS completeRingsOnly=True; partial ring MCS results are rejected.,
p0087,size-combinations,mcs,mcs_elements_order_ring_atoms_whole_rings,MCS elements/order ring atoms + whole rings,0,2082571,934426,CN1CCN(C(=O)Cc2ccccn2)Cc2cccnc21,Cc1c(N)nc(C(CC(N)=O)NCC(N)C(N)=O)nc1C(=O)NC(C(=O)NC(C)C(O)C(C)C(=O)NC(C(=O)NCCc1nc(-c2nc(C(=O)NCCC[S+](C)C)cs2)cs1)C(C)O)C(OC1OC(CO)C(O)C(O)C1OC1OC(CO)C(O)C(OC(N)=O)C1O)c1c[nH]cn1,21,96,117,21,96,117,75,23,101,3,6,ok,0.000492453,1,0.000492453,492453.000,,,,3,2,0,[#6&!R](=&!@[#8&!R])-&!@[#6&!R],Both ringMatchesRingOnly and completeRingsOnly are enabled.,
p0087,size-combinations,substruct,substruct_smiles,Substruct raw SMILES,1,2082571,934426,CN1CCN(C(=O)Cc2ccccn2)Cc2cccnc21,Cc1c(N)nc(C(CC(N)=O)NCC(N)C(N)=O)nc1C(=O)NC(C(=O)NC(C)C(O)C(C)C(=O)NC(C(=O)NCCc1nc(-c2nc(C(=O)NCCC[S+](C)C)cs2)cs1)C(C)O)C(OC1OC(CO)C(O)C(O)C1OC1OC(CO)C(O)C(OC(N)=O)C1O)c1c[nH]cn1,21,96,117,21,96,117,75,23,101,3,6,ok,6.9171e-05,20,3.45855e-06,3458.550,has-match,0,0,,,,,Best SMILES-substructure baseline. Substructure has no direct completeRingsOnly option.,
p0087,size-combinations,substruct,substruct_elements_any_bond,Substruct elements/any bond,0,2082571,934426,CN1CCN(C(=O)Cc2ccccn2)Cc2cccnc21,Cc1c(N)nc(C(CC(N)=O)NCC(N)C(N)=O)nc1C(=O)NC(C(=O)NC(C)C(O)C(C)C(=O)NC(C(=O)NCCc1nc(-c2nc(C(=O)NCCC[S+](C)C)cs2)cs1)C(C)O)C(OC1OC(CO)C(O)C(O)C1OC1OC(CO)C(O)C(OC(N)=O)C1O)c1c[nH]cn1,21,96,117,21,96,117,75,23,101,3,6,ok,5.817e-05,20,2.9085e-06,2908.500,has-match,0,0,,,,,Query keeps atom elements but uses generic bonds.,
p0087,size-combinations,substruct,substruct_any_atom_bond,Substruct any atoms/bonds,0,2082571,934426,CN1CCN(C(=O)Cc2ccccn2)Cc2cccnc21,Cc1c(N)nc(C(CC(N)=O)NCC(N)C(N)=O)nc1C(=O)NC(C(=O)NC(C)C(O)C(C)C(=O)NC(C(=O)NCCc1nc(-c2nc(C(=O)NCCC[S+](C)C)cs2)cs1)C(C)O)C(OC1OC(CO)C(O)C(O)C1OC1OC(CO)C(O)C(OC(N)=O)C1O)c1c[nH]cn1,21,96,117,21,96,117,75,23,101,3,6,ok,0.001755524,20,8.77762e-05,87776.200,has-match,0,0,,,,,"Query uses generic atoms and generic bonds, similar to CompareAny topology.",
p0087,size-combinations,substruct,substruct_ring_atoms,Substruct ring-chain atoms,0,2082571,934426,CN1CCN(C(=O)Cc2ccccn2)Cc2cccnc21,Cc1c(N)nc(C(CC(N)=O)NCC(N)C(N)=O)nc1C(=O)NC(C(=O)NC(C)C(O)C(C)C(=O)NC(C(=O)NCCc1nc(-c2nc(C(=O)NCCC[S+](C)C)cs2)cs1)C(C)O)C(OC1OC(CO)C(O)C(O)C1OC1OC(CO)C(O)C(OC(N)=O)C1O)c1c[nH]cn1,21,96,117,21,96,117,75,23,101,3,6,ok,6.8932e-05,20,3.4466e-06,3446.600,has-match,0,0,,,,,Query adds ring/chain atom constraints; closest substruct analog to ringMatchesRingOnly.,
p0088,size-combinations,mcs,mcs_any_atom_bond,MCS CompareAny atoms/bonds,0,1298782,274411,O=C(Nc1nncs1)c1ccc(Br)c(S(=O)(=O)N2CCCC2)c1,CNc1cc(Oc2ccc3c(C(=O)Nc4ccc(Cl)cc4)cccc3c2)ccn1,23,29,52,23,29,52,6,25,32,3,4,ok,0.030587966,1,0.030587966,30587966.000,,,,22,21,0,"[#8,#6]=,:[#6](-[#7,#6]-[#6,#7]:,-[#16,#6]:[#6]:[#7,#6]:[#7,#6])-,:[#6](:[#6]:[#6]:[#6](-,:[#35,#6]):,-[#6,#8]-[#16,#6](=,:[#8,#6])-,:[#7,#6]-,:[#6]-,:[#6,#7]-,:[#6]-[#6,#7]):[#6]",Permissive MCS: any atom type and any bond type can match.,
p0088,size-combinations,mcs,mcs_elements_order,MCS elements/order,1,1298782,274411,O=C(Nc1nncs1)c1ccc(Br)c(S(=O)(=O)N2CCCC2)c1,CNc1cc(Oc2ccc3c(C(=O)Nc4ccc(Cl)cc4)cccc3c2)ccn1,23,29,52,23,29,52,6,25,32,3,4,ok,0.000519226,1,0.000519226,519226.000,,,,10,10,0,[#8]=[#6](-[#7]-[#6])-[#6]1:[#6]:[#6]:[#6]:[#6]:[#6]:1,Closest MCS counterpart to a raw SMILES substructure query.,
p0088,size-combinations,mcs,mcs_elements_order_maximize_atoms,MCS elements/order maximize atoms,0,1298782,274411,O=C(Nc1nncs1)c1ccc(Br)c(S(=O)(=O)N2CCCC2)c1,CNc1cc(Oc2ccc3c(C(=O)Nc4ccc(Cl)cc4)cccc3c2)ccn1,23,29,52,23,29,52,6,25,32,3,4,ok,0.000276243,1,0.000276243,276243.000,,,,10,10,0,[#8]=[#6](-[#7]-[#6])-[#6]1:[#6]:[#6]:[#6]:[#6]:[#6]:1,"Same element/order comparison, but optimize atom count instead of bond count.",
p0088,size-combinations,mcs,mcs_elements_order_ring_atoms,MCS elements/order ring atoms,0,1298782,274411,O=C(Nc1nncs1)c1ccc(Br)c(S(=O)(=O)N2CCCC2)c1,CNc1cc(Oc2ccc3c(C(=O)Nc4ccc(Cl)cc4)cccc3c2)ccn1,23,29,52,23,29,52,6,25,32,3,4,ok,0.000297755,1,0.000297755,297755.000,,,,10,10,0,[#8&!R]=&!@[#6&!R](-&!@[#7&!R]-&!@[#6&R])-&!@[#6]1:&@[#6]:&@[#6]:&@[#6]:&@[#6]:&@[#6]:&@1,Ring atoms and ring bonds only match ring atoms and ring bonds.,
p0088,size-combinations,mcs,mcs_elements_order_whole_rings,MCS elements/order whole rings,0,1298782,274411,O=C(Nc1nncs1)c1ccc(Br)c(S(=O)(=O)N2CCCC2)c1,CNc1cc(Oc2ccc3c(C(=O)Nc4ccc(Cl)cc4)cccc3c2)ccn1,23,29,52,23,29,52,6,25,32,3,4,ok,0.000217036,1,0.000217036,217036.000,,,,10,10,0,[#8]=&!@[#6](-&!@[#7]-&!@[#6])-&!@[#6]1:&@[#6]:&@[#6]:&@[#6]:&@[#6]:&@[#6]:&@1,MCS completeRingsOnly=True; partial ring MCS results are rejected.,
p0088,size-combinations,mcs,mcs_elements_order_ring_atoms_whole_rings,MCS elements/order ring atoms + whole rings,0,1298782,274411,O=C(Nc1nncs1)c1ccc(Br)c(S(=O)(=O)N2CCCC2)c1,CNc1cc(Oc2ccc3c(C(=O)Nc4ccc(Cl)cc4)cccc3c2)ccn1,23,29,52,23,29,52,6,25,32,3,4,ok,0.000209274,1,0.000209274,209274.000,,,,10,10,0,[#8&!R]=&!@[#6&!R](-&!@[#7&!R]-&!@[#6&R])-&!@[#6]1:&@[#6]:&@[#6]:&@[#6]:&@[#6]:&@[#6]:&@1,Both ringMatchesRingOnly and completeRingsOnly are enabled.,
p0088,size-combinations,substruct,substruct_smiles,Substruct raw SMILES,1,1298782,274411,O=C(Nc1nncs1)c1ccc(Br)c(S(=O)(=O)N2CCCC2)c1,CNc1cc(Oc2ccc3c(C(=O)Nc4ccc(Cl)cc4)cccc3c2)ccn1,23,29,52,23,29,52,6,25,32,3,4,ok,2.9971e-05,20,1.49855e-06,1498.550,has-match,0,0,,,,,Best SMILES-substructure baseline. Substructure has no direct completeRingsOnly option.,
p0088,size-combinations,substruct,substruct_elements_any_bond,Substruct elements/any bond,0,1298782,274411,O=C(Nc1nncs1)c1ccc(Br)c(S(=O)(=O)N2CCCC2)c1,CNc1cc(Oc2ccc3c(C(=O)Nc4ccc(Cl)cc4)cccc3c2)ccn1,23,29,52,23,29,52,6,25,32,3,4,ok,2.4011e-05,20,1.20055e-06,1200.550,has-match,0,0,,,,,Query keeps atom elements but uses generic bonds.,
p0088,size-combinations,substruct,substruct_any_atom_bond,Substruct any atoms/bonds,0,1298782,274411,O=C(Nc1nncs1)c1ccc(Br)c(S(=O)(=O)N2CCCC2)c1,CNc1cc(Oc2ccc3c(C(=O)Nc4ccc(Cl)cc4)cccc3c2)ccn1,23,29,52,23,29,52,6,25,32,3,4,ok,0.000247273,20,1.236365e-05,12363.650,has-match,0,0,,,,,"Query uses generic atoms and generic bonds, similar to CompareAny topology.",
p0088,size-combinations,substruct,substruct_ring_atoms,Substruct ring-chain atoms,0,1298782,274411,O=C(Nc1nncs1)c1ccc(Br)c(S(=O)(=O)N2CCCC2)c1,CNc1cc(Oc2ccc3c(C(=O)Nc4ccc(Cl)cc4)cccc3c2)ccn1,23,29,52,23,29,52,6,25,32,3,4,ok,3.1356e-05,20,1.5678e-06,1567.800,has-match,0,0,,,,,Query adds ring/chain atom constraints; closest substruct analog to ringMatchesRingOnly.,
p0089,size-combinations,mcs,mcs_any_atom_bond,MCS CompareAny atoms/bonds,0,1265824,2411750,Cc1c(N=C(S)Nc2ccccc2)c(=O)n(-c2ccccc2)n1C,CN1Cc2cc(-c3ccc(-c4cncc(NS(=O)(=O)c5ccc(Br)cc5Br)c4)s3)ccc2C1=O,24,34,58,24,34,58,10,26,38,3,5,ok,0.012580944,1,0.012580944,12580944.000,,,,23,23,0,"[#6]-,:[#6](:,-[#6](-,:[#7,#6]=,:[#6](-,:[#16,#6])-[#7]-[#6,#16](:,-[#6]:[#6]:[#6]:[#6]):,=[#6,#8]):[#6]=,:[#8,#7]):[#7,#16]:[#7,#6]-[#6]1:[#6]:[#6]:[#6]:[#6]:[#6]:1",Permissive MCS: any atom type and any bond type can match.,
p0089,size-combinations,mcs,mcs_elements_order,MCS elements/order,1,1265824,2411750,Cc1c(N=C(S)Nc2ccccc2)c(=O)n(-c2ccccc2)n1C,CN1Cc2cc(-c3ccc(-c4cncc(NS(=O)(=O)c5ccc(Br)cc5Br)c4)s3)ccc2C1=O,24,34,58,24,34,58,10,26,38,3,5,ok,0.000561905,1,0.000561905,561905.000,,,,12,11,0,"[#6]-,:[#6]:[#6]:,-[#6](=[#8]):,-[#7]-[#6]:,-[#6]:[#6]:[#6]:,-[#6]:[#6]",Closest MCS counterpart to a raw SMILES substructure query.,
p0089,size-combinations,mcs,mcs_elements_order_maximize_atoms,MCS elements/order maximize atoms,0,1265824,2411750,Cc1c(N=C(S)Nc2ccccc2)c(=O)n(-c2ccccc2)n1C,CN1Cc2cc(-c3ccc(-c4cncc(NS(=O)(=O)c5ccc(Br)cc5Br)c4)s3)ccc2C1=O,24,34,58,24,34,58,10,26,38,3,5,ok,0.000439959,1,0.000439959,439959.000,,,,12,11,0,"[#6]-,:[#6]:[#6]:,-[#6](=[#8]):,-[#7]-[#6]:,-[#6]:[#6]:[#6]:,-[#6]:[#6]","Same element/order comparison, but optimize atom count instead of bond count.",
p0089,size-combinations,mcs,mcs_elements_order_ring_atoms,MCS elements/order ring atoms,0,1265824,2411750,Cc1c(N=C(S)Nc2ccccc2)c(=O)n(-c2ccccc2)n1C,CN1Cc2cc(-c3ccc(-c4cncc(NS(=O)(=O)c5ccc(Br)cc5Br)c4)s3)ccc2C1=O,24,34,58,24,34,58,10,26,38,3,5,ok,0.000312231,1,0.000312231,312231.000,,,,6,6,0,[#6]1:&@[#6]:&@[#6]:&@[#6]:&@[#6]:&@[#6]:&@1,Ring atoms and ring bonds only match ring atoms and ring bonds.,
p0089,size-combinations,mcs,mcs_elements_order_whole_rings,MCS elements/order whole rings,0,1265824,2411750,Cc1c(N=C(S)Nc2ccccc2)c(=O)n(-c2ccccc2)n1C,CN1Cc2cc(-c3ccc(-c4cncc(NS(=O)(=O)c5ccc(Br)cc5Br)c4)s3)ccc2C1=O,24,34,58,24,34,58,10,26,38,3,5,ok,0.000411605,1,0.000411605,411605.000,,,,6,6,0,[#6]1:&@[#6]:&@[#6]:&@[#6]:&@[#6]:&@[#6]:&@1,MCS completeRingsOnly=True; partial ring MCS results are rejected.,
p0089,size-combinations,mcs,mcs_elements_order_ring_atoms_whole_rings,MCS elements/order ring atoms + whole rings,0,1265824,2411750,Cc1c(N=C(S)Nc2ccccc2)c(=O)n(-c2ccccc2)n1C,CN1Cc2cc(-c3ccc(-c4cncc(NS(=O)(=O)c5ccc(Br)cc5Br)c4)s3)ccc2C1=O,24,34,58,24,34,58,10,26,38,3,5,ok,0.000298759,1,0.000298759,298759.000,,,,6,6,0,[#6]1:&@[#6]:&@[#6]:&@[#6]:&@[#6]:&@[#6]:&@1,Both ringMatchesRingOnly and completeRingsOnly are enabled.,
p0089,size-combinations,substruct,substruct_smiles,Substruct raw SMILES,1,1265824,2411750,Cc1c(N=C(S)Nc2ccccc2)c(=O)n(-c2ccccc2)n1C,CN1Cc2cc(-c3ccc(-c4cncc(NS(=O)(=O)c5ccc(Br)cc5Br)c4)s3)ccc2C1=O,24,34,58,24,34,58,10,26,38,3,5,ok,4.7571e-05,20,2.37855e-06,2378.550,has-match,0,0,,,,,Best SMILES-substructure baseline. Substructure has no direct completeRingsOnly option.,
p0089,size-combinations,substruct,substruct_elements_any_bond,Substruct elements/any bond,0,1265824,2411750,Cc1c(N=C(S)Nc2ccccc2)c(=O)n(-c2ccccc2)n1C,CN1Cc2cc(-c3ccc(-c4cncc(NS(=O)(=O)c5ccc(Br)cc5Br)c4)s3)ccc2C1=O,24,34,58,24,34,58,10,26,38,3,5,ok,6.5029e-05,20,3.25145e-06,3251.450,has-match,0,0,,,,,Query keeps atom elements but uses generic bonds.,
p0089,size-combinations,substruct,substruct_any_atom_bond,Substruct any atoms/bonds,0,1265824,2411750,Cc1c(N=C(S)Nc2ccccc2)c(=O)n(-c2ccccc2)n1C,CN1Cc2cc(-c3ccc(-c4cncc(NS(=O)(=O)c5ccc(Br)cc5Br)c4)s3)ccc2C1=O,24,34,58,24,34,58,10,26,38,3,5,ok,0.000261307,20,1.306535e-05,13065.350,has-match,0,0,,,,,"Query uses generic atoms and generic bonds, similar to CompareAny topology.",
p0089,size-combinations,substruct,substruct_ring_atoms,Substruct ring-chain atoms,0,1265824,2411750,Cc1c(N=C(S)Nc2ccccc2)c(=O)n(-c2ccccc2)n1C,CN1Cc2cc(-c3ccc(-c4cncc(NS(=O)(=O)c5ccc(Br)cc5Br)c4)s3)ccc2C1=O,24,34,58,24,34,58,10,26,38,3,5,ok,3.0763e-05,20,1.53815e-06,1538.150,has-match,0,0,,,,,Query adds ring/chain atom constraints; closest substruct analog to ringMatchesRingOnly.,
p0090,size-combinations,mcs,mcs_any_atom_bond,MCS CompareAny atoms/bonds,0,2152308,433004,Clc1ccccc1Nc1c2ccccc2nc2c1[nH]c1ccccc12,CC(=O)N[C@H](C(=O)N[C@@H](Cc1ccccc1)C[C@H](O)[C@H](Cc1ccccc1)NC(=O)[C@@H]1CN(c2cccc(C(F)(F)F)c2)C(=O)O1)C(C)C,25,49,74,25,49,74,24,29,52,5,4,ok,0.687756965,1,0.687756965,687756965.000,,,,25,25,0,"[#17,#6]-[#6](:,-[#6,#7]:,-[#6]:,-[#6]):,-[#6](:,=[#6,#8])-[#7]-[#6](:,-[#6]:,-[#6]:,-[#6]:,-[#6,#7]:,-[#6]:,-[#6]:,-[#7,#6]:,-[#6,#7]:,-[#6]1:[#6]:[#6]:[#6]:[#6]:[#6]:1):,-[#6]:,-[#7,#6]",Permissive MCS: any atom type and any bond type can match.,
p0090,size-combinations,mcs,mcs_elements_order,MCS elements/order,1,2152308,433004,Clc1ccccc1Nc1c2ccccc2nc2c1[nH]c1ccccc12,CC(=O)N[C@H](C(=O)N[C@@H](Cc1ccccc1)C[C@H](O)[C@H](Cc1ccccc1)NC(=O)[C@@H]1CN(c2cccc(C(F)(F)F)c2)C(=O)O1)C(C)C,25,49,74,25,49,74,24,29,52,5,4,ok,0.019784255,1,0.019784255,19784255.000,,,,20,19,0,"[#6](:,-[#6]:,-[#6]):,-[#6]-[#7]-[#6](:,-[#6]:,-[#6]:[#6]:[#6]:[#6]:[#6]):,-[#6]:,-[#6]:,-[#6]:,-[#6]:,-[#6]:[#6]:[#6]:[#6]",Closest MCS counterpart to a raw SMILES substructure query.,
p0090,size-combinations,mcs,mcs_elements_order_maximize_atoms,MCS elements/order maximize atoms,0,2152308,433004,Clc1ccccc1Nc1c2ccccc2nc2c1[nH]c1ccccc12,CC(=O)N[C@H](C(=O)N[C@@H](Cc1ccccc1)C[C@H](O)[C@H](Cc1ccccc1)NC(=O)[C@@H]1CN(c2cccc(C(F)(F)F)c2)C(=O)O1)C(C)C,25,49,74,25,49,74,24,29,52,5,4,ok,0.019946819,1,0.019946819,19946819.000,,,,20,19,0,"[#6](:,-[#6]:,-[#6]):,-[#6]-[#7]-[#6](:,-[#6]:,-[#6]:[#6]:[#6]:[#6]:[#6]):,-[#6]:,-[#6]:,-[#6]:,-[#6]:,-[#6]:[#6]:[#6]:[#6]","Same element/order comparison, but optimize atom count instead of bond count.",
p0090,size-combinations,mcs,mcs_elements_order_ring_atoms,MCS elements/order ring atoms,0,2152308,433004,Clc1ccccc1Nc1c2ccccc2nc2c1[nH]c1ccccc12,CC(=O)N[C@H](C(=O)N[C@@H](Cc1ccccc1)C[C@H](O)[C@H](Cc1ccccc1)NC(=O)[C@@H]1CN(c2cccc(C(F)(F)F)c2)C(=O)O1)C(C)C,25,49,74,25,49,74,24,29,52,5,4,ok,0.001142629,1,0.001142629,1142629.000,,,,6,6,0,[#6]1:&@[#6]:&@[#6]:&@[#6]:&@[#6]:&@[#6]:&@1,Ring atoms and ring bonds only match ring atoms and ring bonds.,
p0090,size-combinations,mcs,mcs_elements_order_whole_rings,MCS elements/order whole rings,0,2152308,433004,Clc1ccccc1Nc1c2ccccc2nc2c1[nH]c1ccccc12,CC(=O)N[C@H](C(=O)N[C@@H](Cc1ccccc1)C[C@H](O)[C@H](Cc1ccccc1)NC(=O)[C@@H]1CN(c2cccc(C(F)(F)F)c2)C(=O)O1)C(C)C,25,49,74,25,49,74,24,29,52,5,4,ok,0.00102994,1,0.00102994,1029940.000,,,,7,7,0,[#6]1:&@[#6]:&@[#6]:&@[#6]:&@[#6]:&@[#6]:&@1-&!@[#7],MCS completeRingsOnly=True; partial ring MCS results are rejected.,
p0090,size-combinations,mcs,mcs_elements_order_ring_atoms_whole_rings,MCS elements/order ring atoms + whole rings,0,2152308,433004,Clc1ccccc1Nc1c2ccccc2nc2c1[nH]c1ccccc12,CC(=O)N[C@H](C(=O)N[C@@H](Cc1ccccc1)C[C@H](O)[C@H](Cc1ccccc1)NC(=O)[C@@H]1CN(c2cccc(C(F)(F)F)c2)C(=O)O1)C(C)C,25,49,74,25,49,74,24,29,52,5,4,ok,0.000703697,1,0.000703697,703697.000,,,,6,6,0,[#6]1:&@[#6]:&@[#6]:&@[#6]:&@[#6]:&@[#6]:&@1,Both ringMatchesRingOnly and completeRingsOnly are enabled.,
p0090,size-combinations,substruct,substruct_smiles,Substruct raw SMILES,1,2152308,433004,Clc1ccccc1Nc1c2ccccc2nc2c1[nH]c1ccccc12,CC(=O)N[C@H](C(=O)N[C@@H](Cc1ccccc1)C[C@H](O)[C@H](Cc1ccccc1)NC(=O)[C@@H]1CN(c2cccc(C(F)(F)F)c2)C(=O)O1)C(C)C,25,49,74,25,49,74,24,29,52,5,4,ok,2.7649e-05,20,1.38245e-06,1382.450,has-match,0,0,,,,,Best SMILES-substructure baseline. Substructure has no direct completeRingsOnly option.,
p0090,size-combinations,substruct,substruct_elements_any_bond,Substruct elements/any bond,0,2152308,433004,Clc1ccccc1Nc1c2ccccc2nc2c1[nH]c1ccccc12,CC(=O)N[C@H](C(=O)N[C@@H](Cc1ccccc1)C[C@H](O)[C@H](Cc1ccccc1)NC(=O)[C@@H]1CN(c2cccc(C(F)(F)F)c2)C(=O)O1)C(C)C,25,49,74,25,49,74,24,29,52,5,4,ok,2.1089e-05,20,1.05445e-06,1054.450,has-match,0,0,,,,,Query keeps atom elements but uses generic bonds.,
p0090,size-combinations,substruct,substruct_any_atom_bond,Substruct any atoms/bonds,0,2152308,433004,Clc1ccccc1Nc1c2ccccc2nc2c1[nH]c1ccccc12,CC(=O)N[C@H](C(=O)N[C@@H](Cc1ccccc1)C[C@H](O)[C@H](Cc1ccccc1)NC(=O)[C@@H]1CN(c2cccc(C(F)(F)F)c2)C(=O)O1)C(C)C,25,49,74,25,49,74,24,29,52,5,4,ok,0.000432271,20,2.161355e-05,21613.550,has-match,0,0,,,,,"Query uses generic atoms and generic bonds, similar to CompareAny topology.",
p0090,size-combinations,substruct,substruct_ring_atoms,Substruct ring-chain atoms,0,2152308,433004,Clc1ccccc1Nc1c2ccccc2nc2c1[nH]c1ccccc12,CC(=O)N[C@H](C(=O)N[C@@H](Cc1ccccc1)C[C@H](O)[C@H](Cc1ccccc1)NC(=O)[C@@H]1CN(c2cccc(C(F)(F)F)c2)C(=O)O1)C(C)C,25,49,74,25,49,74,24,29,52,5,4,ok,2.9181e-05,20,1.45905e-06,1459.050,has-match,0,0,,,,,Query adds ring/chain atom constraints; closest substruct analog to ringMatchesRingOnly.,
p0091,size-combinations,mcs,mcs_any_atom_bond,MCS CompareAny atoms/bonds,0,2152308,951087,Clc1ccccc1Nc1c2ccccc2nc2c1[nH]c1ccccc12,CCn1c(-c2nonc2N)nc2c(C#CC(C)(C)O)ncc(OCCCNCCCC(=O)NCCOCC(=O)N[C@H](C(=O)N3C[C@H](O)C[C@H]3C(=O)NCc3ccc(-c4scnc4C)cc3)C(C)(C)C)c21,25,70,95,25,70,95,45,29,75,5,6,ok,1.97054847,1,1.97054847,1970548468.000,,,,25,25,0,"[#17,#7]-,:[#6]1:[#6]:[#6]:[#6,#7]:[#6]:[#6]:1-[#7,#8]-[#6]:,-[#6]:,-[#6]:,-[#6,#7]:,-[#6]:,-[#6]:,-[#6]:,-[#7,#6]:,-[#6,#7]:,-[#6]:,-[#7,#6]:,-[#6,#8]:,-[#6]:,-[#6]:,-[#6,#7]:,-[#6]:,-[#6]",Permissive MCS: any atom type and any bond type can match.,
p0091,size-combinations,mcs,mcs_elements_order,MCS elements/order,1,2152308,951087,Clc1ccccc1Nc1c2ccccc2nc2c1[nH]c1ccccc12,CCn1c(-c2nonc2N)nc2c(C#CC(C)(C)O)ncc(OCCCNCCCC(=O)NCCOCC(=O)N[C@H](C(=O)N3C[C@H](O)C[C@H]3C(=O)NCc3ccc(-c4scnc4C)cc3)C(C)(C)C)c21,25,70,95,25,70,95,45,29,75,5,6,ok,0.024201938,1,0.024201938,24201938.000,,,,20,19,0,"[#6](:,-[#6]:,-[#6]):,-[#6]-[#7]-[#6](:,-[#6]:,-[#6]:,-[#6]):,-[#6]:,-[#7]:,-[#6]:,-[#6]:[#6]:[#6]:[#6]:,-[#6]:[#6]:[#7]:[#6]",Closest MCS counterpart to a raw SMILES substructure query.,
p0091,size-combinations,mcs,mcs_elements_order_maximize_atoms,MCS elements/order maximize atoms,0,2152308,951087,Clc1ccccc1Nc1c2ccccc2nc2c1[nH]c1ccccc12,CCn1c(-c2nonc2N)nc2c(C#CC(C)(C)O)ncc(OCCCNCCCC(=O)NCCOCC(=O)N[C@H](C(=O)N3C[C@H](O)C[C@H]3C(=O)NCc3ccc(-c4scnc4C)cc3)C(C)(C)C)c21,25,70,95,25,70,95,45,29,75,5,6,ok,0.024001703,1,0.024001703,24001703.000,,,,20,19,0,"[#6](:,-[#6]:,-[#6]):,-[#6]-[#7]-[#6](:,-[#6]:,-[#6]:,-[#6]):,-[#6]:,-[#7]:,-[#6]:,-[#6]:[#6]:[#6]:[#6]:,-[#6]:[#6]:[#7]:[#6]","Same element/order comparison, but optimize atom count instead of bond count.",
p0091,size-combinations,mcs,mcs_elements_order_ring_atoms,MCS elements/order ring atoms,0,2152308,951087,Clc1ccccc1Nc1c2ccccc2nc2c1[nH]c1ccccc12,CCn1c(-c2nonc2N)nc2c(C#CC(C)(C)O)ncc(OCCCNCCCC(=O)NCCOCC(=O)N[C@H](C(=O)N3C[C@H](O)C[C@H]3C(=O)NCc3ccc(-c4scnc4C)cc3)C(C)(C)C)c21,25,70,95,25,70,95,45,29,75,5,6,ok,0.003616008,1,0.003616008,3616008.000,,,,8,8,0,[#6]1:&@[#6]:&@[#6]:&@[#7]:&@[#6]:&@[#6]:&@1:&@[#7&R]:&@[#6&R],Ring atoms and ring bonds only match ring atoms and ring bonds.,
p0091,size-combinations,mcs,mcs_elements_order_whole_rings,MCS elements/order whole rings,0,2152308,951087,Clc1ccccc1Nc1c2ccccc2nc2c1[nH]c1ccccc12,CCn1c(-c2nonc2N)nc2c(C#CC(C)(C)O)ncc(OCCCNCCCC(=O)NCCOCC(=O)N[C@H](C(=O)N3C[C@H](O)C[C@H]3C(=O)NCc3ccc(-c4scnc4C)cc3)C(C)(C)C)c21,25,70,95,25,70,95,45,29,75,5,6,ok,0.002952959,1,0.002952959,2952959.000,,,,6,6,0,[#6]1:&@[#6]:&@[#6]:&@[#6]:&@[#6]:&@[#6]:&@1,MCS completeRingsOnly=True; partial ring MCS results are rejected.,
p0091,size-combinations,mcs,mcs_elements_order_ring_atoms_whole_rings,MCS elements/order ring atoms + whole rings,0,2152308,951087,Clc1ccccc1Nc1c2ccccc2nc2c1[nH]c1ccccc12,CCn1c(-c2nonc2N)nc2c(C#CC(C)(C)O)ncc(OCCCNCCCC(=O)NCCOCC(=O)N[C@H](C(=O)N3C[C@H](O)C[C@H]3C(=O)NCc3ccc(-c4scnc4C)cc3)C(C)(C)C)c21,25,70,95,25,70,95,45,29,75,5,6,ok,0.002735208,1,0.002735208,2735208.000,,,,6,6,0,[#6]1:&@[#6]:&@[#6]:&@[#6]:&@[#6]:&@[#6]:&@1,Both ringMatchesRingOnly and completeRingsOnly are enabled.,
p0091,size-combinations,substruct,substruct_smiles,Substruct raw SMILES,1,2152308,951087,Clc1ccccc1Nc1c2ccccc2nc2c1[nH]c1ccccc12,CCn1c(-c2nonc2N)nc2c(C#CC(C)(C)O)ncc(OCCCNCCCC(=O)NCCOCC(=O)N[C@H](C(=O)N3C[C@H](O)C[C@H]3C(=O)NCc3ccc(-c4scnc4C)cc3)C(C)(C)C)c21,25,70,95,25,70,95,45,29,75,5,6,ok,3.0448e-05,20,1.5224e-06,1522.400,has-match,0,0,,,,,Best SMILES-substructure baseline. Substructure has no direct completeRingsOnly option.,
p0091,size-combinations,substruct,substruct_elements_any_bond,Substruct elements/any bond,0,2152308,951087,Clc1ccccc1Nc1c2ccccc2nc2c1[nH]c1ccccc12,CCn1c(-c2nonc2N)nc2c(C#CC(C)(C)O)ncc(OCCCNCCCC(=O)NCCOCC(=O)N[C@H](C(=O)N3C[C@H](O)C[C@H]3C(=O)NCc3ccc(-c4scnc4C)cc3)C(C)(C)C)c21,25,70,95,25,70,95,45,29,75,5,6,ok,2.3974e-05,20,1.1987e-06,1198.700,has-match,0,0,,,,,Query keeps atom elements but uses generic bonds.,
p0091,size-combinations,substruct,substruct_any_atom_bond,Substruct any atoms/bonds,0,2152308,951087,Clc1ccccc1Nc1c2ccccc2nc2c1[nH]c1ccccc12,CCn1c(-c2nonc2N)nc2c(C#CC(C)(C)O)ncc(OCCCNCCCC(=O)NCCOCC(=O)N[C@H](C(=O)N3C[C@H](O)C[C@H]3C(=O)NCc3ccc(-c4scnc4C)cc3)C(C)(C)C)c21,25,70,95,25,70,95,45,29,75,5,6,ok,0.000776546,20,3.88273e-05,38827.300,has-match,0,0,,,,,"Query uses generic atoms and generic bonds, similar to CompareAny topology.",
p0091,size-combinations,substruct,substruct_ring_atoms,Substruct ring-chain atoms,0,2152308,951087,Clc1ccccc1Nc1c2ccccc2nc2c1[nH]c1ccccc12,CCn1c(-c2nonc2N)nc2c(C#CC(C)(C)O)ncc(OCCCNCCCC(=O)NCCOCC(=O)N[C@H](C(=O)N3C[C@H](O)C[C@H]3C(=O)NCc3ccc(-c4scnc4C)cc3)C(C)(C)C)c21,25,70,95,25,70,95,45,29,75,5,6,ok,3.3299e-05,20,1.66495e-06,1664.950,has-match,0,0,,,,,Query adds ring/chain atom constraints; closest substruct analog to ringMatchesRingOnly.,
p0092,size-combinations,mcs,mcs_any_atom_bond,MCS CompareAny atoms/bonds,0,2152308,411534,Clc1ccccc1Nc1c2ccccc2nc2c1[nH]c1ccccc12,CSCC[C@H](NC(=O)[C@@H](CC(C)C)NC(=O)CNC(=O)[C@H](Cc1ccccc1)NC(=O)[C@@H](Cc1ccccc1)NC(=O)[C@H](CCC(N)=O)NC(=O)[C@H](CCC(N)=O)NC(=O)[C@@H]1CCCN1C(=O)[C@H](CCCCN)NC(=O)[C@H]1CCCN1C(=O)[C@@H](N)CCCN=C(N)N)C(N)=O,25,95,120,25,95,120,70,29,98,5,4,ok,1.1595608,1,1.1595608,1159560802.000,,,,25,25,0,"[#17,#8]-,=[#6](:,-[#6,#7]:,-[#6]):,-[#6](:,-[#6]:,-[#6])-[#7]-[#6](:,=[#6,#8]):,-[#6](:,-[#6,#7]:,-[#7,#6]:,-[#6]:,-[#6]:,-[#6]:,-[#6]:,-[#6,#7]):,-[#7,#6]:,-[#6]1:[#6]:[#6]:[#6]:[#6]:[#6]:1",Permissive MCS: any atom type and any bond type can match.,
p0092,size-combinations,mcs,mcs_elements_order,MCS elements/order,1,2152308,411534,Clc1ccccc1Nc1c2ccccc2nc2c1[nH]c1ccccc12,CSCC[C@H](NC(=O)[C@@H](CC(C)C)NC(=O)CNC(=O)[C@H](Cc1ccccc1)NC(=O)[C@@H](Cc1ccccc1)NC(=O)[C@H](CCC(N)=O)NC(=O)[C@H](CCC(N)=O)NC(=O)[C@@H]1CCCN1C(=O)[C@H](CCCCN)NC(=O)[C@H]1CCCN1C(=O)[C@@H](N)CCCN=C(N)N)C(N)=O,25,95,120,25,95,120,70,29,98,5,4,ok,0.030940295,1,0.030940295,30940295.000,,,,22,21,0,"[#6](:,-[#6]:,-[#6]:,-[#6]):,-[#6]-[#7]-[#6](:,-[#6]:,-[#6]:[#6]:[#6]:[#6]:[#6]):,-[#6]:,-[#7]:,-[#6]:,-[#6]:,-[#6]:[#6]:[#6]:[#6]:[#6]",Closest MCS counterpart to a raw SMILES substructure query.,
p0092,size-combinations,mcs,mcs_elements_order_maximize_atoms,MCS elements/order maximize atoms,0,2152308,411534,Clc1ccccc1Nc1c2ccccc2nc2c1[nH]c1ccccc12,CSCC[C@H](NC(=O)[C@@H](CC(C)C)NC(=O)CNC(=O)[C@H](Cc1ccccc1)NC(=O)[C@@H](Cc1ccccc1)NC(=O)[C@H](CCC(N)=O)NC(=O)[C@H](CCC(N)=O)NC(=O)[C@@H]1CCCN1C(=O)[C@H](CCCCN)NC(=O)[C@H]1CCCN1C(=O)[C@@H](N)CCCN=C(N)N)C(N)=O,25,95,120,25,95,120,70,29,98,5,4,ok,0.030944008,1,0.030944008,30944008.000,,,,22,21,0,"[#6](:,-[#6]:,-[#6]:,-[#6]):,-[#6]-[#7]-[#6](:,-[#6]:,-[#6]:[#6]:[#6]:[#6]:[#6]):,-[#6]:,-[#7]:,-[#6]:,-[#6]:,-[#6]:[#6]:[#6]:[#6]:[#6]","Same element/order comparison, but optimize atom count instead of bond count.",
p0092,size-combinations,mcs,mcs_elements_order_ring_atoms,MCS elements/order ring atoms,0,2152308,411534,Clc1ccccc1Nc1c2ccccc2nc2c1[nH]c1ccccc12,CSCC[C@H](NC(=O)[C@@H](CC(C)C)NC(=O)CNC(=O)[C@H](Cc1ccccc1)NC(=O)[C@@H](Cc1ccccc1)NC(=O)[C@H](CCC(N)=O)NC(=O)[C@H](CCC(N)=O)NC(=O)[C@@H]1CCCN1C(=O)[C@H](CCCCN)NC(=O)[C@H]1CCCN1C(=O)[C@@H](N)CCCN=C(N)N)C(N)=O,25,95,120,25,95,120,70,29,98,5,4,ok,0.001654425,1,0.001654425,1654425.000,,,,6,6,0,[#6]1:&@[#6]:&@[#6]:&@[#6]:&@[#6]:&@[#6]:&@1,Ring atoms and ring bonds only match ring atoms and ring bonds.,
p0092,size-combinations,mcs,mcs_elements_order_whole_rings,MCS elements/order whole rings,0,2152308,411534,Clc1ccccc1Nc1c2ccccc2nc2c1[nH]c1ccccc12,CSCC[C@H](NC(=O)[C@@H](CC(C)C)NC(=O)CNC(=O)[C@H](Cc1ccccc1)NC(=O)[C@@H](Cc1ccccc1)NC(=O)[C@H](CCC(N)=O)NC(=O)[C@H](CCC(N)=O)NC(=O)[C@@H]1CCCN1C(=O)[C@H](CCCCN)NC(=O)[C@H]1CCCN1C(=O)[C@@H](N)CCCN=C(N)N)C(N)=O,25,95,120,25,95,120,70,29,98,5,4,ok,0.001158823,1,0.001158823,1158823.000,,,,6,6,0,[#6]1:&@[#6]:&@[#6]:&@[#6]:&@[#6]:&@[#6]:&@1,MCS completeRingsOnly=True; partial ring MCS results are rejected.,
p0092,size-combinations,mcs,mcs_elements_order_ring_atoms_whole_rings,MCS elements/order ring atoms + whole rings,0,2152308,411534,Clc1ccccc1Nc1c2ccccc2nc2c1[nH]c1ccccc12,CSCC[C@H](NC(=O)[C@@H](CC(C)C)NC(=O)CNC(=O)[C@H](Cc1ccccc1)NC(=O)[C@@H](Cc1ccccc1)NC(=O)[C@H](CCC(N)=O)NC(=O)[C@H](CCC(N)=O)NC(=O)[C@@H]1CCCN1C(=O)[C@H](CCCCN)NC(=O)[C@H]1CCCN1C(=O)[C@@H](N)CCCN=C(N)N)C(N)=O,25,95,120,25,95,120,70,29,98,5,4,ok,0.000910931,1,0.000910931,910931.000,,,,6,6,0,[#6]1:&@[#6]:&@[#6]:&@[#6]:&@[#6]:&@[#6]:&@1,Both ringMatchesRingOnly and completeRingsOnly are enabled.,
p0092,size-combinations,substruct,substruct_smiles,Substruct raw SMILES,1,2152308,411534,Clc1ccccc1Nc1c2ccccc2nc2c1[nH]c1ccccc12,CSCC[C@H](NC(=O)[C@@H](CC(C)C)NC(=O)CNC(=O)[C@H](Cc1ccccc1)NC(=O)[C@@H](Cc1ccccc1)NC(=O)[C@H](CCC(N)=O)NC(=O)[C@H](CCC(N)=O)NC(=O)[C@@H]1CCCN1C(=O)[C@H](CCCCN)NC(=O)[C@H]1CCCN1C(=O)[C@@H](N)CCCN=C(N)N)C(N)=O,25,95,120,25,95,120,70,29,98,5,4,ok,3.3728e-05,20,1.6864e-06,1686.400,has-match,0,0,,,,,Best SMILES-substructure baseline. Substructure has no direct completeRingsOnly option.,
p0092,size-combinations,substruct,substruct_elements_any_bond,Substruct elements/any bond,0,2152308,411534,Clc1ccccc1Nc1c2ccccc2nc2c1[nH]c1ccccc12,CSCC[C@H](NC(=O)[C@@H](CC(C)C)NC(=O)CNC(=O)[C@H](Cc1ccccc1)NC(=O)[C@@H](Cc1ccccc1)NC(=O)[C@H](CCC(N)=O)NC(=O)[C@H](CCC(N)=O)NC(=O)[C@@H]1CCCN1C(=O)[C@H](CCCCN)NC(=O)[C@H]1CCCN1C(=O)[C@@H](N)CCCN=C(N)N)C(N)=O,25,95,120,25,95,120,70,29,98,5,4,ok,2.8572e-05,20,1.4286e-06,1428.600,has-match,0,0,,,,,Query keeps atom elements but uses generic bonds.,
p0092,size-combinations,substruct,substruct_any_atom_bond,Substruct any atoms/bonds,0,2152308,411534,Clc1ccccc1Nc1c2ccccc2nc2c1[nH]c1ccccc12,CSCC[C@H](NC(=O)[C@@H](CC(C)C)NC(=O)CNC(=O)[C@H](Cc1ccccc1)NC(=O)[C@@H](Cc1ccccc1)NC(=O)[C@H](CCC(N)=O)NC(=O)[C@H](CCC(N)=O)NC(=O)[C@@H]1CCCN1C(=O)[C@H](CCCCN)NC(=O)[C@H]1CCCN1C(=O)[C@@H](N)CCCN=C(N)N)C(N)=O,25,95,120,25,95,120,70,29,98,5,4,ok,0.000732847,20,3.664235e-05,36642.350,has-match,0,0,,,,,"Query uses generic atoms and generic bonds, similar to CompareAny topology.",
p0092,size-combinations,substruct,substruct_ring_atoms,Substruct ring-chain atoms,0,2152308,411534,Clc1ccccc1Nc1c2ccccc2nc2c1[nH]c1ccccc12,CSCC[C@H](NC(=O)[C@@H](CC(C)C)NC(=O)CNC(=O)[C@H](Cc1ccccc1)NC(=O)[C@@H](Cc1ccccc1)NC(=O)[C@H](CCC(N)=O)NC(=O)[C@H](CCC(N)=O)NC(=O)[C@@H]1CCCN1C(=O)[C@H](CCCCN)NC(=O)[C@H]1CCCN1C(=O)[C@@H](N)CCCN=C(N)N)C(N)=O,25,95,120,25,95,120,70,29,98,5,4,ok,3.895e-05,20,1.9475e-06,1947.500,has-match,0,0,,,,,Query adds ring/chain atom constraints; closest substruct analog to ringMatchesRingOnly.,
p0093,size-combinations,mcs,mcs_any_atom_bond,MCS CompareAny atoms/bonds,0,391389,480160,Cc1c(Cc2c(Cl)cccc2Cl)c(=O)ccn1Cc1ccc([N+](=O)[O-])cc1,COC(=O)N[C@H](C(=O)N1[C@H](c2ncc(-c3ccc4c(c3)-c3ccc(-c5cnc([C@@H]6C[C@@H]7CCC[C@@H]7N6C(=O)[C@@H](NC(=O)OC)[C@@H](C)OC)[nH]5)cc3-4)[nH]2)C[C@@H]2CCC[C@@H]21)[C@@H](C)OC.Cl,27,63,90,27,63,90,36,29,70,3,9,ok,0.158281747,1,0.158281747,158281747.000,,,,27,27,0,"[#6,#7]-,:[#6]:[#6](-,:[#6,#7]-,:[#6]:,-[#6](:,-[#6,#7]:,-[#6]:,-[#6]:,-[#6,#7]-[#17,#6])-[#17,#6]):,-[#6](=,:[#8,#6]):[#6]:[#6]:[#7,#6]-,:[#6]-[#6]1:[#6]:[#6]:[#6](:[#6]:[#6]:1)-[#7,#6](=,:[#8,#6])-,:[#8,#7]",Permissive MCS: any atom type and any bond type can match.,
p0093,size-combinations,mcs,mcs_elements_order,MCS elements/order,1,391389,480160,Cc1c(Cc2c(Cl)cccc2Cl)c(=O)ccn1Cc1ccc([N+](=O)[O-])cc1,COC(=O)N[C@H](C(=O)N1[C@H](c2ncc(-c3ccc4c(c3)-c3ccc(-c5cnc([C@@H]6C[C@@H]7CCC[C@@H]7N6C(=O)[C@@H](NC(=O)OC)[C@@H](C)OC)[nH]5)cc3-4)[nH]2)C[C@@H]2CCC[C@@H]21)[C@@H](C)OC.Cl,27,63,90,27,63,90,36,29,70,3,9,ok,0.007433516,1,0.007433516,7433516.000,,,,22,21,0,"[#6]-,:[#6](:,-[#6](-,:[#6]-,:[#6]:[#6]:,-[#6]:[#6]:[#6]:[#6]):[#6]:[#6]:,-[#6]):[#7]-,:[#6]-[#6]:,-[#6]:,-[#6]:,-[#6](:,-[#6]:,-[#6])-[#7]",Closest MCS counterpart to a raw SMILES substructure query.,
p0093,size-combinations,mcs,mcs_elements_order_maximize_atoms,MCS elements/order maximize atoms,0,391389,480160,Cc1c(Cc2c(Cl)cccc2Cl)c(=O)ccn1Cc1ccc([N+](=O)[O-])cc1,COC(=O)N[C@H](C(=O)N1[C@H](c2ncc(-c3ccc4c(c3)-c3ccc(-c5cnc([C@@H]6C[C@@H]7CCC[C@@H]7N6C(=O)[C@@H](NC(=O)OC)[C@@H](C)OC)[nH]5)cc3-4)[nH]2)C[C@@H]2CCC[C@@H]21)[C@@H](C)OC.Cl,27,63,90,27,63,90,36,29,70,3,9,ok,0.007056418,1,0.007056418,7056418.000,,,,22,21,0,"[#6]-,:[#6](:,-[#6](-,:[#6]-,:[#6]:[#6]:,-[#6]:[#6]:[#6]:[#6]):[#6]:[#6]:,-[#6]):[#7]-,:[#6]-[#6]:,-[#6]:,-[#6]:,-[#6](:,-[#6]:,-[#6])-[#7]","Same element/order comparison, but optimize atom count instead of bond count.",
p0093,size-combinations,mcs,mcs_elements_order_ring_atoms,MCS elements/order ring atoms,0,391389,480160,Cc1c(Cc2c(Cl)cccc2Cl)c(=O)ccn1Cc1ccc([N+](=O)[O-])cc1,COC(=O)N[C@H](C(=O)N1[C@H](c2ncc(-c3ccc4c(c3)-c3ccc(-c5cnc([C@@H]6C[C@@H]7CCC[C@@H]7N6C(=O)[C@@H](NC(=O)OC)[C@@H](C)OC)[nH]5)cc3-4)[nH]2)C[C@@H]2CCC[C@@H]21)[C@@H](C)OC.Cl,27,63,90,27,63,90,36,29,70,3,9,ok,0.000506304,1,0.000506304,506304.000,,,,7,6,0,"[#6&R](:,-;@[#6&R]:,-;@[#6&R]:,-;@[#6&R]):,-;@[#7&R](:,-;@[#6&R])-&!@[#6&!R]",Ring atoms and ring bonds only match ring atoms and ring bonds.,
p0093,size-combinations,mcs,mcs_elements_order_whole_rings,MCS elements/order whole rings,0,391389,480160,Cc1c(Cc2c(Cl)cccc2Cl)c(=O)ccn1Cc1ccc([N+](=O)[O-])cc1,COC(=O)N[C@H](C(=O)N1[C@H](c2ncc(-c3ccc4c(c3)-c3ccc(-c5cnc([C@@H]6C[C@@H]7CCC[C@@H]7N6C(=O)[C@@H](NC(=O)OC)[C@@H](C)OC)[nH]5)cc3-4)[nH]2)C[C@@H]2CCC[C@@H]21)[C@@H](C)OC.Cl,27,63,90,27,63,90,36,29,70,3,9,ok,0.001135699,1,0.001135699,1135699.000,,,,7,7,0,[#6]-&!@[#6]1:&@[#6]:&@[#6]:&@[#6]:&@[#6]:&@[#6]:&@1,MCS completeRingsOnly=True; partial ring MCS results are rejected.,
p0093,size-combinations,mcs,mcs_elements_order_ring_atoms_whole_rings,MCS elements/order ring atoms + whole rings,0,391389,480160,Cc1c(Cc2c(Cl)cccc2Cl)c(=O)ccn1Cc1ccc([N+](=O)[O-])cc1,COC(=O)N[C@H](C(=O)N1[C@H](c2ncc(-c3ccc4c(c3)-c3ccc(-c5cnc([C@@H]6C[C@@H]7CCC[C@@H]7N6C(=O)[C@@H](NC(=O)OC)[C@@H](C)OC)[nH]5)cc3-4)[nH]2)C[C@@H]2CCC[C@@H]21)[C@@H](C)OC.Cl,27,63,90,27,63,90,36,29,70,3,9,ok,0.000569216,1,0.000569216,569216.000,,,,6,6,0,[#6]1:&@[#6]:&@[#6]:&@[#6]:&@[#6]:&@[#6]:&@1,Both ringMatchesRingOnly and completeRingsOnly are enabled.,
p0093,size-combinations,substruct,substruct_smiles,Substruct raw SMILES,1,391389,480160,Cc1c(Cc2c(Cl)cccc2Cl)c(=O)ccn1Cc1ccc([N+](=O)[O-])cc1,COC(=O)N[C@H](C(=O)N1[C@H](c2ncc(-c3ccc4c(c3)-c3ccc(-c5cnc([C@@H]6C[C@@H]7CCC[C@@H]7N6C(=O)[C@@H](NC(=O)OC)[C@@H](C)OC)[nH]5)cc3-4)[nH]2)C[C@@H]2CCC[C@@H]21)[C@@H](C)OC.Cl,27,63,90,27,63,90,36,29,70,3,9,ok,0.00010236,20,5.118e-06,5118.000,has-match,0,0,,,,,Best SMILES-substructure baseline. Substructure has no direct completeRingsOnly option.,
p0093,size-combinations,substruct,substruct_elements_any_bond,Substruct elements/any bond,0,391389,480160,Cc1c(Cc2c(Cl)cccc2Cl)c(=O)ccn1Cc1ccc([N+](=O)[O-])cc1,COC(=O)N[C@H](C(=O)N1[C@H](c2ncc(-c3ccc4c(c3)-c3ccc(-c5cnc([C@@H]6C[C@@H]7CCC[C@@H]7N6C(=O)[C@@H](NC(=O)OC)[C@@H](C)OC)[nH]5)cc3-4)[nH]2)C[C@@H]2CCC[C@@H]21)[C@@H](C)OC.Cl,27,63,90,27,63,90,36,29,70,3,9,ok,0.00018554,20,9.277e-06,9277.000,has-match,0,0,,,,,Query keeps atom elements but uses generic bonds.,
p0093,size-combinations,substruct,substruct_any_atom_bond,Substruct any atoms/bonds,0,391389,480160,Cc1c(Cc2c(Cl)cccc2Cl)c(=O)ccn1Cc1ccc([N+](=O)[O-])cc1,COC(=O)N[C@H](C(=O)N1[C@H](c2ncc(-c3ccc4c(c3)-c3ccc(-c5cnc([C@@H]6C[C@@H]7CCC[C@@H]7N6C(=O)[C@@H](NC(=O)OC)[C@@H](C)OC)[nH]5)cc3-4)[nH]2)C[C@@H]2CCC[C@@H]21)[C@@H](C)OC.Cl,27,63,90,27,63,90,36,29,70,3,9,ok,0.000973098,20,4.86549e-05,48654.900,has-match,0,0,,,,,"Query uses generic atoms and generic bonds, similar to CompareAny topology.",
p0093,size-combinations,substruct,substruct_ring_atoms,Substruct ring-chain atoms,0,391389,480160,Cc1c(Cc2c(Cl)cccc2Cl)c(=O)ccn1Cc1ccc([N+](=O)[O-])cc1,COC(=O)N[C@H](C(=O)N1[C@H](c2ncc(-c3ccc4c(c3)-c3ccc(-c5cnc([C@@H]6C[C@@H]7CCC[C@@H]7N6C(=O)[C@@H](NC(=O)OC)[C@@H](C)OC)[nH]5)cc3-4)[nH]2)C[C@@H]2CCC[C@@H]21)[C@@H](C)OC.Cl,27,63,90,27,63,90,36,29,70,3,9,ok,5.0067e-05,20,2.50335e-06,2503.350,has-match,0,0,,,,,Query adds ring/chain atom constraints; closest substruct analog to ringMatchesRingOnly.,
p0094,size-combinations,mcs,mcs_any_atom_bond,MCS CompareAny atoms/bonds,0,125408,601974,N[C@@H](Cc1ccccc1)C(=O)N[C@@H](CCC(=O)O)C(=O)N1CCC[C@H]1C(=O)O,CC[C@H](N)C(=O)N[C@@H]1C(=O)N2[C@@H](CC[C@@H]1CNC(=O)c1cn(C[C@H]3CC[C@H]4CC[C@@H](C(=O)NC(c5ccccc5)c5ccccc5)N4C(=O)[C@H]3NC(=O)[C@@H](N)CC)nn1)CC[C@H]2C(=O)NC(c1ccccc1)c1ccccc1.Cl.Cl,28,80,108,28,80,108,52,29,86,2,9,ok,0.02739802,1,0.02739802,27398020.000,,,,28,27,0,"[#7,#6]-[#6](-[#6]-[#6,#7]:,-[#6]:,-[#6]:[#6]:[#6]:[#6])-[#6,#7](=,-[#8,#6])-[#7,#6]-[#6](-[#6,#7]-[#6]-[#6](=,-[#8,#7])-[#8,#6])-[#6](=,-[#8,#6])-[#7,#6]-[#6,#7]-,:[#6,#7]-,:[#6,#7]-,:[#6]-[#6](=,-[#8,#7])-,=[#8]",Permissive MCS: any atom type and any bond type can match.,
p0094,size-combinations,mcs,mcs_elements_order,MCS elements/order,1,125408,601974,N[C@@H](Cc1ccccc1)C(=O)N[C@@H](CCC(=O)O)C(=O)N1CCC[C@H]1C(=O)O,CC[C@H](N)C(=O)N[C@@H]1C(=O)N2[C@@H](CC[C@@H]1CNC(=O)c1cn(C[C@H]3CC[C@H]4CC[C@@H](C(=O)NC(c5ccccc5)c5ccccc5)N4C(=O)[C@H]3NC(=O)[C@@H](N)CC)nn1)CC[C@H]2C(=O)NC(c1ccccc1)c1ccccc1.Cl.Cl,28,80,108,28,80,108,52,29,86,2,9,ok,0.006278777,1,0.006278777,6278777.000,,,,20,20,0,[#7]-[#6](-[#6]-[#6])-[#6](=[#8])-[#7]-[#6](-[#6]-[#6]-[#6])-[#6](=[#8])-[#7]1-[#6]-[#6]-[#6]-[#6]-1-[#6]=[#8],Closest MCS counterpart to a raw SMILES substructure query.,
p0094,size-combinations,mcs,mcs_elements_order_maximize_atoms,MCS elements/order maximize atoms,0,125408,601974,N[C@@H](Cc1ccccc1)C(=O)N[C@@H](CCC(=O)O)C(=O)N1CCC[C@H]1C(=O)O,CC[C@H](N)C(=O)N[C@@H]1C(=O)N2[C@@H](CC[C@@H]1CNC(=O)c1cn(C[C@H]3CC[C@H]4CC[C@@H](C(=O)NC(c5ccccc5)c5ccccc5)N4C(=O)[C@H]3NC(=O)[C@@H](N)CC)nn1)CC[C@H]2C(=O)NC(c1ccccc1)c1ccccc1.Cl.Cl,28,80,108,28,80,108,52,29,86,2,9,ok,0.006390663,1,0.006390663,6390663.000,,,,20,20,0,[#7]-[#6](-[#6]-[#6])-[#6](=[#8])-[#7]-[#6](-[#6]-[#6]-[#6])-[#6](=[#8])-[#7]1-[#6]-[#6]-[#6]-[#6]-1-[#6]=[#8],"Same element/order comparison, but optimize atom count instead of bond count.",
p0094,size-combinations,mcs,mcs_elements_order_ring_atoms,MCS elements/order ring atoms,0,125408,601974,N[C@@H](Cc1ccccc1)C(=O)N[C@@H](CCC(=O)O)C(=O)N1CCC[C@H]1C(=O)O,CC[C@H](N)C(=O)N[C@@H]1C(=O)N2[C@@H](CC[C@@H]1CNC(=O)c1cn(C[C@H]3CC[C@H]4CC[C@@H](C(=O)NC(c5ccccc5)c5ccccc5)N4C(=O)[C@H]3NC(=O)[C@@H](N)CC)nn1)CC[C@H]2C(=O)NC(c1ccccc1)c1ccccc1.Cl.Cl,28,80,108,28,80,108,52,29,86,2,9,ok,0.000705802,1,0.000705802,705802.000,,,,7,7,0,[#6&!R]-&!@[#6]1:&@[#6]:&@[#6]:&@[#6]:&@[#6]:&@[#6]:&@1,Ring atoms and ring bonds only match ring atoms and ring bonds.,
p0094,size-combinations,mcs,mcs_elements_order_whole_rings,MCS elements/order whole rings,0,125408,601974,N[C@@H](Cc1ccccc1)C(=O)N[C@@H](CCC(=O)O)C(=O)N1CCC[C@H]1C(=O)O,CC[C@H](N)C(=O)N[C@@H]1C(=O)N2[C@@H](CC[C@@H]1CNC(=O)c1cn(C[C@H]3CC[C@H]4CC[C@@H](C(=O)NC(c5ccccc5)c5ccccc5)N4C(=O)[C@H]3NC(=O)[C@@H](N)CC)nn1)CC[C@H]2C(=O)NC(c1ccccc1)c1ccccc1.Cl.Cl,28,80,108,28,80,108,52,29,86,2,9,ok,0.00123423,1,0.00123423,1234230.000,,,,8,8,0,[#6]-&!@[#6]-&!@[#6]1:&@[#6]:&@[#6]:&@[#6]:&@[#6]:&@[#6]:&@1,MCS completeRingsOnly=True; partial ring MCS results are rejected.,
p0094,size-combinations,mcs,mcs_elements_order_ring_atoms_whole_rings,MCS elements/order ring atoms + whole rings,0,125408,601974,N[C@@H](Cc1ccccc1)C(=O)N[C@@H](CCC(=O)O)C(=O)N1CCC[C@H]1C(=O)O,CC[C@H](N)C(=O)N[C@@H]1C(=O)N2[C@@H](CC[C@@H]1CNC(=O)c1cn(C[C@H]3CC[C@H]4CC[C@@H](C(=O)NC(c5ccccc5)c5ccccc5)N4C(=O)[C@H]3NC(=O)[C@@H](N)CC)nn1)CC[C@H]2C(=O)NC(c1ccccc1)c1ccccc1.Cl.Cl,28,80,108,28,80,108,52,29,86,2,9,ok,0.000682688,1,0.000682688,682688.000,,,,7,7,0,[#6&!R]-&!@[#6]1:&@[#6]:&@[#6]:&@[#6]:&@[#6]:&@[#6]:&@1,Both ringMatchesRingOnly and completeRingsOnly are enabled.,
p0094,size-combinations,substruct,substruct_smiles,Substruct raw SMILES,1,125408,601974,N[C@@H](Cc1ccccc1)C(=O)N[C@@H](CCC(=O)O)C(=O)N1CCC[C@H]1C(=O)O,CC[C@H](N)C(=O)N[C@@H]1C(=O)N2[C@@H](CC[C@@H]1CNC(=O)c1cn(C[C@H]3CC[C@H]4CC[C@@H](C(=O)NC(c5ccccc5)c5ccccc5)N4C(=O)[C@H]3NC(=O)[C@@H](N)CC)nn1)CC[C@H]2C(=O)NC(c1ccccc1)c1ccccc1.Cl.Cl,28,80,108,28,80,108,52,29,86,2,9,ok,7.6974e-05,20,3.8487e-06,3848.700,has-match,0,0,,,,,Best SMILES-substructure baseline. Substructure has no direct completeRingsOnly option.,
p0094,size-combinations,substruct,substruct_elements_any_bond,Substruct elements/any bond,0,125408,601974,N[C@@H](Cc1ccccc1)C(=O)N[C@@H](CCC(=O)O)C(=O)N1CCC[C@H]1C(=O)O,CC[C@H](N)C(=O)N[C@@H]1C(=O)N2[C@@H](CC[C@@H]1CNC(=O)c1cn(C[C@H]3CC[C@H]4CC[C@@H](C(=O)NC(c5ccccc5)c5ccccc5)N4C(=O)[C@H]3NC(=O)[C@@H](N)CC)nn1)CC[C@H]2C(=O)NC(c1ccccc1)c1ccccc1.Cl.Cl,28,80,108,28,80,108,52,29,86,2,9,ok,7.8955e-05,20,3.94775e-06,3947.750,has-match,0,0,,,,,Query keeps atom elements but uses generic bonds.,
p0094,size-combinations,substruct,substruct_any_atom_bond,Substruct any atoms/bonds,0,125408,601974,N[C@@H](Cc1ccccc1)C(=O)N[C@@H](CCC(=O)O)C(=O)N1CCC[C@H]1C(=O)O,CC[C@H](N)C(=O)N[C@@H]1C(=O)N2[C@@H](CC[C@@H]1CNC(=O)c1cn(C[C@H]3CC[C@H]4CC[C@@H](C(=O)NC(c5ccccc5)c5ccccc5)N4C(=O)[C@H]3NC(=O)[C@@H](N)CC)nn1)CC[C@H]2C(=O)NC(c1ccccc1)c1ccccc1.Cl.Cl,28,80,108,28,80,108,52,29,86,2,9,ok,0.001046535,20,5.232675e-05,52326.750,has-match,0,0,,,,,"Query uses generic atoms and generic bonds, similar to CompareAny topology.",
p0094,size-combinations,substruct,substruct_ring_atoms,Substruct ring-chain atoms,0,125408,601974,N[C@@H](Cc1ccccc1)C(=O)N[C@@H](CCC(=O)O)C(=O)N1CCC[C@H]1C(=O)O,CC[C@H](N)C(=O)N[C@@H]1C(=O)N2[C@@H](CC[C@@H]1CNC(=O)c1cn(C[C@H]3CC[C@H]4CC[C@@H](C(=O)NC(c5ccccc5)c5ccccc5)N4C(=O)[C@H]3NC(=O)[C@@H](N)CC)nn1)CC[C@H]2C(=O)NC(c1ccccc1)c1ccccc1.Cl.Cl,28,80,108,28,80,108,52,29,86,2,9,ok,6.1434e-05,20,3.0717e-06,3071.700,has-match,0,0,,,,,Query adds ring/chain atom constraints; closest substruct analog to ringMatchesRingOnly.,
p0095,size-combinations,mcs,mcs_any_atom_bond,MCS CompareAny atoms/bonds,0,274411,951087,CNc1cc(Oc2ccc3c(C(=O)Nc4ccc(Cl)cc4)cccc3c2)ccn1,CCn1c(-c2nonc2N)nc2c(C#CC(C)(C)O)ncc(OCCCNCCCC(=O)NCCOCC(=O)N[C@H](C(=O)N3C[C@H](O)C[C@H]3C(=O)NCc3ccc(-c4scnc4C)cc3)C(C)(C)C)c21,29,70,99,29,70,99,41,32,75,4,6,ok,0.242189141,1,0.242189141,242189141.000,,,,29,28,0,"[#6]-[#7,#6]-,:[#6](:,-[#6]:[#6]-,:[#8,#6]-,:[#6](:,-[#6]:,-[#6,#7]:,-[#6]:,-[#6](-[#6,#7](=,-[#8,#6])-[#7,#6]-[#6](:,-[#6,#7]:,-[#6]:,-[#6]-[#17,#8]):,-[#6]:,-[#6]):,-[#6]:,-[#6]:,-[#6,#8]):[#6]:[#6]):[#7,#16]:[#6]:[#6,#7]",Permissive MCS: any atom type and any bond type can match.,
p0095,size-combinations,mcs,mcs_elements_order,MCS elements/order,1,274411,951087,CNc1cc(Oc2ccc3c(C(=O)Nc4ccc(Cl)cc4)cccc3c2)ccn1,CCn1c(-c2nonc2N)nc2c(C#CC(C)(C)O)ncc(OCCCNCCCC(=O)NCCOCC(=O)N[C@H](C(=O)N3C[C@H](O)C[C@H]3C(=O)NCc3ccc(-c4scnc4C)cc3)C(C)(C)C)c21,29,70,99,29,70,99,41,32,75,4,6,ok,0.010544211,1,0.010544211,10544211.000,,,,16,15,0,"[#6](:,-[#6]:[#6]:[#6]:[#6](-[#6]-[#7]-[#6]:,-[#6]:,-[#6]:,-[#6]:,-[#6]):[#6]:[#6]):[#6]:,-[#6]",Closest MCS counterpart to a raw SMILES substructure query.,
p0095,size-combinations,mcs,mcs_elements_order_maximize_atoms,MCS elements/order maximize atoms,0,274411,951087,CNc1cc(Oc2ccc3c(C(=O)Nc4ccc(Cl)cc4)cccc3c2)ccn1,CCn1c(-c2nonc2N)nc2c(C#CC(C)(C)O)ncc(OCCCNCCCC(=O)NCCOCC(=O)N[C@H](C(=O)N3C[C@H](O)C[C@H]3C(=O)NCc3ccc(-c4scnc4C)cc3)C(C)(C)C)c21,29,70,99,29,70,99,41,32,75,4,6,ok,0.009193295,1,0.009193295,9193295.000,,,,16,15,0,"[#6](:,-[#6]:[#6]:[#6]:[#6](-[#6]-[#7]-[#6]:,-[#6]:,-[#6]:,-[#6]:,-[#6]):[#6]:[#6]):[#6]:,-[#6]","Same element/order comparison, but optimize atom count instead of bond count.",
p0095,size-combinations,mcs,mcs_elements_order_ring_atoms,MCS elements/order ring atoms,0,274411,951087,CNc1cc(Oc2ccc3c(C(=O)Nc4ccc(Cl)cc4)cccc3c2)ccn1,CCn1c(-c2nonc2N)nc2c(C#CC(C)(C)O)ncc(OCCCNCCCC(=O)NCCOCC(=O)N[C@H](C(=O)N3C[C@H](O)C[C@H]3C(=O)NCc3ccc(-c4scnc4C)cc3)C(C)(C)C)c21,29,70,99,29,70,99,41,32,75,4,6,ok,0.002074981,1,0.002074981,2074981.000,,,,8,8,0,[#6]1:&@[#6](-&!@[#6&!R]-&!@[#7&!R]):&@[#6]:&@[#6]:&@[#6]:&@[#6]:&@1,Ring atoms and ring bonds only match ring atoms and ring bonds.,
p0095,size-combinations,mcs,mcs_elements_order_whole_rings,MCS elements/order whole rings,0,274411,951087,CNc1cc(Oc2ccc3c(C(=O)Nc4ccc(Cl)cc4)cccc3c2)ccn1,CCn1c(-c2nonc2N)nc2c(C#CC(C)(C)O)ncc(OCCCNCCCC(=O)NCCOCC(=O)N[C@H](C(=O)N3C[C@H](O)C[C@H]3C(=O)NCc3ccc(-c4scnc4C)cc3)C(C)(C)C)c21,29,70,99,29,70,99,41,32,75,4,6,ok,0.001962994,1,0.001962994,1962994.000,,,,9,9,0,[#6]1:&@[#6](-&!@[#6]-&!@[#7]-&!@[#6]):&@[#6]:&@[#6]:&@[#6]:&@[#6]:&@1,MCS completeRingsOnly=True; partial ring MCS results are rejected.,
p0095,size-combinations,mcs,mcs_elements_order_ring_atoms_whole_rings,MCS elements/order ring atoms + whole rings,0,274411,951087,CNc1cc(Oc2ccc3c(C(=O)Nc4ccc(Cl)cc4)cccc3c2)ccn1,CCn1c(-c2nonc2N)nc2c(C#CC(C)(C)O)ncc(OCCCNCCCC(=O)NCCOCC(=O)N[C@H](C(=O)N3C[C@H](O)C[C@H]3C(=O)NCc3ccc(-c4scnc4C)cc3)C(C)(C)C)c21,29,70,99,29,70,99,41,32,75,4,6,ok,0.001454304,1,0.001454304,1454304.000,,,,8,8,0,[#6]1:&@[#6](-&!@[#6&!R]-&!@[#7&!R]):&@[#6]:&@[#6]:&@[#6]:&@[#6]:&@1,Both ringMatchesRingOnly and completeRingsOnly are enabled.,
p0095,size-combinations,substruct,substruct_smiles,Substruct raw SMILES,1,274411,951087,CNc1cc(Oc2ccc3c(C(=O)Nc4ccc(Cl)cc4)cccc3c2)ccn1,CCn1c(-c2nonc2N)nc2c(C#CC(C)(C)O)ncc(OCCCNCCCC(=O)NCCOCC(=O)N[C@H](C(=O)N3C[C@H](O)C[C@H]3C(=O)NCc3ccc(-c4scnc4C)cc3)C(C)(C)C)c21,29,70,99,29,70,99,41,32,75,4,6,ok,8.4654e-05,20,4.2327e-06,4232.700,has-match,0,0,,,,,Best SMILES-substructure baseline. Substructure has no direct completeRingsOnly option.,
p0095,size-combinations,substruct,substruct_elements_any_bond,Substruct elements/any bond,0,274411,951087,CNc1cc(Oc2ccc3c(C(=O)Nc4ccc(Cl)cc4)cccc3c2)ccn1,CCn1c(-c2nonc2N)nc2c(C#CC(C)(C)O)ncc(OCCCNCCCC(=O)NCCOCC(=O)N[C@H](C(=O)N3C[C@H](O)C[C@H]3C(=O)NCc3ccc(-c4scnc4C)cc3)C(C)(C)C)c21,29,70,99,29,70,99,41,32,75,4,6,ok,0.000114705,20,5.73525e-06,5735.250,has-match,0,0,,,,,Query keeps atom elements but uses generic bonds.,
p0095,size-combinations,substruct,substruct_any_atom_bond,Substruct any atoms/bonds,0,274411,951087,CNc1cc(Oc2ccc3c(C(=O)Nc4ccc(Cl)cc4)cccc3c2)ccn1,CCn1c(-c2nonc2N)nc2c(C#CC(C)(C)O)ncc(OCCCNCCCC(=O)NCCOCC(=O)N[C@H](C(=O)N3C[C@H](O)C[C@H]3C(=O)NCc3ccc(-c4scnc4C)cc3)C(C)(C)C)c21,29,70,99,29,70,99,41,32,75,4,6,ok,0.000766166,20,3.83083e-05,38308.300,has-match,0,0,,,,,"Query uses generic atoms and generic bonds, similar to CompareAny topology.",
p0095,size-combinations,substruct,substruct_ring_atoms,Substruct ring-chain atoms,0,274411,951087,CNc1cc(Oc2ccc3c(C(=O)Nc4ccc(Cl)cc4)cccc3c2)ccn1,CCn1c(-c2nonc2N)nc2c(C#CC(C)(C)O)ncc(OCCCNCCCC(=O)NCCOCC(=O)N[C@H](C(=O)N3C[C@H](O)C[C@H]3C(=O)NCc3ccc(-c4scnc4C)cc3)C(C)(C)C)c21,29,70,99,29,70,99,41,32,75,4,6,ok,6.9069e-05,20,3.45345e-06,3453.450,has-match,0,0,,,,,Query adds ring/chain atom constraints; closest substruct analog to ringMatchesRingOnly.,
p0096,size-combinations,mcs,mcs_any_atom_bond,MCS CompareAny atoms/bonds,0,708628,53959,O=C(O)c1cn(Cc2ccc(-c3cccc(CO)n3)cc2)c2c(F)cccc2c1=O,C[C@H](NC(=O)C(Cc1ccccc1)NC(=O)[C@@H](COCc1ccccc1)NC(=O)[C@@H](Cc1ccc(OCc2ccccc2)cc1)NC(=O)[C@@H](Cc1c[nH]cn1)NC(=O)OCc1ccccc1)C(N)=O,30,69,99,30,69,99,39,33,74,4,6,ok,0.073340513,1,0.073340513,73340513.000,,,,30,30,0,"[#8,#6]=,-[#6](-[#8,#6])-[#6,#7]:,-[#6]:,-[#7,#6](-[#6]-[#6]1:[#6]:[#6]:[#6](:[#6]:[#6]:1)-[#6,#8]:,-[#7,#6]:,-[#6](:[#6]:[#6]:[#6])-,:[#6]-,:[#8,#6]):,-[#6,#7]:,-[#6](-,=[#9,#8]):,-[#6]:,-[#6]:,-[#6]:[#6]:[#6,#7]=,:[#8,#6]",Permissive MCS: any atom type and any bond type can match.,
p0096,size-combinations,mcs,mcs_elements_order,MCS elements/order,1,708628,53959,O=C(O)c1cn(Cc2ccc(-c3cccc(CO)n3)cc2)c2c(F)cccc2c1=O,C[C@H](NC(=O)C(Cc1ccccc1)NC(=O)[C@@H](COCc1ccccc1)NC(=O)[C@@H](Cc1ccc(OCc2ccccc2)cc1)NC(=O)[C@@H](Cc1c[nH]cn1)NC(=O)OCc1ccccc1)C(N)=O,30,69,99,30,69,99,39,33,74,4,6,ok,0.008069547,1,0.008069547,8069547.000,,,,14,13,0,"[#6]-,:[#6]:,-[#6]:,-[#6]:,-[#6]:,-[#7]-[#6]-[#6]:,-[#6]:[#6]:[#6]-,:[#6]:[#6]:[#6]",Closest MCS counterpart to a raw SMILES substructure query.,
p0096,size-combinations,mcs,mcs_elements_order_maximize_atoms,MCS elements/order maximize atoms,0,708628,53959,O=C(O)c1cn(Cc2ccc(-c3cccc(CO)n3)cc2)c2c(F)cccc2c1=O,C[C@H](NC(=O)C(Cc1ccccc1)NC(=O)[C@@H](COCc1ccccc1)NC(=O)[C@@H](Cc1ccc(OCc2ccccc2)cc1)NC(=O)[C@@H](Cc1c[nH]cn1)NC(=O)OCc1ccccc1)C(N)=O,30,69,99,30,69,99,39,33,74,4,6,ok,0.007498453,1,0.007498453,7498453.000,,,,14,13,0,"[#6]-,:[#6]:,-[#6]:,-[#6]:,-[#6]:,-[#7]-[#6]-[#6]:,-[#6]:[#6]:[#6]-,:[#6]:[#6]:[#6]","Same element/order comparison, but optimize atom count instead of bond count.",
p0096,size-combinations,mcs,mcs_elements_order_ring_atoms,MCS elements/order ring atoms,0,708628,53959,O=C(O)c1cn(Cc2ccc(-c3cccc(CO)n3)cc2)c2c(F)cccc2c1=O,C[C@H](NC(=O)C(Cc1ccccc1)NC(=O)[C@@H](COCc1ccccc1)NC(=O)[C@@H](Cc1ccc(OCc2ccccc2)cc1)NC(=O)[C@@H](Cc1c[nH]cn1)NC(=O)OCc1ccccc1)C(N)=O,30,69,99,30,69,99,39,33,74,4,6,ok,0.001054472,1,0.001054472,1054472.000,,,,8,7,0,[#6&!R](-&!@[#8&!R])-&!@[#6&R](:&@[#6&R]):&@[#6&R]:&@[#6&R]:&@[#6&R]:&@[#6&R],Ring atoms and ring bonds only match ring atoms and ring bonds.,
p0096,size-combinations,mcs,mcs_elements_order_whole_rings,MCS elements/order whole rings,0,708628,53959,O=C(O)c1cn(Cc2ccc(-c3cccc(CO)n3)cc2)c2c(F)cccc2c1=O,C[C@H](NC(=O)C(Cc1ccccc1)NC(=O)[C@@H](COCc1ccccc1)NC(=O)[C@@H](Cc1ccc(OCc2ccccc2)cc1)NC(=O)[C@@H](Cc1c[nH]cn1)NC(=O)OCc1ccccc1)C(N)=O,30,69,99,30,69,99,39,33,74,4,6,ok,0.001501864,1,0.001501864,1501864.000,,,,7,7,0,[#6]-&!@[#6]1:&@[#6]:&@[#6]:&@[#6]:&@[#6]:&@[#6]:&@1,MCS completeRingsOnly=True; partial ring MCS results are rejected.,
p0096,size-combinations,mcs,mcs_elements_order_ring_atoms_whole_rings,MCS elements/order ring atoms + whole rings,0,708628,53959,O=C(O)c1cn(Cc2ccc(-c3cccc(CO)n3)cc2)c2c(F)cccc2c1=O,C[C@H](NC(=O)C(Cc1ccccc1)NC(=O)[C@@H](COCc1ccccc1)NC(=O)[C@@H](Cc1ccc(OCc2ccccc2)cc1)NC(=O)[C@@H](Cc1c[nH]cn1)NC(=O)OCc1ccccc1)C(N)=O,30,69,99,30,69,99,39,33,74,4,6,ok,0.000874499,1,0.000874499,874499.000,,,,7,7,0,[#6&!R]-&!@[#6]1:&@[#6]:&@[#6]:&@[#6]:&@[#6]:&@[#6]:&@1,Both ringMatchesRingOnly and completeRingsOnly are enabled.,
p0096,size-combinations,substruct,substruct_smiles,Substruct raw SMILES,1,708628,53959,O=C(O)c1cn(Cc2ccc(-c3cccc(CO)n3)cc2)c2c(F)cccc2c1=O,C[C@H](NC(=O)C(Cc1ccccc1)NC(=O)[C@@H](COCc1ccccc1)NC(=O)[C@@H](Cc1ccc(OCc2ccccc2)cc1)NC(=O)[C@@H](Cc1c[nH]cn1)NC(=O)OCc1ccccc1)C(N)=O,30,69,99,30,69,99,39,33,74,4,6,ok,4.5759e-05,20,2.28795e-06,2287.950,has-match,0,0,,,,,Best SMILES-substructure baseline. Substructure has no direct completeRingsOnly option.,
p0096,size-combinations,substruct,substruct_elements_any_bond,Substruct elements/any bond,0,708628,53959,O=C(O)c1cn(Cc2ccc(-c3cccc(CO)n3)cc2)c2c(F)cccc2c1=O,C[C@H](NC(=O)C(Cc1ccccc1)NC(=O)[C@@H](COCc1ccccc1)NC(=O)[C@@H](Cc1ccc(OCc2ccccc2)cc1)NC(=O)[C@@H](Cc1c[nH]cn1)NC(=O)OCc1ccccc1)C(N)=O,30,69,99,30,69,99,39,33,74,4,6,ok,3.8395e-05,20,1.91975e-06,1919.750,has-match,0,0,,,,,Query keeps atom elements but uses generic bonds.,
p0096,size-combinations,substruct,substruct_any_atom_bond,Substruct any atoms/bonds,0,708628,53959,O=C(O)c1cn(Cc2ccc(-c3cccc(CO)n3)cc2)c2c(F)cccc2c1=O,C[C@H](NC(=O)C(Cc1ccccc1)NC(=O)[C@@H](COCc1ccccc1)NC(=O)[C@@H](Cc1ccc(OCc2ccccc2)cc1)NC(=O)[C@@H](Cc1c[nH]cn1)NC(=O)OCc1ccccc1)C(N)=O,30,69,99,30,69,99,39,33,74,4,6,ok,0.000279333,20,1.396665e-05,13966.650,has-match,0,0,,,,,"Query uses generic atoms and generic bonds, similar to CompareAny topology.",
p0096,size-combinations,substruct,substruct_ring_atoms,Substruct ring-chain atoms,0,708628,53959,O=C(O)c1cn(Cc2ccc(-c3cccc(CO)n3)cc2)c2c(F)cccc2c1=O,C[C@H](NC(=O)C(Cc1ccccc1)NC(=O)[C@@H](COCc1ccccc1)NC(=O)[C@@H](Cc1ccc(OCc2ccccc2)cc1)NC(=O)[C@@H](Cc1c[nH]cn1)NC(=O)OCc1ccccc1)C(N)=O,30,69,99,30,69,99,39,33,74,4,6,ok,5.0524e-05,20,2.5262e-06,2526.200,has-match,0,0,,,,,Query adds ring/chain atom constraints; closest substruct analog to ringMatchesRingOnly.,
p0097,size-combinations,mcs,mcs_any_atom_bond,MCS CompareAny atoms/bonds,0,669238,1103351,CCOC(=O)c1c(NC(NC(=O)c2ccc(C(C)(C)C)cc2)C(Cl)(Cl)Cl)sc2c1CCCC2,Cn1cc(C(=O)N2C[C@@H]3NC(=O)c4ccc(Cl)c(c4)OCCCn4cc(nn4)CO[C@H]3C2)ccc1=O,33,36,69,33,36,69,3,35,40,3,5,ok,0.178538862,1,0.178538862,178538862.000,,,,30,29,0,"[#6]-[#6]-,:[#8,#6]-,:[#6](=,:[#8,#6])-[#6,#8]:,-[#6]-[#6]-[#6]-[#6,#7]-,:[#6,#7]-,:[#6,#7]:[#16,#6]:,-[#6]-[#7,#8]-[#6](-[#7,#6]-[#6,#7]-[#6](:,-[#6]:[#6]:[#6,#7](-,:[#6](-,:[#6])-,=[#6,#8]):,-[#6]):,=[#6,#8])-[#6](-[#17,#6])-[#17,#7]",Permissive MCS: any atom type and any bond type can match.,
p0097,size-combinations,mcs,mcs_elements_order,MCS elements/order,1,669238,1103351,CCOC(=O)c1c(NC(NC(=O)c2ccc(C(C)(C)C)cc2)C(Cl)(Cl)Cl)sc2c1CCCC2,Cn1cc(C(=O)N2C[C@@H]3NC(=O)c4ccc(Cl)c(c4)OCCCn4cc(nn4)CO[C@H]3C2)ccc1=O,33,36,69,33,36,69,3,35,40,3,5,ok,0.003573357,1,0.003573357,3573357.000,,,,11,11,0,[#6](-[#7]-[#6](=[#8])-[#6]1:[#6]:[#6]:[#6]:[#6]:[#6]:1)-[#6],Closest MCS counterpart to a raw SMILES substructure query.,
p0097,size-combinations,mcs,mcs_elements_order_maximize_atoms,MCS elements/order maximize atoms,0,669238,1103351,CCOC(=O)c1c(NC(NC(=O)c2ccc(C(C)(C)C)cc2)C(Cl)(Cl)Cl)sc2c1CCCC2,Cn1cc(C(=O)N2C[C@@H]3NC(=O)c4ccc(Cl)c(c4)OCCCn4cc(nn4)CO[C@H]3C2)ccc1=O,33,36,69,33,36,69,3,35,40,3,5,ok,0.002814724,1,0.002814724,2814724.000,,,,11,11,0,[#6](-[#7]-[#6](=[#8])-[#6]1:[#6]:[#6]:[#6]:[#6]:[#6]:1)-[#6],"Same element/order comparison, but optimize atom count instead of bond count.",
p0097,size-combinations,mcs,mcs_elements_order_ring_atoms,MCS elements/order ring atoms,0,669238,1103351,CCOC(=O)c1c(NC(NC(=O)c2ccc(C(C)(C)C)cc2)C(Cl)(Cl)Cl)sc2c1CCCC2,Cn1cc(C(=O)N2C[C@@H]3NC(=O)c4ccc(Cl)c(c4)OCCCn4cc(nn4)CO[C@H]3C2)ccc1=O,33,36,69,33,36,69,3,35,40,3,5,ok,0.000827154,1,0.000827154,827154.000,,,,7,7,0,"[#6]1:&@[#6](-,:;@[#6]-,:;@[#6]-,:;@[#6]-,:;@[#6]-,:;@1):,-;@[#6&R]",Ring atoms and ring bonds only match ring atoms and ring bonds.,
p0097,size-combinations,mcs,mcs_elements_order_whole_rings,MCS elements/order whole rings,0,669238,1103351,CCOC(=O)c1c(NC(NC(=O)c2ccc(C(C)(C)C)cc2)C(Cl)(Cl)Cl)sc2c1CCCC2,Cn1cc(C(=O)N2C[C@@H]3NC(=O)c4ccc(Cl)c(c4)OCCCn4cc(nn4)CO[C@H]3C2)ccc1=O,33,36,69,33,36,69,3,35,40,3,5,ok,0.001041809,1,0.001041809,1041809.000,,,,6,6,0,[#6]1:&@[#6]:&@[#6]:&@[#6]:&@[#6]:&@[#6]:&@1,MCS completeRingsOnly=True; partial ring MCS results are rejected.,
p0097,size-combinations,mcs,mcs_elements_order_ring_atoms_whole_rings,MCS elements/order ring atoms + whole rings,0,669238,1103351,CCOC(=O)c1c(NC(NC(=O)c2ccc(C(C)(C)C)cc2)C(Cl)(Cl)Cl)sc2c1CCCC2,Cn1cc(C(=O)N2C[C@@H]3NC(=O)c4ccc(Cl)c(c4)OCCCn4cc(nn4)CO[C@H]3C2)ccc1=O,33,36,69,33,36,69,3,35,40,3,5,ok,0.00078851,1,0.00078851,788510.000,,,,6,6,0,[#6]1:&@[#6]:&@[#6]:&@[#6]:&@[#6]:&@[#6]:&@1,Both ringMatchesRingOnly and completeRingsOnly are enabled.,
p0097,size-combinations,substruct,substruct_smiles,Substruct raw SMILES,1,669238,1103351,CCOC(=O)c1c(NC(NC(=O)c2ccc(C(C)(C)C)cc2)C(Cl)(Cl)Cl)sc2c1CCCC2,Cn1cc(C(=O)N2C[C@@H]3NC(=O)c4ccc(Cl)c(c4)OCCCn4cc(nn4)CO[C@H]3C2)ccc1=O,33,36,69,33,36,69,3,35,40,3,5,ok,6.436e-05,20,3.218e-06,3218.000,has-match,0,0,,,,,Best SMILES-substructure baseline. Substructure has no direct completeRingsOnly option.,
p0097,size-combinations,substruct,substruct_elements_any_bond,Substruct elements/any bond,0,669238,1103351,CCOC(=O)c1c(NC(NC(=O)c2ccc(C(C)(C)C)cc2)C(Cl)(Cl)Cl)sc2c1CCCC2,Cn1cc(C(=O)N2C[C@@H]3NC(=O)c4ccc(Cl)c(c4)OCCCn4cc(nn4)CO[C@H]3C2)ccc1=O,33,36,69,33,36,69,3,35,40,3,5,ok,7.3922e-05,20,3.6961e-06,3696.100,has-match,0,0,,,,,Query keeps atom elements but uses generic bonds.,
p0097,size-combinations,substruct,substruct_any_atom_bond,Substruct any atoms/bonds,0,669238,1103351,CCOC(=O)c1c(NC(NC(=O)c2ccc(C(C)(C)C)cc2)C(Cl)(Cl)Cl)sc2c1CCCC2,Cn1cc(C(=O)N2C[C@@H]3NC(=O)c4ccc(Cl)c(c4)OCCCn4cc(nn4)CO[C@H]3C2)ccc1=O,33,36,69,33,36,69,3,35,40,3,5,ok,0.000394061,20,1.970305e-05,19703.050,has-match,0,0,,,,,"Query uses generic atoms and generic bonds, similar to CompareAny topology.",
p0097,size-combinations,substruct,substruct_ring_atoms,Substruct ring-chain atoms,0,669238,1103351,CCOC(=O)c1c(NC(NC(=O)c2ccc(C(C)(C)C)cc2)C(Cl)(Cl)Cl)sc2c1CCCC2,Cn1cc(C(=O)N2C[C@@H]3NC(=O)c4ccc(Cl)c(c4)OCCCn4cc(nn4)CO[C@H]3C2)ccc1=O,33,36,69,33,36,69,3,35,40,3,5,ok,3.4779e-05,20,1.73895e-06,1738.950,has-match,0,0,,,,,Query adds ring/chain atom constraints; closest substruct analog to ringMatchesRingOnly.,
p0098,size-combinations,mcs,mcs_any_atom_bond,MCS CompareAny atoms/bonds,0,669238,2002270,CCOC(=O)c1c(NC(NC(=O)c2ccc(C(C)(C)C)cc2)C(Cl)(Cl)Cl)sc2c1CCCC2,CC[C@]1(O)C[C@H]2CN(CCc3c([nH]c4ccccc34)[C@@](C(=O)OC)(c3cc4c(cc3OC)N(C)[C@H]3[C@@](O)(C(=O)NCCNC(C)=O)[C@H](OC(C)=O)[C@]5(CC)C=CCN6CC[C@]43[C@@H]65)C2)C1,33,64,97,33,64,97,31,35,72,3,9,ok,1.34518132,1,1.34518132,1345181325.000,,,,31,32,0,"[#6]-[#6,#7]-[#8,#6]-[#6]-[#6]1:[#6](-[#7,#6]-[#6](-,:[#7,#6]-,:[#6](=,:[#8,#6])-[#6](:,-[#6]:,-[#6]:,-[#6]-[#6](-[#6])(-[#6,#8])-[#6]):,-[#6]:,-[#6])-,:[#6](-,:[#17,#6])-[#17,#8]):[#16,#7]:[#6]2:[#6]:1-,:[#6]-,:[#6]-,:[#6]-,:[#6]-,:2",Permissive MCS: any atom type and any bond type can match.,
p0098,size-combinations,mcs,mcs_elements_order,MCS elements/order,1,669238,2002270,CCOC(=O)c1c(NC(NC(=O)c2ccc(C(C)(C)C)cc2)C(Cl)(Cl)Cl)sc2c1CCCC2,CC[C@]1(O)C[C@H]2CN(CCc3c([nH]c4ccccc34)[C@@](C(=O)OC)(c3cc4c(cc3OC)N(C)[C@H]3[C@@](O)(C(=O)NCCNC(C)=O)[C@H](OC(C)=O)[C@]5(CC)C=CCN6CC[C@]43[C@@H]65)C2)C1,33,64,97,33,64,97,31,35,72,3,9,ok,0.005103103,1,0.005103103,5103103.000,,,,15,15,0,"[#6]-[#8]-[#6](=[#8])-[#6](:,-[#6]-,:[#7]-,:[#6]-,:[#6]):,-[#6]1:[#6]-,:[#6]-,:[#6]-,:[#6]-,:[#6]-,:1",Closest MCS counterpart to a raw SMILES substructure query.,
p0098,size-combinations,mcs,mcs_elements_order_maximize_atoms,MCS elements/order maximize atoms,0,669238,2002270,CCOC(=O)c1c(NC(NC(=O)c2ccc(C(C)(C)C)cc2)C(Cl)(Cl)Cl)sc2c1CCCC2,CC[C@]1(O)C[C@H]2CN(CCc3c([nH]c4ccccc34)[C@@](C(=O)OC)(c3cc4c(cc3OC)N(C)[C@H]3[C@@](O)(C(=O)NCCNC(C)=O)[C@H](OC(C)=O)[C@]5(CC)C=CCN6CC[C@]43[C@@H]65)C2)C1,33,64,97,33,64,97,31,35,72,3,9,ok,0.002946989,1,0.002946989,2946989.000,,,,15,15,0,"[#6]-[#8]-[#6](=[#8])-[#6](:,-[#6]-,:[#7]-,:[#6]-,:[#6]):,-[#6]1:[#6]-,:[#6]-,:[#6]-,:[#6]-,:[#6]-,:1","Same element/order comparison, but optimize atom count instead of bond count.",
p0098,size-combinations,mcs,mcs_elements_order_ring_atoms,MCS elements/order ring atoms,0,669238,2002270,CCOC(=O)c1c(NC(NC(=O)c2ccc(C(C)(C)C)cc2)C(Cl)(Cl)Cl)sc2c1CCCC2,CC[C@]1(O)C[C@H]2CN(CCc3c([nH]c4ccccc34)[C@@](C(=O)OC)(c3cc4c(cc3OC)N(C)[C@H]3[C@@](O)(C(=O)NCCNC(C)=O)[C@H](OC(C)=O)[C@]5(CC)C=CCN6CC[C@]43[C@@H]65)C2)C1,33,64,97,33,64,97,31,35,72,3,9,ok,0.001453125,1,0.001453125,1453125.000,,,,12,11,0,"[#6&!R]-&!@[#8&!R]-&!@[#6&!R](=&!@[#8&!R])-&!@[#6&R](:,-;@[#6&R]):,-;@[#6&R]:&@[#6&R]-,:;@[#6&R]-,:;@[#6&R]-,:;@[#6&R]-,:;@[#6&R]",Ring atoms and ring bonds only match ring atoms and ring bonds.,
p0098,size-combinations,mcs,mcs_elements_order_whole_rings,MCS elements/order whole rings,0,669238,2002270,CCOC(=O)c1c(NC(NC(=O)c2ccc(C(C)(C)C)cc2)C(Cl)(Cl)Cl)sc2c1CCCC2,CC[C@]1(O)C[C@H]2CN(CCc3c([nH]c4ccccc34)[C@@](C(=O)OC)(c3cc4c(cc3OC)N(C)[C@H]3[C@@](O)(C(=O)NCCNC(C)=O)[C@H](OC(C)=O)[C@]5(CC)C=CCN6CC[C@]43[C@@H]65)C2)C1,33,64,97,33,64,97,31,35,72,3,9,ok,0.003144918,1,0.003144918,3144918.000,,,,11,11,0,"[#6](-&!@[#7]-&!@[#6](=&!@[#8])-&!@[#6]1:,-;@[#6]:,-;@[#6]:,-;@[#6]:,-;@[#6]:,-;@[#6]:,-;@1)-&!@[#6]",MCS completeRingsOnly=True; partial ring MCS results are rejected.,
p0098,size-combinations,mcs,mcs_elements_order_ring_atoms_whole_rings,MCS elements/order ring atoms + whole rings,0,669238,2002270,CCOC(=O)c1c(NC(NC(=O)c2ccc(C(C)(C)C)cc2)C(Cl)(Cl)Cl)sc2c1CCCC2,CC[C@]1(O)C[C@H]2CN(CCc3c([nH]c4ccccc34)[C@@](C(=O)OC)(c3cc4c(cc3OC)N(C)[C@H]3[C@@](O)(C(=O)NCCNC(C)=O)[C@H](OC(C)=O)[C@]5(CC)C=CCN6CC[C@]43[C@@H]65)C2)C1,33,64,97,33,64,97,31,35,72,3,9,ok,0.002794492,1,0.002794492,2794492.000,,,,11,11,0,"[#6&!R](-&!@[#7&!R]-&!@[#6&!R](=&!@[#8&!R])-&!@[#6]1:,-;@[#6]:,-;@[#6]:,-;@[#6]:,-;@[#6]:,-;@[#6]:,-;@1)-&!@[#6&!R]",Both ringMatchesRingOnly and completeRingsOnly are enabled.,
p0098,size-combinations,substruct,substruct_smiles,Substruct raw SMILES,1,669238,2002270,CCOC(=O)c1c(NC(NC(=O)c2ccc(C(C)(C)C)cc2)C(Cl)(Cl)Cl)sc2c1CCCC2,CC[C@]1(O)C[C@H]2CN(CCc3c([nH]c4ccccc34)[C@@](C(=O)OC)(c3cc4c(cc3OC)N(C)[C@H]3[C@@](O)(C(=O)NCCNC(C)=O)[C@H](OC(C)=O)[C@]5(CC)C=CCN6CC[C@]43[C@@H]65)C2)C1,33,64,97,33,64,97,31,35,72,3,9,ok,0.000120301,20,6.01505e-06,6015.050,has-match,0,0,,,,,Best SMILES-substructure baseline. Substructure has no direct completeRingsOnly option.,
p0098,size-combinations,substruct,substruct_elements_any_bond,Substruct elements/any bond,0,669238,2002270,CCOC(=O)c1c(NC(NC(=O)c2ccc(C(C)(C)C)cc2)C(Cl)(Cl)Cl)sc2c1CCCC2,CC[C@]1(O)C[C@H]2CN(CCc3c([nH]c4ccccc34)[C@@](C(=O)OC)(c3cc4c(cc3OC)N(C)[C@H]3[C@@](O)(C(=O)NCCNC(C)=O)[C@H](OC(C)=O)[C@]5(CC)C=CCN6CC[C@]43[C@@H]65)C2)C1,33,64,97,33,64,97,31,35,72,3,9,ok,0.000136298,20,6.8149e-06,6814.900,has-match,0,0,,,,,Query keeps atom elements but uses generic bonds.,
p0098,size-combinations,substruct,substruct_any_atom_bond,Substruct any atoms/bonds,0,669238,2002270,CCOC(=O)c1c(NC(NC(=O)c2ccc(C(C)(C)C)cc2)C(Cl)(Cl)Cl)sc2c1CCCC2,CC[C@]1(O)C[C@H]2CN(CCc3c([nH]c4ccccc34)[C@@](C(=O)OC)(c3cc4c(cc3OC)N(C)[C@H]3[C@@](O)(C(=O)NCCNC(C)=O)[C@H](OC(C)=O)[C@]5(CC)C=CCN6CC[C@]43[C@@H]65)C2)C1,33,64,97,33,64,97,31,35,72,3,9,ok,0.007750852,20,0.0003875426,387542.600,has-match,0,0,,,,,"Query uses generic atoms and generic bonds, similar to CompareAny topology.",
p0098,size-combinations,substruct,substruct_ring_atoms,Substruct ring-chain atoms,0,669238,2002270,CCOC(=O)c1c(NC(NC(=O)c2ccc(C(C)(C)C)cc2)C(Cl)(Cl)Cl)sc2c1CCCC2,CC[C@]1(O)C[C@H]2CN(CCc3c([nH]c4ccccc34)[C@@](C(=O)OC)(c3cc4c(cc3OC)N(C)[C@H]3[C@@](O)(C(=O)NCCNC(C)=O)[C@H](OC(C)=O)[C@]5(CC)C=CCN6CC[C@]43[C@@H]65)C2)C1,33,64,97,33,64,97,31,35,72,3,9,ok,6.0519e-05,20,3.02595e-06,3025.950,has-match,0,0,,,,,Query adds ring/chain atom constraints; closest substruct analog to ringMatchesRingOnly.,
p0099,size-combinations,mcs,mcs_any_atom_bond,MCS CompareAny atoms/bonds,0,669238,427,CCOC(=O)c1c(NC(NC(=O)c2ccc(C(C)(C)C)cc2)C(Cl)(Cl)Cl)sc2c1CCCC2,C[C@@H]1O[C@@H](O[C@H]2[C@H](O)[C@@H](O)[C@H](OC[C@H]3O[C@@H](OC(=O)[C@]45CCC(C)(C)C[C@H]4C4=CC[C@@H]6[C@@]7(C)CC[C@H](O[C@@H]8O[C@H](C(=O)O)[C@@H](O)[C@H](O)[C@H]8O[C@@H]8O[C@H](CO)[C@@H](O)[C@H](O)[C@H]8O)C(C)(C)[C@@H]7CC[C@@]6(C)[C@]4(C)CC5)[C@H](O)[C@@H](O)[C@@H]3O)O[C@@H]2CO)[C@H](O)[C@H](O)[C@H]1O,33,88,121,33,88,121,55,35,97,3,10,ok,0.451119652,1,0.451119652,451119652.000,,,,32,32,0,"[#6]-[#6]-[#8]-[#6](=,-[#8,#6])-[#6,#8]:,-[#6]1:,-[#6](:,-[#16,#8]:,-[#6]-[#7,#6]-[#6](-[#7,#6]-[#6]-[#6](:,-[#6]:,-[#6]:,-[#6](-[#6](-[#6])(-[#6])-[#6]):,-[#6]):,-[#6])-[#6](-[#17,#6])(-[#17,#6])-[#17,#6])-[#6,#8]-[#6]-[#6]-[#6]-1",Permissive MCS: any atom type and any bond type can match.,
p0099,size-combinations,mcs,mcs_elements_order,MCS elements/order,1,669238,427,CCOC(=O)c1c(NC(NC(=O)c2ccc(C(C)(C)C)cc2)C(Cl)(Cl)Cl)sc2c1CCCC2,C[C@@H]1O[C@@H](O[C@H]2[C@H](O)[C@@H](O)[C@H](OC[C@H]3O[C@@H](OC(=O)[C@]45CCC(C)(C)C[C@H]4C4=CC[C@@H]6[C@@]7(C)CC[C@H](O[C@@H]8O[C@H](C(=O)O)[C@@H](O)[C@H](O)[C@H]8O[C@@H]8O[C@H](CO)[C@@H](O)[C@H](O)[C@H]8O)C(C)(C)[C@@H]7CC[C@@]6(C)[C@]4(C)CC5)[C@H](O)[C@@H](O)[C@@H]3O)O[C@@H]2CO)[C@H](O)[C@H](O)[C@H]1O,33,88,121,33,88,121,55,35,97,3,10,ok,0.001525447,1,0.001525447,1525447.000,,,,13,12,0,"[#6]-[#6]-[#8]-[#6](=[#8])-[#6](:,-[#6]):,-[#6](:,-[#6]-[#6]-[#6])-[#6]-[#6]",Closest MCS counterpart to a raw SMILES substructure query.,
p0099,size-combinations,mcs,mcs_elements_order_maximize_atoms,MCS elements/order maximize atoms,0,669238,427,CCOC(=O)c1c(NC(NC(=O)c2ccc(C(C)(C)C)cc2)C(Cl)(Cl)Cl)sc2c1CCCC2,C[C@@H]1O[C@@H](O[C@H]2[C@H](O)[C@@H](O)[C@H](OC[C@H]3O[C@@H](OC(=O)[C@]45CCC(C)(C)C[C@H]4C4=CC[C@@H]6[C@@]7(C)CC[C@H](O[C@@H]8O[C@H](C(=O)O)[C@@H](O)[C@H](O)[C@H]8O[C@@H]8O[C@H](CO)[C@@H](O)[C@H](O)[C@H]8O)C(C)(C)[C@@H]7CC[C@@]6(C)[C@]4(C)CC5)[C@H](O)[C@@H](O)[C@@H]3O)O[C@@H]2CO)[C@H](O)[C@H](O)[C@H]1O,33,88,121,33,88,121,55,35,97,3,10,ok,0.000792103,1,0.000792103,792103.000,,,,13,12,0,"[#6]-[#6]-[#8]-[#6](=[#8])-[#6](:,-[#6]):,-[#6](:,-[#6]-[#6]-[#6])-[#6]-[#6]","Same element/order comparison, but optimize atom count instead of bond count.",
p0099,size-combinations,mcs,mcs_elements_order_ring_atoms,MCS elements/order ring atoms,0,669238,427,CCOC(=O)c1c(NC(NC(=O)c2ccc(C(C)(C)C)cc2)C(Cl)(Cl)Cl)sc2c1CCCC2,C[C@@H]1O[C@@H](O[C@H]2[C@H](O)[C@@H](O)[C@H](OC[C@H]3O[C@@H](OC(=O)[C@]45CCC(C)(C)C[C@H]4C4=CC[C@@H]6[C@@]7(C)CC[C@H](O[C@@H]8O[C@H](C(=O)O)[C@@H](O)[C@H](O)[C@H]8O[C@@H]8O[C@H](CO)[C@@H](O)[C@H](O)[C@H]8O)C(C)(C)[C@@H]7CC[C@@]6(C)[C@]4(C)CC5)[C@H](O)[C@@H](O)[C@@H]3O)O[C@@H]2CO)[C@H](O)[C@H](O)[C@H]1O,33,88,121,33,88,121,55,35,97,3,10,ok,0.000742474,1,0.000742474,742474.000,,,,11,10,0,"[#8&!R]-&!@[#6&!R](=&!@[#8&!R])-&!@[#6&R](:,-;@[#6&R]):,-;@[#6&R](:,-;@[#6&R]-&@[#6&R]-&@[#6&R])-&@[#6&R]-&@[#6&R]",Ring atoms and ring bonds only match ring atoms and ring bonds.,
p0099,size-combinations,mcs,mcs_elements_order_whole_rings,MCS elements/order whole rings,0,669238,427,CCOC(=O)c1c(NC(NC(=O)c2ccc(C(C)(C)C)cc2)C(Cl)(Cl)Cl)sc2c1CCCC2,C[C@@H]1O[C@@H](O[C@H]2[C@H](O)[C@@H](O)[C@H](OC[C@H]3O[C@@H](OC(=O)[C@]45CCC(C)(C)C[C@H]4C4=CC[C@@H]6[C@@]7(C)CC[C@H](O[C@@H]8O[C@H](C(=O)O)[C@@H](O)[C@H](O)[C@H]8O[C@@H]8O[C@H](CO)[C@@H](O)[C@H](O)[C@H]8O)C(C)(C)[C@@H]7CC[C@@]6(C)[C@]4(C)CC5)[C@H](O)[C@@H](O)[C@@H]3O)O[C@@H]2CO)[C@H](O)[C@H](O)[C@H]1O,33,88,121,33,88,121,55,35,97,3,10,ok,0.003943075,1,0.003943075,3943075.000,,,,9,9,0,"[#6](=&!@[#8])-&!@[#6]1:,-;@[#6]:,-;@[#6]:,-;@[#6](:,-;@[#6]:,-;@[#6]:,-;@1)-&!@[#6]",MCS completeRingsOnly=True; partial ring MCS results are rejected.,
p0099,size-combinations,mcs,mcs_elements_order_ring_atoms_whole_rings,MCS elements/order ring atoms + whole rings,0,669238,427,CCOC(=O)c1c(NC(NC(=O)c2ccc(C(C)(C)C)cc2)C(Cl)(Cl)Cl)sc2c1CCCC2,C[C@@H]1O[C@@H](O[C@H]2[C@H](O)[C@@H](O)[C@H](OC[C@H]3O[C@@H](OC(=O)[C@]45CCC(C)(C)C[C@H]4C4=CC[C@@H]6[C@@]7(C)CC[C@H](O[C@@H]8O[C@H](C(=O)O)[C@@H](O)[C@H](O)[C@H]8O[C@@H]8O[C@H](CO)[C@@H](O)[C@H](O)[C@H]8O)C(C)(C)[C@@H]7CC[C@@]6(C)[C@]4(C)CC5)[C@H](O)[C@@H](O)[C@@H]3O)O[C@@H]2CO)[C@H](O)[C@H](O)[C@H]1O,33,88,121,33,88,121,55,35,97,3,10,ok,0.001943936,1,0.001943936,1943936.000,,,,9,9,0,"[#6&!R](=&!@[#8&!R])-&!@[#6]1:,-;@[#6]:,-;@[#6]:,-;@[#6](:,-;@[#6]:,-;@[#6]:,-;@1)-&!@[#6&!R]",Both ringMatchesRingOnly and completeRingsOnly are enabled.,
p0099,size-combinations,substruct,substruct_smiles,Substruct raw SMILES,1,669238,427,CCOC(=O)c1c(NC(NC(=O)c2ccc(C(C)(C)C)cc2)C(Cl)(Cl)Cl)sc2c1CCCC2,C[C@@H]1O[C@@H](O[C@H]2[C@H](O)[C@@H](O)[C@H](OC[C@H]3O[C@@H](OC(=O)[C@]45CCC(C)(C)C[C@H]4C4=CC[C@@H]6[C@@]7(C)CC[C@H](O[C@@H]8O[C@H](C(=O)O)[C@@H](O)[C@H](O)[C@H]8O[C@@H]8O[C@H](CO)[C@@H](O)[C@H](O)[C@H]8O)C(C)(C)[C@@H]7CC[C@@]6(C)[C@]4(C)CC5)[C@H](O)[C@@H](O)[C@@H]3O)O[C@@H]2CO)[C@H](O)[C@H](O)[C@H]1O,33,88,121,33,88,121,55,35,97,3,10,ok,0.000206195,20,1.030975e-05,10309.750,has-match,0,0,,,,,Best SMILES-substructure baseline. Substructure has no direct completeRingsOnly option.,
p0099,size-combinations,substruct,substruct_elements_any_bond,Substruct elements/any bond,0,669238,427,CCOC(=O)c1c(NC(NC(=O)c2ccc(C(C)(C)C)cc2)C(Cl)(Cl)Cl)sc2c1CCCC2,C[C@@H]1O[C@@H](O[C@H]2[C@H](O)[C@@H](O)[C@H](OC[C@H]3O[C@@H](OC(=O)[C@]45CCC(C)(C)C[C@H]4C4=CC[C@@H]6[C@@]7(C)CC[C@H](O[C@@H]8O[C@H](C(=O)O)[C@@H](O)[C@H](O)[C@H]8O[C@@H]8O[C@H](CO)[C@@H](O)[C@H](O)[C@H]8O)C(C)(C)[C@@H]7CC[C@@]6(C)[C@]4(C)CC5)[C@H](O)[C@@H](O)[C@@H]3O)O[C@@H]2CO)[C@H](O)[C@H](O)[C@H]1O,33,88,121,33,88,121,55,35,97,3,10,ok,0.00025252,20,1.2626e-05,12626.000,has-match,0,0,,,,,Query keeps atom elements but uses generic bonds.,
p0099,size-combinations,substruct,substruct_any_atom_bond,Substruct any atoms/bonds,0,669238,427,CCOC(=O)c1c(NC(NC(=O)c2ccc(C(C)(C)C)cc2)C(Cl)(Cl)Cl)sc2c1CCCC2,C[C@@H]1O[C@@H](O[C@H]2[C@H](O)[C@@H](O)[C@H](OC[C@H]3O[C@@H](OC(=O)[C@]45CCC(C)(C)C[C@H]4C4=CC[C@@H]6[C@@]7(C)CC[C@H](O[C@@H]8O[C@H](C(=O)O)[C@@H](O)[C@H](O)[C@H]8O[C@@H]8O[C@H](CO)[C@@H](O)[C@H](O)[C@H]8O)C(C)(C)[C@@H]7CC[C@@]6(C)[C@]4(C)CC5)[C@H](O)[C@@H](O)[C@@H]3O)O[C@@H]2CO)[C@H](O)[C@H](O)[C@H]1O,33,88,121,33,88,121,55,35,97,3,10,ok,0.003504612,20,0.0001752306,175230.600,has-match,0,0,,,,,"Query uses generic atoms and generic bonds, similar to CompareAny topology.",
p0099,size-combinations,substruct,substruct_ring_atoms,Substruct ring-chain atoms,0,669238,427,CCOC(=O)c1c(NC(NC(=O)c2ccc(C(C)(C)C)cc2)C(Cl)(Cl)Cl)sc2c1CCCC2,C[C@@H]1O[C@@H](O[C@H]2[C@H](O)[C@@H](O)[C@H](OC[C@H]3O[C@@H](OC(=O)[C@]45CCC(C)(C)C[C@H]4C4=CC[C@@H]6[C@@]7(C)CC[C@H](O[C@@H]8O[C@H](C(=O)O)[C@@H](O)[C@H](O)[C@H]8O[C@@H]8O[C@H](CO)[C@@H](O)[C@H](O)[C@H]8O)C(C)(C)[C@@H]7CC[C@@]6(C)[C@]4(C)CC5)[C@H](O)[C@@H](O)[C@@H]3O)O[C@@H]2CO)[C@H](O)[C@H](O)[C@H]1O,33,88,121,33,88,121,55,35,97,3,10,ok,6.2329e-05,20,3.11645e-06,3116.450,has-match,0,0,,,,,Query adds ring/chain atom constraints; closest substruct analog to ringMatchesRingOnly.,
p0100,size-combinations,mcs,mcs_any_atom_bond,MCS CompareAny atoms/bonds,0,2411750,1826853,CN1Cc2cc(-c3ccc(-c4cncc(NS(=O)(=O)c5ccc(Br)cc5Br)c4)s3)ccc2C1=O,CC[C@]1(O)C[C@H]2CN(CCc3c([nH]c4ccccc34)[C@@](C(=O)OC)(c3cc4c(cc3OC)N(C)[C@@H]3[C@]45CCCN4CCC[C@@](CC)(C[C@]3(O)C(=O)OC)[C@H]45)C2)C1,34,56,90,34,56,90,22,38,64,5,9,ok,2.14451224,1,2.14451224,2144512243.000,,,,34,34,0,"[#6]-,:[#7,#6]1-,:[#6,#7]-,:[#6](:[#6](-,:[#6]-,:1=,:[#8,#6]):,-[#6]:,-[#6]):,-[#6]:,-[#6]-,:[#6](:,-[#6,#8]:,-[#6]):[#16,#6]:[#6]-[#6,#7](:,-[#6]):,-[#6]:,-[#6](:,-[#6]:,=[#7,#8])-[#7,#6]-[#16,#6](=,-[#8,#6])(=,-[#8,#6])-[#6](:,-[#6,#7]:,-[#6]):,-[#6](:,-[#6]:,-[#6]-[#35,#6])-[#35,#6]",Permissive MCS: any atom type and any bond type can match.,
p0100,size-combinations,mcs,mcs_elements_order,MCS elements/order,1,2411750,1826853,CN1Cc2cc(-c3ccc(-c4cncc(NS(=O)(=O)c5ccc(Br)cc5Br)c4)s3)ccc2C1=O,CC[C@]1(O)C[C@H]2CN(CCc3c([nH]c4ccccc34)[C@@](C(=O)OC)(c3cc4c(cc3OC)N(C)[C@@H]3[C@]45CCCN4CCC[C@@](CC)(C[C@]3(O)C(=O)OC)[C@H]45)C2)C1,34,56,90,34,56,90,22,38,64,5,9,ok,0.045866623,1,0.045866623,45866623.000,,,,21,20,0,"[#6]-[#7](-[#6]-[#6]:,-[#6]:,-[#6]-[#6]:,-[#6]:,-[#6]:[#6]-,:[#6](:[#6]:,-[#7]):,-[#6]:,-[#6](:,-[#6])-[#7])-[#6]-[#6]:,-[#6]:[#6]",Closest MCS counterpart to a raw SMILES substructure query.,
p0100,size-combinations,mcs,mcs_elements_order_maximize_atoms,MCS elements/order maximize atoms,0,2411750,1826853,CN1Cc2cc(-c3ccc(-c4cncc(NS(=O)(=O)c5ccc(Br)cc5Br)c4)s3)ccc2C1=O,CC[C@]1(O)C[C@H]2CN(CCc3c([nH]c4ccccc34)[C@@](C(=O)OC)(c3cc4c(cc3OC)N(C)[C@@H]3[C@]45CCCN4CCC[C@@](CC)(C[C@]3(O)C(=O)OC)[C@H]45)C2)C1,34,56,90,34,56,90,22,38,64,5,9,ok,0.028034251,1,0.028034251,28034251.000,,,,21,20,0,"[#6]-[#7](-[#6]-[#6]:,-[#6]:,-[#6]-[#6]:,-[#6]:,-[#6]:[#6]-,:[#6](:[#6]:,-[#7]):,-[#6]:,-[#6](:,-[#6])-[#7])-[#6]-[#6]:,-[#6]:[#6]","Same element/order comparison, but optimize atom count instead of bond count.",
p0100,size-combinations,mcs,mcs_elements_order_ring_atoms,MCS elements/order ring atoms,0,2411750,1826853,CN1Cc2cc(-c3ccc(-c4cncc(NS(=O)(=O)c5ccc(Br)cc5Br)c4)s3)ccc2C1=O,CC[C@]1(O)C[C@H]2CN(CCc3c([nH]c4ccccc34)[C@@](C(=O)OC)(c3cc4c(cc3OC)N(C)[C@@H]3[C@]45CCCN4CCC[C@@](CC)(C[C@]3(O)C(=O)OC)[C@H]45)C2)C1,34,56,90,34,56,90,22,38,64,5,9,ok,0.01141012,1,0.01141012,11410120.000,,,,14,14,0,"[#6&!R]-&!@[#7]1-&@[#6]-,:;@[#6](:,-;@[#6](-&@[#6]-&@1):,-;@[#6&R]:,-;@[#6&R]):&@[#6&R]:&@[#6&R]-&!@[#6&R]:,-;@[#6&R]:&@[#6&R]:,-;@[#6&R]",Ring atoms and ring bonds only match ring atoms and ring bonds.,
p0100,size-combinations,mcs,mcs_elements_order_whole_rings,MCS elements/order whole rings,0,2411750,1826853,CN1Cc2cc(-c3ccc(-c4cncc(NS(=O)(=O)c5ccc(Br)cc5Br)c4)s3)ccc2C1=O,CC[C@]1(O)C[C@H]2CN(CCc3c([nH]c4ccccc34)[C@@](C(=O)OC)(c3cc4c(cc3OC)N(C)[C@@H]3[C@]45CCCN4CCC[C@@](CC)(C[C@]3(O)C(=O)OC)[C@H]45)C2)C1,34,56,90,34,56,90,22,38,64,5,9,ok,0.0050459,1,0.0050459,5045900.000,,,,11,11,0,"[#6]-&!@[#7]1-&@[#6]-,:;@[#6]:&@[#6]:&@[#6](:&@[#6]:&@[#6]:,-;@[#6]-&@[#6]-&@1)-&!@[#6]",MCS completeRingsOnly=True; partial ring MCS results are rejected.,
p0100,size-combinations,mcs,mcs_elements_order_ring_atoms_whole_rings,MCS elements/order ring atoms + whole rings,0,2411750,1826853,CN1Cc2cc(-c3ccc(-c4cncc(NS(=O)(=O)c5ccc(Br)cc5Br)c4)s3)ccc2C1=O,CC[C@]1(O)C[C@H]2CN(CCc3c([nH]c4ccccc34)[C@@](C(=O)OC)(c3cc4c(cc3OC)N(C)[C@@H]3[C@]45CCCN4CCC[C@@](CC)(C[C@]3(O)C(=O)OC)[C@H]45)C2)C1,34,56,90,34,56,90,22,38,64,5,9,ok,0.004173407,1,0.004173407,4173407.000,,,,11,11,0,"[#6&!R]-&!@[#7&R]1-&@[#6&R]-,:;@[#6&R]:&@[#6&R]:&@[#6&R](:&@[#6&R]:&@[#6&R]:,-;@[#6&R]-&@[#6&R]-&@1)-&!@[#6&R]",Both ringMatchesRingOnly and completeRingsOnly are enabled.,
p0100,size-combinations,substruct,substruct_smiles,Substruct raw SMILES,1,2411750,1826853,CN1Cc2cc(-c3ccc(-c4cncc(NS(=O)(=O)c5ccc(Br)cc5Br)c4)s3)ccc2C1=O,CC[C@]1(O)C[C@H]2CN(CCc3c([nH]c4ccccc34)[C@@](C(=O)OC)(c3cc4c(cc3OC)N(C)[C@@H]3[C@]45CCCN4CCC[C@@](CC)(C[C@]3(O)C(=O)OC)[C@H]45)C2)C1,34,56,90,34,56,90,22,38,64,5,9,ok,9.054e-05,20,4.527e-06,4527.000,has-match,0,0,,,,,Best SMILES-substructure baseline. Substructure has no direct completeRingsOnly option.,
p0100,size-combinations,substruct,substruct_elements_any_bond,Substruct elements/any bond,0,2411750,1826853,CN1Cc2cc(-c3ccc(-c4cncc(NS(=O)(=O)c5ccc(Br)cc5Br)c4)s3)ccc2C1=O,CC[C@]1(O)C[C@H]2CN(CCc3c([nH]c4ccccc34)[C@@](C(=O)OC)(c3cc4c(cc3OC)N(C)[C@@H]3[C@]45CCCN4CCC[C@@](CC)(C[C@]3(O)C(=O)OC)[C@H]45)C2)C1,34,56,90,34,56,90,22,38,64,5,9,ok,0.000223303,20,1.116515e-05,11165.150,has-match,0,0,,,,,Query keeps atom elements but uses generic bonds.,
p0100,size-combinations,substruct,substruct_any_atom_bond,Substruct any atoms/bonds,0,2411750,1826853,CN1Cc2cc(-c3ccc(-c4cncc(NS(=O)(=O)c5ccc(Br)cc5Br)c4)s3)ccc2C1=O,CC[C@]1(O)C[C@H]2CN(CCc3c([nH]c4ccccc34)[C@@](C(=O)OC)(c3cc4c(cc3OC)N(C)[C@@H]3[C@]45CCCN4CCC[C@@](CC)(C[C@]3(O)C(=O)OC)[C@H]45)C2)C1,34,56,90,34,56,90,22,38,64,5,9,ok,0.004313107,20,0.00021565535,215655.350,has-match,0,0,,,,,"Query uses generic atoms and generic bonds, similar to CompareAny topology.",
p0100,size-combinations,substruct,substruct_ring_atoms,Substruct ring-chain atoms,0,2411750,1826853,CN1Cc2cc(-c3ccc(-c4cncc(NS(=O)(=O)c5ccc(Br)cc5Br)c4)s3)ccc2C1=O,CC[C@]1(O)C[C@H]2CN(CCc3c([nH]c4ccccc34)[C@@](C(=O)OC)(c3cc4c(cc3OC)N(C)[C@@H]3[C@]45CCCN4CCC[C@@](CC)(C[C@]3(O)C(=O)OC)[C@H]45)C2)C1,34,56,90,34,56,90,22,38,64,5,9,ok,5.5838e-05,20,2.7919e-06,2791.900,has-match,0,0,,,,,Query adds ring/chain atom constraints; closest substruct analog to ringMatchesRingOnly.,
p0101,size-combinations,mcs,mcs_any_atom_bond,MCS CompareAny atoms/bonds,0,563235,1997668,COC[C@H]1C[C@@H]1N(C)S(=O)(=O)c1ccc(-c2cnc(N)c(-c3ccc4c(c3)CCNC4=O)n2)nc1,CS(=O)(=O)Cc1ccccc1Nc1nccc(Oc2ccc(NC(=O)C3(C(=O)Nc4ccc(F)cc4)CC3)cc2F)n1,35,42,77,35,42,77,7,39,46,5,5,ok,0.412885533,1,0.412885533,412885533.000,,,,34,33,0,"[#6]-,:[#8,#6]-,:[#6]-,:[#6](-,:[#6])-[#6,#7]-[#7,#6](-,=[#6,#8])-[#16,#6](=,-[#8,#6])(=,-[#8,#6])-[#6](:,-[#6,#7]:,-[#6]:[#6]-,:[#6](:[#6]:,-[#7,#8]:,-[#6](-,:[#7,#6]):[#6,#7]-,:[#6](:[#6,#7]:[#6]):,-[#6,#7]:,-[#6](:[#6]-,:[#6]=,:[#8,#6])-,:[#6]-[#6]-[#7,#16]):,-[#7,#9]):,=[#6,#8]",Permissive MCS: any atom type and any bond type can match.,
p0101,size-combinations,mcs,mcs_elements_order,MCS elements/order,1,563235,1997668,COC[C@H]1C[C@@H]1N(C)S(=O)(=O)c1ccc(-c2cnc(N)c(-c3ccc4c(c3)CCNC4=O)n2)nc1,CS(=O)(=O)Cc1ccccc1Nc1nccc(Oc2ccc(NC(=O)C3(C(=O)Nc4ccc(F)cc4)CC3)cc2F)n1,35,42,77,35,42,77,7,39,46,5,5,ok,0.005925303,1,0.005925303,5925303.000,,,,15,14,0,"[#6](:[#6]:[#6]):[#6]:,-[#7]:,-[#6]-[#6]:,-[#6]:,-[#7]:,-[#6]:[#6]-,:[#6]:[#6]:[#6]:[#6]",Closest MCS counterpart to a raw SMILES substructure query.,
p0101,size-combinations,mcs,mcs_elements_order_maximize_atoms,MCS elements/order maximize atoms,0,563235,1997668,COC[C@H]1C[C@@H]1N(C)S(=O)(=O)c1ccc(-c2cnc(N)c(-c3ccc4c(c3)CCNC4=O)n2)nc1,CS(=O)(=O)Cc1ccccc1Nc1nccc(Oc2ccc(NC(=O)C3(C(=O)Nc4ccc(F)cc4)CC3)cc2F)n1,35,42,77,35,42,77,7,39,46,5,5,ok,0.006039084,1,0.006039084,6039084.000,,,,15,14,0,"[#6](:[#6]:[#6]):[#6]:,-[#7]:,-[#6]-[#6]:,-[#6]:,-[#7]:,-[#6]:[#6]-,:[#6]:[#6]:[#6]:[#6]","Same element/order comparison, but optimize atom count instead of bond count.",
p0101,size-combinations,mcs,mcs_elements_order_ring_atoms,MCS elements/order ring atoms,0,563235,1997668,COC[C@H]1C[C@@H]1N(C)S(=O)(=O)c1ccc(-c2cnc(N)c(-c3ccc4c(c3)CCNC4=O)n2)nc1,CS(=O)(=O)Cc1ccccc1Nc1nccc(Oc2ccc(NC(=O)C3(C(=O)Nc4ccc(F)cc4)CC3)cc2F)n1,35,42,77,35,42,77,7,39,46,5,5,ok,0.001057596,1,0.001057596,1057596.000,,,,6,6,0,[#6]1:&@[#6]:&@[#6]:&@[#6]:&@[#6]:&@[#6]:&@1,Ring atoms and ring bonds only match ring atoms and ring bonds.,
p0101,size-combinations,mcs,mcs_elements_order_whole_rings,MCS elements/order whole rings,0,563235,1997668,COC[C@H]1C[C@@H]1N(C)S(=O)(=O)c1ccc(-c2cnc(N)c(-c3ccc4c(c3)CCNC4=O)n2)nc1,CS(=O)(=O)Cc1ccccc1Nc1nccc(Oc2ccc(NC(=O)C3(C(=O)Nc4ccc(F)cc4)CC3)cc2F)n1,35,42,77,35,42,77,7,39,46,5,5,ok,0.001121165,1,0.001121165,1121165.000,,,,7,7,0,[#6]-&!@[#6]1:&@[#6]:&@[#6]:&@[#6]:&@[#6]:&@[#6]:&@1,MCS completeRingsOnly=True; partial ring MCS results are rejected.,
p0101,size-combinations,mcs,mcs_elements_order_ring_atoms_whole_rings,MCS elements/order ring atoms + whole rings,0,563235,1997668,COC[C@H]1C[C@@H]1N(C)S(=O)(=O)c1ccc(-c2cnc(N)c(-c3ccc4c(c3)CCNC4=O)n2)nc1,CS(=O)(=O)Cc1ccccc1Nc1nccc(Oc2ccc(NC(=O)C3(C(=O)Nc4ccc(F)cc4)CC3)cc2F)n1,35,42,77,35,42,77,7,39,46,5,5,ok,0.000795438,1,0.000795438,795438.000,,,,6,6,0,[#6]1:&@[#6]:&@[#6]:&@[#6]:&@[#6]:&@[#6]:&@1,Both ringMatchesRingOnly and completeRingsOnly are enabled.,
p0101,size-combinations,substruct,substruct_smiles,Substruct raw SMILES,1,563235,1997668,COC[C@H]1C[C@@H]1N(C)S(=O)(=O)c1ccc(-c2cnc(N)c(-c3ccc4c(c3)CCNC4=O)n2)nc1,CS(=O)(=O)Cc1ccccc1Nc1nccc(Oc2ccc(NC(=O)C3(C(=O)Nc4ccc(F)cc4)CC3)cc2F)n1,35,42,77,35,42,77,7,39,46,5,5,ok,5.1076e-05,20,2.5538e-06,2553.800,has-match,0,0,,,,,Best SMILES-substructure baseline. Substructure has no direct completeRingsOnly option.,
p0101,size-combinations,substruct,substruct_elements_any_bond,Substruct elements/any bond,0,563235,1997668,COC[C@H]1C[C@@H]1N(C)S(=O)(=O)c1ccc(-c2cnc(N)c(-c3ccc4c(c3)CCNC4=O)n2)nc1,CS(=O)(=O)Cc1ccccc1Nc1nccc(Oc2ccc(NC(=O)C3(C(=O)Nc4ccc(F)cc4)CC3)cc2F)n1,35,42,77,35,42,77,7,39,46,5,5,ok,4.5669e-05,20,2.28345e-06,2283.450,has-match,0,0,,,,,Query keeps atom elements but uses generic bonds.,
p0101,size-combinations,substruct,substruct_any_atom_bond,Substruct any atoms/bonds,0,563235,1997668,COC[C@H]1C[C@@H]1N(C)S(=O)(=O)c1ccc(-c2cnc(N)c(-c3ccc4c(c3)CCNC4=O)n2)nc1,CS(=O)(=O)Cc1ccccc1Nc1nccc(Oc2ccc(NC(=O)C3(C(=O)Nc4ccc(F)cc4)CC3)cc2F)n1,35,42,77,35,42,77,7,39,46,5,5,ok,0.000328452,20,1.64226e-05,16422.600,has-match,0,0,,,,,"Query uses generic atoms and generic bonds, similar to CompareAny topology.",
p0101,size-combinations,substruct,substruct_ring_atoms,Substruct ring-chain atoms,0,563235,1997668,COC[C@H]1C[C@@H]1N(C)S(=O)(=O)c1ccc(-c2cnc(N)c(-c3ccc4c(c3)CCNC4=O)n2)nc1,CS(=O)(=O)Cc1ccccc1Nc1nccc(Oc2ccc(NC(=O)C3(C(=O)Nc4ccc(F)cc4)CC3)cc2F)n1,35,42,77,35,42,77,7,39,46,5,5,ok,3.8559e-05,20,1.92795e-06,1927.950,has-match,0,0,,,,,Query adds ring/chain atom constraints; closest substruct analog to ringMatchesRingOnly.,
p0102,size-combinations,mcs,mcs_any_atom_bond,MCS CompareAny atoms/bonds,0,563235,2002270,COC[C@H]1C[C@@H]1N(C)S(=O)(=O)c1ccc(-c2cnc(N)c(-c3ccc4c(c3)CCNC4=O)n2)nc1,CC[C@]1(O)C[C@H]2CN(CCc3c([nH]c4ccccc34)[C@@](C(=O)OC)(c3cc4c(cc3OC)N(C)[C@H]3[C@@](O)(C(=O)NCCNC(C)=O)[C@H](OC(C)=O)[C@]5(CC)C=CCN6CC[C@]43[C@@H]65)C2)C1,35,64,99,35,64,99,29,39,72,5,9,ok,1.92438598,1,1.92438598,1924385980.000,,,,35,36,0,"[#6]-[#8,#6]-[#6,#7]-[#6]-[#6]-[#6,#7]-[#7,#6](-,=[#6,#8])-[#16,#6](=,-[#8,#6])(=,-[#8])-[#6](:,-[#6]:,-[#6]:,-[#6]-[#6]1:[#6]:[#7,#6]:[#6](:[#6](:[#7,#6]:1)-[#6](:,-[#6]:[#6]):,-[#6]:,-[#6]1:,-[#6]-[#6](-[#7,#6]-[#6,#7]-[#6]-1)=,-[#8,#6])-[#7,#8]):,-[#6,#8]:,-[#7,#6]",Permissive MCS: any atom type and any bond type can match.,
p0102,size-combinations,mcs,mcs_elements_order,MCS elements/order,1,563235,2002270,COC[C@H]1C[C@@H]1N(C)S(=O)(=O)c1ccc(-c2cnc(N)c(-c3ccc4c(c3)CCNC4=O)n2)nc1,CC[C@]1(O)C[C@H]2CN(CCc3c([nH]c4ccccc34)[C@@](C(=O)OC)(c3cc4c(cc3OC)N(C)[C@H]3[C@@](O)(C(=O)NCCNC(C)=O)[C@H](OC(C)=O)[C@]5(CC)C=CCN6CC[C@]43[C@@H]65)C2)C1,35,64,99,35,64,99,29,39,72,5,9,ok,0.032027675,1,0.032027675,32027675.000,,,,21,20,0,"[#6](:,-[#6]:,-[#6]:,-[#6]-[#6]:,-[#6]:,-[#7]:,-[#6]:[#6]-,:[#6]:[#6]:,-[#6]:,-[#6]:[#6](:[#6])-[#6]-[#6]-[#7]-[#6]):,-[#6]:,-[#7]",Closest MCS counterpart to a raw SMILES substructure query.,
p0102,size-combinations,mcs,mcs_elements_order_maximize_atoms,MCS elements/order maximize atoms,0,563235,2002270,COC[C@H]1C[C@@H]1N(C)S(=O)(=O)c1ccc(-c2cnc(N)c(-c3ccc4c(c3)CCNC4=O)n2)nc1,CC[C@]1(O)C[C@H]2CN(CCc3c([nH]c4ccccc34)[C@@](C(=O)OC)(c3cc4c(cc3OC)N(C)[C@H]3[C@@](O)(C(=O)NCCNC(C)=O)[C@H](OC(C)=O)[C@]5(CC)C=CCN6CC[C@]43[C@@H]65)C2)C1,35,64,99,35,64,99,29,39,72,5,9,ok,0.031828046,1,0.031828046,31828046.000,,,,21,20,0,"[#6](:,-[#6]:,-[#6]:,-[#6]-[#6]:,-[#6]:,-[#7]:,-[#6]:[#6]-,:[#6]:[#6]:,-[#6]:,-[#6]:[#6](:[#6])-[#6]-[#6]-[#7]-[#6]):,-[#6]:,-[#7]","Same element/order comparison, but optimize atom count instead of bond count.",
p0102,size-combinations,mcs,mcs_elements_order_ring_atoms,MCS elements/order ring atoms,0,563235,2002270,COC[C@H]1C[C@@H]1N(C)S(=O)(=O)c1ccc(-c2cnc(N)c(-c3ccc4c(c3)CCNC4=O)n2)nc1,CC[C@]1(O)C[C@H]2CN(CCc3c([nH]c4ccccc34)[C@@](C(=O)OC)(c3cc4c(cc3OC)N(C)[C@H]3[C@@](O)(C(=O)NCCNC(C)=O)[C@H](OC(C)=O)[C@]5(CC)C=CCN6CC[C@]43[C@@H]65)C2)C1,35,64,99,35,64,99,29,39,72,5,9,ok,0.002606454,1,0.002606454,2606454.000,,,,15,15,0,"[#6&R]:&@[#6&R]:&@[#7&R]:&@[#6&R]:,-;@[#6&R]-&!@[#6]1:&@[#6]:&@[#6]:&@[#6]:&@[#6](:&@[#6]:&@1)-&@[#6&R]-&@[#6&R]-&@[#7&R]-&@[#6&R]",Ring atoms and ring bonds only match ring atoms and ring bonds.,
p0102,size-combinations,mcs,mcs_elements_order_whole_rings,MCS elements/order whole rings,0,563235,2002270,COC[C@H]1C[C@@H]1N(C)S(=O)(=O)c1ccc(-c2cnc(N)c(-c3ccc4c(c3)CCNC4=O)n2)nc1,CC[C@]1(O)C[C@H]2CN(CCc3c([nH]c4ccccc34)[C@@](C(=O)OC)(c3cc4c(cc3OC)N(C)[C@H]3[C@@](O)(C(=O)NCCNC(C)=O)[C@H](OC(C)=O)[C@]5(CC)C=CCN6CC[C@]43[C@@H]65)C2)C1,35,64,99,35,64,99,29,39,72,5,9,ok,0.00680963,1,0.00680963,6809630.000,,,,7,7,0,[#6]-&!@[#6]1:&@[#6]:&@[#6]:&@[#6]:&@[#6]:&@[#6]:&@1,MCS completeRingsOnly=True; partial ring MCS results are rejected.,
p0102,size-combinations,mcs,mcs_elements_order_ring_atoms_whole_rings,MCS elements/order ring atoms + whole rings,0,563235,2002270,COC[C@H]1C[C@@H]1N(C)S(=O)(=O)c1ccc(-c2cnc(N)c(-c3ccc4c(c3)CCNC4=O)n2)nc1,CC[C@]1(O)C[C@H]2CN(CCc3c([nH]c4ccccc34)[C@@](C(=O)OC)(c3cc4c(cc3OC)N(C)[C@H]3[C@@](O)(C(=O)NCCNC(C)=O)[C@H](OC(C)=O)[C@]5(CC)C=CCN6CC[C@]43[C@@H]65)C2)C1,35,64,99,35,64,99,29,39,72,5,9,ok,0.005140721,1,0.005140721,5140721.000,,,,7,7,0,[#6&R]-&!@[#6]1:&@[#6]:&@[#6]:&@[#6]:&@[#6]:&@[#6]:&@1,Both ringMatchesRingOnly and completeRingsOnly are enabled.,
p0102,size-combinations,substruct,substruct_smiles,Substruct raw SMILES,1,563235,2002270,COC[C@H]1C[C@@H]1N(C)S(=O)(=O)c1ccc(-c2cnc(N)c(-c3ccc4c(c3)CCNC4=O)n2)nc1,CC[C@]1(O)C[C@H]2CN(CCc3c([nH]c4ccccc34)[C@@](C(=O)OC)(c3cc4c(cc3OC)N(C)[C@H]3[C@@](O)(C(=O)NCCNC(C)=O)[C@H](OC(C)=O)[C@]5(CC)C=CCN6CC[C@]43[C@@H]65)C2)C1,35,64,99,35,64,99,29,39,72,5,9,ok,8.3696e-05,20,4.1848e-06,4184.800,has-match,0,0,,,,,Best SMILES-substructure baseline. Substructure has no direct completeRingsOnly option.,
p0102,size-combinations,substruct,substruct_elements_any_bond,Substruct elements/any bond,0,563235,2002270,COC[C@H]1C[C@@H]1N(C)S(=O)(=O)c1ccc(-c2cnc(N)c(-c3ccc4c(c3)CCNC4=O)n2)nc1,CC[C@]1(O)C[C@H]2CN(CCc3c([nH]c4ccccc34)[C@@](C(=O)OC)(c3cc4c(cc3OC)N(C)[C@H]3[C@@](O)(C(=O)NCCNC(C)=O)[C@H](OC(C)=O)[C@]5(CC)C=CCN6CC[C@]43[C@@H]65)C2)C1,35,64,99,35,64,99,29,39,72,5,9,ok,7.795e-05,20,3.8975e-06,3897.500,has-match,0,0,,,,,Query keeps atom elements but uses generic bonds.,
p0102,size-combinations,substruct,substruct_any_atom_bond,Substruct any atoms/bonds,0,563235,2002270,COC[C@H]1C[C@@H]1N(C)S(=O)(=O)c1ccc(-c2cnc(N)c(-c3ccc4c(c3)CCNC4=O)n2)nc1,CC[C@]1(O)C[C@H]2CN(CCc3c([nH]c4ccccc34)[C@@](C(=O)OC)(c3cc4c(cc3OC)N(C)[C@H]3[C@@](O)(C(=O)NCCNC(C)=O)[C@H](OC(C)=O)[C@]5(CC)C=CCN6CC[C@]43[C@@H]65)C2)C1,35,64,99,35,64,99,29,39,72,5,9,ok,0.001023138,20,5.11569e-05,51156.900,has-match,0,0,,,,,"Query uses generic atoms and generic bonds, similar to CompareAny topology.",
p0102,size-combinations,substruct,substruct_ring_atoms,Substruct ring-chain atoms,0,563235,2002270,COC[C@H]1C[C@@H]1N(C)S(=O)(=O)c1ccc(-c2cnc(N)c(-c3ccc4c(c3)CCNC4=O)n2)nc1,CC[C@]1(O)C[C@H]2CN(CCc3c([nH]c4ccccc34)[C@@](C(=O)OC)(c3cc4c(cc3OC)N(C)[C@H]3[C@@](O)(C(=O)NCCNC(C)=O)[C@H](OC(C)=O)[C@]5(CC)C=CCN6CC[C@]43[C@@H]65)C2)C1,35,64,99,35,64,99,29,39,72,5,9,ok,6.4153e-05,20,3.20765e-06,3207.650,has-match,0,0,,,,,Query adds ring/chain atom constraints; closest substruct analog to ringMatchesRingOnly.,
p0103,size-combinations,mcs,mcs_any_atom_bond,MCS CompareAny atoms/bonds,0,1798025,613140,CCCCNC(=O)C1C(c2ccc(C(F)(F)F)cc2)=Nc2ccccc2N1C(=O)c1cccc(C(F)(F)F)c1,CC[C@H]1CCC[C@H](OC(=O)CCC[P+](c2ccccc2)(c2ccccc2)c2ccccc2)[C@@H](C)C(=O)C2=C[C@@H]3[C@@H](C=C[C@@H]4C[C@@H](O[C@@H]5O[C@@H](C)[C@H](OC)[C@@H](OC)[C@H]5OC)C[C@@H]34)[C@@H]2CC(=O)O1.[I-],39,67,106,39,67,106,28,42,73,4,8,ok,8.07122411,1,8.07122411,8071224105.000,,,,36,35,0,"[#6,#8]-,=[#6]-[#6,#8]-[#6]-[#7,#6]-[#6](=[#8])-[#6]-[#6](-[#6]:,-[#6]:,-[#6,#8]:,-[#6](:,-[#6]:,-[#6])-[#6]-[#9,#6])=,-[#7,#6]-[#6](:,-[#6]):,-[#6](:,-[#6]:,-[#6]:,=[#6])-[#7,#6]-[#6](=,-[#8,#6])-[#6,#8]:,-[#6]:,-[#6,#8]:,-[#6]:,-[#6](-[#6](-[#9,#8])-[#9,#6]):,-[#6,#8]",Permissive MCS: any atom type and any bond type can match.,
p0103,size-combinations,mcs,mcs_elements_order,MCS elements/order,1,1798025,613140,CCCCNC(=O)C1C(c2ccc(C(F)(F)F)cc2)=Nc2ccccc2N1C(=O)c1cccc(C(F)(F)F)c1,CC[C@H]1CCC[C@H](OC(=O)CCC[P+](c2ccccc2)(c2ccccc2)c2ccccc2)[C@@H](C)C(=O)C2=C[C@@H]3[C@@H](C=C[C@@H]4C[C@@H](O[C@@H]5O[C@@H](C)[C@H](OC)[C@@H](OC)[C@H]5OC)C[C@@H]34)[C@@H]2CC(=O)O1.[I-],39,67,106,39,67,106,28,42,73,4,8,ok,0.001049358,1,0.001049358,1049358.000,,,,11,10,0,"[#6](=[#8])-[#6]-[#6]-[#6](:,-[#6]:,-[#6]:,-[#6](-[#6]):,-[#6]):,-[#6]",Closest MCS counterpart to a raw SMILES substructure query.,
p0103,size-combinations,mcs,mcs_elements_order_maximize_atoms,MCS elements/order maximize atoms,0,1798025,613140,CCCCNC(=O)C1C(c2ccc(C(F)(F)F)cc2)=Nc2ccccc2N1C(=O)c1cccc(C(F)(F)F)c1,CC[C@H]1CCC[C@H](OC(=O)CCC[P+](c2ccccc2)(c2ccccc2)c2ccccc2)[C@@H](C)C(=O)C2=C[C@@H]3[C@@H](C=C[C@@H]4C[C@@H](O[C@@H]5O[C@@H](C)[C@H](OC)[C@@H](OC)[C@H]5OC)C[C@@H]34)[C@@H]2CC(=O)O1.[I-],39,67,106,39,67,106,28,42,73,4,8,ok,0.000800965,1,0.000800965,800965.000,,,,11,10,0,"[#6](=[#8])-[#6]-[#6]-[#6](:,-[#6]:,-[#6]:,-[#6](-[#6]):,-[#6]):,-[#6]","Same element/order comparison, but optimize atom count instead of bond count.",
p0103,size-combinations,mcs,mcs_elements_order_ring_atoms,MCS elements/order ring atoms,0,1798025,613140,CCCCNC(=O)C1C(c2ccc(C(F)(F)F)cc2)=Nc2ccccc2N1C(=O)c1cccc(C(F)(F)F)c1,CC[C@H]1CCC[C@H](OC(=O)CCC[P+](c2ccccc2)(c2ccccc2)c2ccccc2)[C@@H](C)C(=O)C2=C[C@@H]3[C@@H](C=C[C@@H]4C[C@@H](O[C@@H]5O[C@@H](C)[C@H](OC)[C@@H](OC)[C@H]5OC)C[C@@H]34)[C@@H]2CC(=O)O1.[I-],39,67,106,39,67,106,28,42,73,4,8,ok,0.000998869,1,0.000998869,998869.000,,,,7,6,0,"[#6&R](:,-;@[#6&R]:,-;@[#6&R]:,-;@[#6&R]-&!@[#6&!R]):,-;@[#6&R]:,-;@[#6&R]",Ring atoms and ring bonds only match ring atoms and ring bonds.,
p0103,size-combinations,mcs,mcs_elements_order_whole_rings,MCS elements/order whole rings,0,1798025,613140,CCCCNC(=O)C1C(c2ccc(C(F)(F)F)cc2)=Nc2ccccc2N1C(=O)c1cccc(C(F)(F)F)c1,CC[C@H]1CCC[C@H](OC(=O)CCC[P+](c2ccccc2)(c2ccccc2)c2ccccc2)[C@@H](C)C(=O)C2=C[C@@H]3[C@@H](C=C[C@@H]4C[C@@H](O[C@@H]5O[C@@H](C)[C@H](OC)[C@@H](OC)[C@H]5OC)C[C@@H]34)[C@@H]2CC(=O)O1.[I-],39,67,106,39,67,106,28,42,73,4,8,ok,0.00127492,1,0.00127492,1274920.000,,,,6,6,0,[#6]1:&@[#6]:&@[#6]:&@[#6]:&@[#6]:&@[#6]:&@1,MCS completeRingsOnly=True; partial ring MCS results are rejected.,
p0103,size-combinations,mcs,mcs_elements_order_ring_atoms_whole_rings,MCS elements/order ring atoms + whole rings,0,1798025,613140,CCCCNC(=O)C1C(c2ccc(C(F)(F)F)cc2)=Nc2ccccc2N1C(=O)c1cccc(C(F)(F)F)c1,CC[C@H]1CCC[C@H](OC(=O)CCC[P+](c2ccccc2)(c2ccccc2)c2ccccc2)[C@@H](C)C(=O)C2=C[C@@H]3[C@@H](C=C[C@@H]4C[C@@H](O[C@@H]5O[C@@H](C)[C@H](OC)[C@@H](OC)[C@H]5OC)C[C@@H]34)[C@@H]2CC(=O)O1.[I-],39,67,106,39,67,106,28,42,73,4,8,ok,0.001202734,1,0.001202734,1202734.000,,,,6,6,0,[#6]1:&@[#6]:&@[#6]:&@[#6]:&@[#6]:&@[#6]:&@1,Both ringMatchesRingOnly and completeRingsOnly are enabled.,
p0103,size-combinations,substruct,substruct_smiles,Substruct raw SMILES,1,1798025,613140,CCCCNC(=O)C1C(c2ccc(C(F)(F)F)cc2)=Nc2ccccc2N1C(=O)c1cccc(C(F)(F)F)c1,CC[C@H]1CCC[C@H](OC(=O)CCC[P+](c2ccccc2)(c2ccccc2)c2ccccc2)[C@@H](C)C(=O)C2=C[C@@H]3[C@@H](C=C[C@@H]4C[C@@H](O[C@@H]5O[C@@H](C)[C@H](OC)[C@@H](OC)[C@H]5OC)C[C@@H]34)[C@@H]2CC(=O)O1.[I-],39,67,106,39,67,106,28,42,73,4,8,ok,0.000262101,20,1.310505e-05,13105.050,has-match,0,0,,,,,Best SMILES-substructure baseline. Substructure has no direct completeRingsOnly option.,
p0103,size-combinations,substruct,substruct_elements_any_bond,Substruct elements/any bond,0,1798025,613140,CCCCNC(=O)C1C(c2ccc(C(F)(F)F)cc2)=Nc2ccccc2N1C(=O)c1cccc(C(F)(F)F)c1,CC[C@H]1CCC[C@H](OC(=O)CCC[P+](c2ccccc2)(c2ccccc2)c2ccccc2)[C@@H](C)C(=O)C2=C[C@@H]3[C@@H](C=C[C@@H]4C[C@@H](O[C@@H]5O[C@@H](C)[C@H](OC)[C@@H](OC)[C@H]5OC)C[C@@H]34)[C@@H]2CC(=O)O1.[I-],39,67,106,39,67,106,28,42,73,4,8,ok,0.000347263,20,1.736315e-05,17363.150,has-match,0,0,,,,,Query keeps atom elements but uses generic bonds.,
p0103,size-combinations,substruct,substruct_any_atom_bond,Substruct any atoms/bonds,0,1798025,613140,CCCCNC(=O)C1C(c2ccc(C(F)(F)F)cc2)=Nc2ccccc2N1C(=O)c1cccc(C(F)(F)F)c1,CC[C@H]1CCC[C@H](OC(=O)CCC[P+](c2ccccc2)(c2ccccc2)c2ccccc2)[C@@H](C)C(=O)C2=C[C@@H]3[C@@H](C=C[C@@H]4C[C@@H](O[C@@H]5O[C@@H](C)[C@H](OC)[C@@H](OC)[C@H]5OC)C[C@@H]34)[C@@H]2CC(=O)O1.[I-],39,67,106,39,67,106,28,42,73,4,8,ok,0.002305773,20,0.00011528865,115288.650,has-match,0,0,,,,,"Query uses generic atoms and generic bonds, similar to CompareAny topology.",
p0103,size-combinations,substruct,substruct_ring_atoms,Substruct ring-chain atoms,0,1798025,613140,CCCCNC(=O)C1C(c2ccc(C(F)(F)F)cc2)=Nc2ccccc2N1C(=O)c1cccc(C(F)(F)F)c1,CC[C@H]1CCC[C@H](OC(=O)CCC[P+](c2ccccc2)(c2ccccc2)c2ccccc2)[C@@H](C)C(=O)C2=C[C@@H]3[C@@H](C=C[C@@H]4C[C@@H](O[C@@H]5O[C@@H](C)[C@H](OC)[C@@H](OC)[C@H]5OC)C[C@@H]34)[C@@H]2CC(=O)O1.[I-],39,67,106,39,67,106,28,42,73,4,8,ok,8.6974e-05,20,4.3487e-06,4348.700,has-match,0,0,,,,,Query adds ring/chain atom constraints; closest substruct analog to ringMatchesRingOnly.,
p0104,size-combinations,mcs,mcs_any_atom_bond,MCS CompareAny atoms/bonds,0,1997668,934426,CS(=O)(=O)Cc1ccccc1Nc1nccc(Oc2ccc(NC(=O)C3(C(=O)Nc4ccc(F)cc4)CC3)cc2F)n1,Cc1c(N)nc(C(CC(N)=O)NCC(N)C(N)=O)nc1C(=O)NC(C(=O)NC(C)C(O)C(C)C(=O)NC(C(=O)NCCc1nc(-c2nc(C(=O)NCCC[S+](C)C)cs2)cs1)C(C)O)C(OC1OC(CO)C(O)C(O)C1OC1OC(CO)C(O)C(OC(N)=O)C1O)c1c[nH]cn1,42,96,138,42,96,138,54,46,101,5,6,ok,2.52617222,1,2.52617222,2526172223.000,,,,41,41,0,"[#6,#8]-,=[#16,#6](=,-[#8,#7])-[#6]-,:[#6]:[#6,#16]:[#6]:,-[#6]:[#6]:[#6,#16]-,:[#7,#6]-[#6]:,-[#7,#6]:,-[#6,#7]:,-[#6]:,-[#6](-[#8,#7]-[#6](:,=[#6,#8]):,-[#6](:,-[#6]:,-[#6](:,-[#6])-[#7]-[#6](=[#8])-[#6](-[#6](=,-[#8,#6])-[#7,#8]-[#6]1:,-[#6,#8]:,-[#6]:,-[#6](:,-[#6]:,-[#6]:,-1)-[#9,#8])-[#6,#7]-[#6])-[#9,#6]):,-[#7,#6]",Permissive MCS: any atom type and any bond type can match.,
p0104,size-combinations,mcs,mcs_elements_order,MCS elements/order,1,1997668,934426,CS(=O)(=O)Cc1ccccc1Nc1nccc(Oc2ccc(NC(=O)C3(C(=O)Nc4ccc(F)cc4)CC3)cc2F)n1,Cc1c(N)nc(C(CC(N)=O)NCC(N)C(N)=O)nc1C(=O)NC(C(=O)NC(C)C(O)C(C)C(=O)NC(C(=O)NCCc1nc(-c2nc(C(=O)NCCC[S+](C)C)cs2)cs1)C(C)O)C(OC1OC(CO)C(O)C(O)C1OC1OC(CO)C(O)C(OC(N)=O)C1O)c1c[nH]cn1,42,96,138,42,96,138,54,46,101,5,6,ok,0.008861159,1,0.008861159,8861159.000,,,,13,12,0,"[#7]-,:[#6]:[#7]:[#6]:[#6]:,-[#6]-[#8]-[#6]:,-[#6]:,-[#6]:,-[#6]:,-[#6]:,-[#6]",Closest MCS counterpart to a raw SMILES substructure query.,
p0104,size-combinations,mcs,mcs_elements_order_maximize_atoms,MCS elements/order maximize atoms,0,1997668,934426,CS(=O)(=O)Cc1ccccc1Nc1nccc(Oc2ccc(NC(=O)C3(C(=O)Nc4ccc(F)cc4)CC3)cc2F)n1,Cc1c(N)nc(C(CC(N)=O)NCC(N)C(N)=O)nc1C(=O)NC(C(=O)NC(C)C(O)C(C)C(=O)NC(C(=O)NCCc1nc(-c2nc(C(=O)NCCC[S+](C)C)cs2)cs1)C(C)O)C(OC1OC(CO)C(O)C(O)C1OC1OC(CO)C(O)C(OC(N)=O)C1O)c1c[nH]cn1,42,96,138,42,96,138,54,46,101,5,6,ok,0.008736199,1,0.008736199,8736199.000,,,,13,12,0,"[#7]-,:[#6]:[#7]:[#6]:[#6]:,-[#6]-[#8]-[#6]:,-[#6]:,-[#6]:,-[#6]:,-[#6]:,-[#6]","Same element/order comparison, but optimize atom count instead of bond count.",
p0104,size-combinations,mcs,mcs_elements_order_ring_atoms,MCS elements/order ring atoms,0,1997668,934426,CS(=O)(=O)Cc1ccccc1Nc1nccc(Oc2ccc(NC(=O)C3(C(=O)Nc4ccc(F)cc4)CC3)cc2F)n1,Cc1c(N)nc(C(CC(N)=O)NCC(N)C(N)=O)nc1C(=O)NC(C(=O)NC(C)C(O)C(C)C(=O)NC(C(=O)NCCc1nc(-c2nc(C(=O)NCCC[S+](C)C)cs2)cs1)C(C)O)C(OC1OC(CO)C(O)C(O)C1OC1OC(CO)C(O)C(OC(N)=O)C1O)c1c[nH]cn1,42,96,138,42,96,138,54,46,101,5,6,ok,0.00242299,1,0.00242299,2422990.000,,,,9,8,0,"[#6&R]:,-;@[#6&R]:,-;@[#6&R]-&!@[#8&!R]-&!@[#6&R](:,-;@[#6&R]:,-;@[#6&R]:,-;@[#6&R]):,-;@[#6&R]",Ring atoms and ring bonds only match ring atoms and ring bonds.,
p0104,size-combinations,mcs,mcs_elements_order_whole_rings,MCS elements/order whole rings,0,1997668,934426,CS(=O)(=O)Cc1ccccc1Nc1nccc(Oc2ccc(NC(=O)C3(C(=O)Nc4ccc(F)cc4)CC3)cc2F)n1,Cc1c(N)nc(C(CC(N)=O)NCC(N)C(N)=O)nc1C(=O)NC(C(=O)NC(C)C(O)C(C)C(=O)NC(C(=O)NCCc1nc(-c2nc(C(=O)NCCC[S+](C)C)cs2)cs1)C(C)O)C(OC1OC(CO)C(O)C(O)C1OC1OC(CO)C(O)C(OC(N)=O)C1O)c1c[nH]cn1,42,96,138,42,96,138,54,46,101,5,6,ok,0.001916686,1,0.001916686,1916686.000,,,,7,6,0,[#6]-&!@[#7]-&!@[#6]-&!@[#6]-&!@[#6](=&!@[#8])-&!@[#7],MCS completeRingsOnly=True; partial ring MCS results are rejected.,
p0104,size-combinations,mcs,mcs_elements_order_ring_atoms_whole_rings,MCS elements/order ring atoms + whole rings,0,1997668,934426,CS(=O)(=O)Cc1ccccc1Nc1nccc(Oc2ccc(NC(=O)C3(C(=O)Nc4ccc(F)cc4)CC3)cc2F)n1,Cc1c(N)nc(C(CC(N)=O)NCC(N)C(N)=O)nc1C(=O)NC(C(=O)NC(C)C(O)C(C)C(=O)NC(C(=O)NCCc1nc(-c2nc(C(=O)NCCC[S+](C)C)cs2)cs1)C(C)O)C(OC1OC(CO)C(O)C(O)C1OC1OC(CO)C(O)C(OC(N)=O)C1O)c1c[nH]cn1,42,96,138,42,96,138,54,46,101,5,6,ok,0.001458418,1,0.001458418,1458418.000,,,,6,6,0,[#6]1:&@[#7]:&@[#6]:&@[#6]:&@[#6]:&@[#7]:&@1,Both ringMatchesRingOnly and completeRingsOnly are enabled.,
p0104,size-combinations,substruct,substruct_smiles,Substruct raw SMILES,1,1997668,934426,CS(=O)(=O)Cc1ccccc1Nc1nccc(Oc2ccc(NC(=O)C3(C(=O)Nc4ccc(F)cc4)CC3)cc2F)n1,Cc1c(N)nc(C(CC(N)=O)NCC(N)C(N)=O)nc1C(=O)NC(C(=O)NC(C)C(O)C(C)C(=O)NC(C(=O)NCCc1nc(-c2nc(C(=O)NCCC[S+](C)C)cs2)cs1)C(C)O)C(OC1OC(CO)C(O)C(O)C1OC1OC(CO)C(O)C(OC(N)=O)C1O)c1c[nH]cn1,42,96,138,42,96,138,54,46,101,5,6,ok,7.1836e-05,20,3.5918e-06,3591.800,has-match,0,0,,,,,Best SMILES-substructure baseline. Substructure has no direct completeRingsOnly option.,
p0104,size-combinations,substruct,substruct_elements_any_bond,Substruct elements/any bond,0,1997668,934426,CS(=O)(=O)Cc1ccccc1Nc1nccc(Oc2ccc(NC(=O)C3(C(=O)Nc4ccc(F)cc4)CC3)cc2F)n1,Cc1c(N)nc(C(CC(N)=O)NCC(N)C(N)=O)nc1C(=O)NC(C(=O)NC(C)C(O)C(C)C(=O)NC(C(=O)NCCc1nc(-c2nc(C(=O)NCCC[S+](C)C)cs2)cs1)C(C)O)C(OC1OC(CO)C(O)C(O)C1OC1OC(CO)C(O)C(OC(N)=O)C1O)c1c[nH]cn1,42,96,138,42,96,138,54,46,101,5,6,ok,6.0874e-05,20,3.0437e-06,3043.700,has-match,0,0,,,,,Query keeps atom elements but uses generic bonds.,
p0104,size-combinations,substruct,substruct_any_atom_bond,Substruct any atoms/bonds,0,1997668,934426,CS(=O)(=O)Cc1ccccc1Nc1nccc(Oc2ccc(NC(=O)C3(C(=O)Nc4ccc(F)cc4)CC3)cc2F)n1,Cc1c(N)nc(C(CC(N)=O)NCC(N)C(N)=O)nc1C(=O)NC(C(=O)NC(C)C(O)C(C)C(=O)NC(C(=O)NCCc1nc(-c2nc(C(=O)NCCC[S+](C)C)cs2)cs1)C(C)O)C(OC1OC(CO)C(O)C(O)C1OC1OC(CO)C(O)C(OC(N)=O)C1O)c1c[nH]cn1,42,96,138,42,96,138,54,46,101,5,6,ok,8.4498e-05,20,4.2249e-06,4224.900,has-match,0,0,,,,,"Query uses generic atoms and generic bonds, similar to CompareAny topology.",
p0104,size-combinations,substruct,substruct_ring_atoms,Substruct ring-chain atoms,0,1997668,934426,CS(=O)(=O)Cc1ccccc1Nc1nccc(Oc2ccc(NC(=O)C3(C(=O)Nc4ccc(F)cc4)CC3)cc2F)n1,Cc1c(N)nc(C(CC(N)=O)NCC(N)C(N)=O)nc1C(=O)NC(C(=O)NC(C)C(O)C(C)C(=O)NC(C(=O)NCCc1nc(-c2nc(C(=O)NCCC[S+](C)C)cs2)cs1)C(C)O)C(OC1OC(CO)C(O)C(O)C1OC1OC(CO)C(O)C(OC(N)=O)C1O)c1c[nH]cn1,42,96,138,42,96,138,54,46,101,5,6,ok,7.6086e-05,20,3.8043e-06,3804.300,has-match,0,0,,,,,Query adds ring/chain atom constraints; closest substruct analog to ringMatchesRingOnly.,
p0105,size-combinations,mcs,mcs_any_atom_bond,MCS CompareAny atoms/bonds,0,2336370,457047,CO[C@@H]1CN(c2nc(-c3cccc(Cl)c3OCc3ccc4c(c3)[C@@H](C)CN(C3CCOCC3)CC4)cs2)CC[C@@H]1C(=O)O,C[C@@H](O)[C@H](NC(=O)[C@@H]1NC(=O)[C@H]([C@@H](C)O)NC(=O)[C@H](CCCNC(=N)N)NC(=O)[C@@H](Cc2c[nH]c3ccccc23)NC(=O)[C@H](Cc2ccc(O)cc2)NC(=O)[C@@H](NC(=O)[C@H](N)Cc2ccccc2)CSSC1(C)C)C(N)=O,43,77,120,43,77,120,34,48,81,6,5,ok,4.88900784,1,4.88900784,4889007840.000,,,,43,42,0,"[#6]-[#8,#6]-[#6,#7]-[#6]-[#7,#6](-[#6](:,-[#7,#6]):,-[#16]:,-[#6,#16]:,-[#6]-[#6](:,-[#6,#7]:,-[#6]:,-[#6]:,-[#6]-[#17,#6]):,-[#6]-[#8,#7]-[#6]-[#6](:,=[#6,#8]):,-[#6,#7]:,-[#6](:,-[#6]:,-[#6])-[#6](-,=[#6,#8])-[#6,#7]-[#7,#6](-[#6]-[#6]-[#6]-[#8,#7]-[#6]-,=[#6,#7])-[#6]-[#6,#7])-[#6,#7]-[#6]-[#6]-[#6](=,-[#8,#6])-[#8]",Permissive MCS: any atom type and any bond type can match.,
p0105,size-combinations,mcs,mcs_elements_order,MCS elements/order,1,2336370,457047,CO[C@@H]1CN(c2nc(-c3cccc(Cl)c3OCc3ccc4c(c3)[C@@H](C)CN(C3CCOCC3)CC4)cs2)CC[C@@H]1C(=O)O,C[C@@H](O)[C@H](NC(=O)[C@@H]1NC(=O)[C@H]([C@@H](C)O)NC(=O)[C@H](CCCNC(=N)N)NC(=O)[C@@H](Cc2c[nH]c3ccccc23)NC(=O)[C@H](Cc2ccc(O)cc2)NC(=O)[C@@H](NC(=O)[C@H](N)Cc2ccccc2)CSSC1(C)C)C(N)=O,43,77,120,43,77,120,34,48,81,6,5,ok,0.132383583,1,0.132383583,132383583.000,,,,15,14,0,"[#8]-[#6]-,:[#6]:[#6]:[#6](:,-[#6]-[#6]-[#6]-[#7]-[#6](-[#6]-[#6])-[#6])-,:[#6]-,:[#6]",Closest MCS counterpart to a raw SMILES substructure query.,
p0105,size-combinations,mcs,mcs_elements_order_maximize_atoms,MCS elements/order maximize atoms,0,2336370,457047,CO[C@@H]1CN(c2nc(-c3cccc(Cl)c3OCc3ccc4c(c3)[C@@H](C)CN(C3CCOCC3)CC4)cs2)CC[C@@H]1C(=O)O,C[C@@H](O)[C@H](NC(=O)[C@@H]1NC(=O)[C@H]([C@@H](C)O)NC(=O)[C@H](CCCNC(=N)N)NC(=O)[C@@H](Cc2c[nH]c3ccccc23)NC(=O)[C@H](Cc2ccc(O)cc2)NC(=O)[C@@H](NC(=O)[C@H](N)Cc2ccccc2)CSSC1(C)C)C(N)=O,43,77,120,43,77,120,34,48,81,6,5,ok,0.019028012,1,0.019028012,19028012.000,,,,15,14,0,"[#8]-[#6]-,:[#6]:[#6]:[#6](:,-[#6]-[#6]-[#6]-[#7]-[#6](-[#6]-[#6])-[#6])-,:[#6]-,:[#6]","Same element/order comparison, but optimize atom count instead of bond count.",
p0105,size-combinations,mcs,mcs_elements_order_ring_atoms,MCS elements/order ring atoms,0,2336370,457047,CO[C@@H]1CN(c2nc(-c3cccc(Cl)c3OCc3ccc4c(c3)[C@@H](C)CN(C3CCOCC3)CC4)cs2)CC[C@@H]1C(=O)O,C[C@@H](O)[C@H](NC(=O)[C@@H]1NC(=O)[C@H]([C@@H](C)O)NC(=O)[C@H](CCCNC(=N)N)NC(=O)[C@@H](Cc2c[nH]c3ccccc23)NC(=O)[C@H](Cc2ccc(O)cc2)NC(=O)[C@@H](NC(=O)[C@H](N)Cc2ccccc2)CSSC1(C)C)C(N)=O,43,77,120,43,77,120,34,48,81,6,5,ok,0.004147502,1,0.004147502,4147502.000,,,,10,10,0,"[#6]1:&@[#6]:&@[#6]:&@[#6]:&@[#6](:&@[#6]:&@1)-,:;@[#6&R](-&!@[#6&!R])-,:;@[#6&R]-,:;@[#7&R]",Ring atoms and ring bonds only match ring atoms and ring bonds.,
p0105,size-combinations,mcs,mcs_elements_order_whole_rings,MCS elements/order whole rings,0,2336370,457047,CO[C@@H]1CN(c2nc(-c3cccc(Cl)c3OCc3ccc4c(c3)[C@@H](C)CN(C3CCOCC3)CC4)cs2)CC[C@@H]1C(=O)O,C[C@@H](O)[C@H](NC(=O)[C@@H]1NC(=O)[C@H]([C@@H](C)O)NC(=O)[C@H](CCCNC(=N)N)NC(=O)[C@@H](Cc2c[nH]c3ccccc23)NC(=O)[C@H](Cc2ccc(O)cc2)NC(=O)[C@@H](NC(=O)[C@H](N)Cc2ccccc2)CSSC1(C)C)C(N)=O,43,77,120,43,77,120,34,48,81,6,5,ok,0.003355809,1,0.003355809,3355809.000,,,,7,7,0,[#6]-&!@[#6]1:&@[#6]:&@[#6]:&@[#6]:&@[#6]:&@[#6]:&@1,MCS completeRingsOnly=True; partial ring MCS results are rejected.,
p0105,size-combinations,mcs,mcs_elements_order_ring_atoms_whole_rings,MCS elements/order ring atoms + whole rings,0,2336370,457047,CO[C@@H]1CN(c2nc(-c3cccc(Cl)c3OCc3ccc4c(c3)[C@@H](C)CN(C3CCOCC3)CC4)cs2)CC[C@@H]1C(=O)O,C[C@@H](O)[C@H](NC(=O)[C@@H]1NC(=O)[C@H]([C@@H](C)O)NC(=O)[C@H](CCCNC(=N)N)NC(=O)[C@@H](Cc2c[nH]c3ccccc23)NC(=O)[C@H](Cc2ccc(O)cc2)NC(=O)[C@@H](NC(=O)[C@H](N)Cc2ccccc2)CSSC1(C)C)C(N)=O,43,77,120,43,77,120,34,48,81,6,5,ok,0.00280245,1,0.00280245,2802450.000,,,,7,7,0,[#6]1:&@[#6]:&@[#6]:&@[#6]:&@[#6]:&@[#6]:&@1-&!@[#8&!R],Both ringMatchesRingOnly and completeRingsOnly are enabled.,
p0105,size-combinations,substruct,substruct_smiles,Substruct raw SMILES,1,2336370,457047,CO[C@@H]1CN(c2nc(-c3cccc(Cl)c3OCc3ccc4c(c3)[C@@H](C)CN(C3CCOCC3)CC4)cs2)CC[C@@H]1C(=O)O,C[C@@H](O)[C@H](NC(=O)[C@@H]1NC(=O)[C@H]([C@@H](C)O)NC(=O)[C@H](CCCNC(=N)N)NC(=O)[C@@H](Cc2c[nH]c3ccccc23)NC(=O)[C@H](Cc2ccc(O)cc2)NC(=O)[C@@H](NC(=O)[C@H](N)Cc2ccccc2)CSSC1(C)C)C(N)=O,43,77,120,43,77,120,34,48,81,6,5,ok,7.4214e-05,20,3.7107e-06,3710.700,has-match,0,0,,,,,Best SMILES-substructure baseline. Substructure has no direct completeRingsOnly option.,
p0105,size-combinations,substruct,substruct_elements_any_bond,Substruct elements/any bond,0,2336370,457047,CO[C@@H]1CN(c2nc(-c3cccc(Cl)c3OCc3ccc4c(c3)[C@@H](C)CN(C3CCOCC3)CC4)cs2)CC[C@@H]1C(=O)O,C[C@@H](O)[C@H](NC(=O)[C@@H]1NC(=O)[C@H]([C@@H](C)O)NC(=O)[C@H](CCCNC(=N)N)NC(=O)[C@@H](Cc2c[nH]c3ccccc23)NC(=O)[C@H](Cc2ccc(O)cc2)NC(=O)[C@@H](NC(=O)[C@H](N)Cc2ccccc2)CSSC1(C)C)C(N)=O,43,77,120,43,77,120,34,48,81,6,5,ok,6.5306e-05,20,3.2653e-06,3265.300,has-match,0,0,,,,,Query keeps atom elements but uses generic bonds.,
p0105,size-combinations,substruct,substruct_any_atom_bond,Substruct any atoms/bonds,0,2336370,457047,CO[C@@H]1CN(c2nc(-c3cccc(Cl)c3OCc3ccc4c(c3)[C@@H](C)CN(C3CCOCC3)CC4)cs2)CC[C@@H]1C(=O)O,C[C@@H](O)[C@H](NC(=O)[C@@H]1NC(=O)[C@H]([C@@H](C)O)NC(=O)[C@H](CCCNC(=N)N)NC(=O)[C@@H](Cc2c[nH]c3ccccc23)NC(=O)[C@H](Cc2ccc(O)cc2)NC(=O)[C@@H](NC(=O)[C@H](N)Cc2ccccc2)CSSC1(C)C)C(N)=O,43,77,120,43,77,120,34,48,81,6,5,ok,0.000945988,20,4.72994e-05,47299.400,has-match,0,0,,,,,"Query uses generic atoms and generic bonds, similar to CompareAny topology.",
p0105,size-combinations,substruct,substruct_ring_atoms,Substruct ring-chain atoms,0,2336370,457047,CO[C@@H]1CN(c2nc(-c3cccc(Cl)c3OCc3ccc4c(c3)[C@@H](C)CN(C3CCOCC3)CC4)cs2)CC[C@@H]1C(=O)O,C[C@@H](O)[C@H](NC(=O)[C@@H]1NC(=O)[C@H]([C@@H](C)O)NC(=O)[C@H](CCCNC(=N)N)NC(=O)[C@@H](Cc2c[nH]c3ccccc23)NC(=O)[C@H](Cc2ccc(O)cc2)NC(=O)[C@@H](NC(=O)[C@H](N)Cc2ccccc2)CSSC1(C)C)C(N)=O,43,77,120,43,77,120,34,48,81,6,5,ok,7.1717e-05,20,3.58585e-06,3585.850,has-match,0,0,,,,,Query adds ring/chain atom constraints; closest substruct analog to ringMatchesRingOnly.,
p0106,size-combinations,mcs,mcs_any_atom_bond,MCS CompareAny atoms/bonds,0,151291,991763,CC(C)[C@H](NC(=O)c1ccccn1)C(=O)N[C@@H](Cc1ccccc1)[C@@H](O)CN[C@@H](Cc1ccc(-c2cccc(N)c2)cc1)C(N)=O,CCCCCCCCCCCCCCO[C@@H]1[C@@H](OCCCCCC)[C@@H](OC)O[C@H](CN)[C@H]1OCCCCCCCCCCCCCC.Cl,46,48,94,46,48,94,2,49,47,4,1,ok,0.135298021,1,0.135298021,135298021.000,,,,36,35,0,"[#6]-,:[#6]-,:[#6]-,:[#6]-,:[#6]-,:[#6]-[#6]-,:[#6]-,:[#6]-,:[#6]-[#6]-[#6]-[#6,#7]-[#8,#6]-[#6]-[#6](-[#8,#6]-[#6]-,:[#6]-,:[#6]-,:[#6]-,:[#6]-,:[#6])-[#6,#7]-[#8,#6]-[#6](-[#6]-[#7,#6])-[#6,#7]-[#8,#6]-[#6]-,:[#6]-,:[#6]-,:[#6]-,:[#6]-,:[#6,#7]",Permissive MCS: any atom type and any bond type can match.,
p0106,size-combinations,mcs,mcs_elements_order,MCS elements/order,1,151291,991763,CC(C)[C@H](NC(=O)c1ccccn1)C(=O)N[C@@H](Cc1ccccc1)[C@@H](O)CN[C@@H](Cc1ccc(-c2cccc(N)c2)cc1)C(N)=O,CCCCCCCCCCCCCCO[C@@H]1[C@@H](OCCCCCC)[C@@H](OC)O[C@H](CN)[C@H]1OCCCCCCCCCCCCCC.Cl,46,48,94,46,48,94,2,49,47,4,1,ok,0.003751745,1,0.003751745,3751745.000,,,,13,12,0,"[#6]-,:[#6]-,:[#6]-,:[#6]-,:[#6]-,:[#6]-[#6]-,:[#6]-,:[#6]-,:[#6]-[#6]-[#6]-[#6]",Closest MCS counterpart to a raw SMILES substructure query.,
p0106,size-combinations,mcs,mcs_elements_order_maximize_atoms,MCS elements/order maximize atoms,0,151291,991763,CC(C)[C@H](NC(=O)c1ccccn1)C(=O)N[C@@H](Cc1ccccc1)[C@@H](O)CN[C@@H](Cc1ccc(-c2cccc(N)c2)cc1)C(N)=O,CCCCCCCCCCCCCCO[C@@H]1[C@@H](OCCCCCC)[C@@H](OC)O[C@H](CN)[C@H]1OCCCCCCCCCCCCCC.Cl,46,48,94,46,48,94,2,49,47,4,1,ok,0.001626987,1,0.001626987,1626987.000,,,,13,12,0,"[#6]-,:[#6]-,:[#6]-,:[#6]-,:[#6]-,:[#6]-[#6]-,:[#6]-,:[#6]-,:[#6]-[#6]-[#6]-[#6]","Same element/order comparison, but optimize atom count instead of bond count.",
p0106,size-combinations,mcs,mcs_elements_order_ring_atoms,MCS elements/order ring atoms,0,151291,991763,CC(C)[C@H](NC(=O)c1ccccn1)C(=O)N[C@@H](Cc1ccccc1)[C@@H](O)CN[C@@H](Cc1ccc(-c2cccc(N)c2)cc1)C(N)=O,CCCCCCCCCCCCCCO[C@@H]1[C@@H](OCCCCCC)[C@@H](OC)O[C@H](CN)[C@H]1OCCCCCCCCCCCCCC.Cl,46,48,94,46,48,94,2,49,47,4,1,ok,0.000666317,1,0.000666317,666317.000,,,,7,6,0,"[#6&R](-,:;@[#6&R]-,:;@[#6&R])-,:;@[#6&R]-,:;@[#6&R]-&!@[#6&!R]-&!@[#7&!R]",Ring atoms and ring bonds only match ring atoms and ring bonds.,
p0106,size-combinations,mcs,mcs_elements_order_whole_rings,MCS elements/order whole rings,0,151291,991763,CC(C)[C@H](NC(=O)c1ccccn1)C(=O)N[C@@H](Cc1ccccc1)[C@@H](O)CN[C@@H](Cc1ccc(-c2cccc(N)c2)cc1)C(N)=O,CCCCCCCCCCCCCCO[C@@H]1[C@@H](OCCCCCC)[C@@H](OC)O[C@H](CN)[C@H]1OCCCCCCCCCCCCCC.Cl,46,48,94,46,48,94,2,49,47,4,1,ok,0.000951993,1,0.000951993,951993.000,,,,5,4,0,[#6]-&!@[#6]-&!@[#6]-&!@[#6]-&!@[#6],MCS completeRingsOnly=True; partial ring MCS results are rejected.,
p0106,size-combinations,mcs,mcs_elements_order_ring_atoms_whole_rings,MCS elements/order ring atoms + whole rings,0,151291,991763,CC(C)[C@H](NC(=O)c1ccccn1)C(=O)N[C@@H](Cc1ccccc1)[C@@H](O)CN[C@@H](Cc1ccc(-c2cccc(N)c2)cc1)C(N)=O,CCCCCCCCCCCCCCO[C@@H]1[C@@H](OCCCCCC)[C@@H](OC)O[C@H](CN)[C@H]1OCCCCCCCCCCCCCC.Cl,46,48,94,46,48,94,2,49,47,4,1,ok,0.000706501,1,0.000706501,706501.000,,,,4,3,0,[#6&!R]-&!@[#6&!R]-&!@[#6&!R]-&!@[#6&!R],Both ringMatchesRingOnly and completeRingsOnly are enabled.,
p0106,size-combinations,substruct,substruct_smiles,Substruct raw SMILES,1,151291,991763,CC(C)[C@H](NC(=O)c1ccccn1)C(=O)N[C@@H](Cc1ccccc1)[C@@H](O)CN[C@@H](Cc1ccc(-c2cccc(N)c2)cc1)C(N)=O,CCCCCCCCCCCCCCO[C@@H]1[C@@H](OCCCCCC)[C@@H](OC)O[C@H](CN)[C@H]1OCCCCCCCCCCCCCC.Cl,46,48,94,46,48,94,2,49,47,4,1,ok,6.6658e-05,20,3.3329e-06,3332.900,has-match,0,0,,,,,Best SMILES-substructure baseline. Substructure has no direct completeRingsOnly option.,
p0106,size-combinations,substruct,substruct_elements_any_bond,Substruct elements/any bond,0,151291,991763,CC(C)[C@H](NC(=O)c1ccccn1)C(=O)N[C@@H](Cc1ccccc1)[C@@H](O)CN[C@@H](Cc1ccc(-c2cccc(N)c2)cc1)C(N)=O,CCCCCCCCCCCCCCO[C@@H]1[C@@H](OCCCCCC)[C@@H](OC)O[C@H](CN)[C@H]1OCCCCCCCCCCCCCC.Cl,46,48,94,46,48,94,2,49,47,4,1,ok,5.7997e-05,20,2.89985e-06,2899.850,has-match,0,0,,,,,Query keeps atom elements but uses generic bonds.,
p0106,size-combinations,substruct,substruct_any_atom_bond,Substruct any atoms/bonds,0,151291,991763,CC(C)[C@H](NC(=O)c1ccccn1)C(=O)N[C@@H](Cc1ccccc1)[C@@H](O)CN[C@@H](Cc1ccc(-c2cccc(N)c2)cc1)C(N)=O,CCCCCCCCCCCCCCO[C@@H]1[C@@H](OCCCCCC)[C@@H](OC)O[C@H](CN)[C@H]1OCCCCCCCCCCCCCC.Cl,46,48,94,46,48,94,2,49,47,4,1,ok,0.000186594,20,9.3297e-06,9329.700,has-match,0,0,,,,,"Query uses generic atoms and generic bonds, similar to CompareAny topology.",
p0106,size-combinations,substruct,substruct_ring_atoms,Substruct ring-chain atoms,0,151291,991763,CC(C)[C@H](NC(=O)c1ccccn1)C(=O)N[C@@H](Cc1ccccc1)[C@@H](O)CN[C@@H](Cc1ccc(-c2cccc(N)c2)cc1)C(N)=O,CCCCCCCCCCCCCCO[C@@H]1[C@@H](OCCCCCC)[C@@H](OC)O[C@H](CN)[C@H]1OCCCCCCCCCCCCCC.Cl,46,48,94,46,48,94,2,49,47,4,1,ok,6.0441e-05,20,3.02205e-06,3022.050,has-match,0,0,,,,,Query adds ring/chain atom constraints; closest substruct analog to ringMatchesRingOnly.,
p0107,size-combinations,mcs,mcs_any_atom_bond,MCS CompareAny atoms/bonds,0,151291,403182,CC(C)[C@H](NC(=O)c1ccccn1)C(=O)N[C@@H](Cc1ccccc1)[C@@H](O)CN[C@@H](Cc1ccc(-c2cccc(N)c2)cc1)C(N)=O,O=C(O)[C@H](Cc1ccccc1)N1C(=O)/C(=C/c2ccc(OCCOc3ccc(/C=C4\SC(=S)N([C@@H](Cc5ccccc5)C(=O)O)C4=O)cc3)cc2)SC1=S,46,54,100,46,54,100,8,49,59,4,6,ok,0.207634864,1,0.207634864,207634864.000,,,,36,36,0,"[#6,#16]-[#6](-,=[#6,#16])-[#6,#7](-[#7,#6]-[#6]-[#6]1:[#6]:[#6]:[#6]:[#6]:[#7,#6]:1)-[#6](=[#8])-[#7,#6]-,=[#6]-[#6](-,:[#8,#6])-,:[#6]-,:[#7,#6]-,:[#6](-[#6,#8]-[#6]:,-[#6]:,-[#6,#8]:,-[#6](-,:[#6]:[#6]:[#6]:,-[#6]:,=[#6](-[#7,#6]):,-[#6,#16]):[#6]:[#6])-,:[#6]",Permissive MCS: any atom type and any bond type can match.,
p0107,size-combinations,mcs,mcs_elements_order,MCS elements/order,1,151291,403182,CC(C)[C@H](NC(=O)c1ccccn1)C(=O)N[C@@H](Cc1ccccc1)[C@@H](O)CN[C@@H](Cc1ccc(-c2cccc(N)c2)cc1)C(N)=O,O=C(O)[C@H](Cc1ccccc1)N1C(=O)/C(=C/c2ccc(OCCOc3ccc(/C=C4\SC(=S)N([C@@H](Cc5ccccc5)C(=O)O)C4=O)cc3)cc2)SC1=S,46,54,100,46,54,100,8,49,59,4,6,ok,0.007278521,1,0.007278521,7278521.000,,,,14,14,0,[#6]-[#6](=[#8])-[#7]-[#6](-[#6]-[#6]1:[#6]:[#6]:[#6]:[#6]:[#6]:1)-[#6]-[#8],Closest MCS counterpart to a raw SMILES substructure query.,
p0107,size-combinations,mcs,mcs_elements_order_maximize_atoms,MCS elements/order maximize atoms,0,151291,403182,CC(C)[C@H](NC(=O)c1ccccn1)C(=O)N[C@@H](Cc1ccccc1)[C@@H](O)CN[C@@H](Cc1ccc(-c2cccc(N)c2)cc1)C(N)=O,O=C(O)[C@H](Cc1ccccc1)N1C(=O)/C(=C/c2ccc(OCCOc3ccc(/C=C4\SC(=S)N([C@@H](Cc5ccccc5)C(=O)O)C4=O)cc3)cc2)SC1=S,46,54,100,46,54,100,8,49,59,4,6,ok,0.006673602,1,0.006673602,6673602.000,,,,14,14,0,[#6]-[#6](=[#8])-[#7]-[#6](-[#6]-[#6]1:[#6]:[#6]:[#6]:[#6]:[#6]:1)-[#6]-[#8],"Same element/order comparison, but optimize atom count instead of bond count.",
p0107,size-combinations,mcs,mcs_elements_order_ring_atoms,MCS elements/order ring atoms,0,151291,403182,CC(C)[C@H](NC(=O)c1ccccn1)C(=O)N[C@@H](Cc1ccccc1)[C@@H](O)CN[C@@H](Cc1ccc(-c2cccc(N)c2)cc1)C(N)=O,O=C(O)[C@H](Cc1ccccc1)N1C(=O)/C(=C/c2ccc(OCCOc3ccc(/C=C4\SC(=S)N([C@@H](Cc5ccccc5)C(=O)O)C4=O)cc3)cc2)SC1=S,46,54,100,46,54,100,8,49,59,4,6,ok,0.00086901,1,0.00086901,869010.000,,,,10,10,0,[#6&!R](-&!@[#6&!R]-&!@[#6]1:&@[#6]:&@[#6]:&@[#6]:&@[#6]:&@[#6]:&@1)-&!@[#6&!R]-&!@[#8&!R],Ring atoms and ring bonds only match ring atoms and ring bonds.,
p0107,size-combinations,mcs,mcs_elements_order_whole_rings,MCS elements/order whole rings,0,151291,403182,CC(C)[C@H](NC(=O)c1ccccn1)C(=O)N[C@@H](Cc1ccccc1)[C@@H](O)CN[C@@H](Cc1ccc(-c2cccc(N)c2)cc1)C(N)=O,O=C(O)[C@H](Cc1ccccc1)N1C(=O)/C(=C/c2ccc(OCCOc3ccc(/C=C4\SC(=S)N([C@@H](Cc5ccccc5)C(=O)O)C4=O)cc3)cc2)SC1=S,46,54,100,46,54,100,8,49,59,4,6,ok,0.003161308,1,0.003161308,3161308.000,,,,11,11,0,[#7]-&!@[#6](-&!@[#6]-&!@[#6]1:&@[#6]:&@[#6]:&@[#6]:&@[#6]:&@[#6]:&@1)-&!@[#6]-&!@[#8],MCS completeRingsOnly=True; partial ring MCS results are rejected.,
p0107,size-combinations,mcs,mcs_elements_order_ring_atoms_whole_rings,MCS elements/order ring atoms + whole rings,0,151291,403182,CC(C)[C@H](NC(=O)c1ccccn1)C(=O)N[C@@H](Cc1ccccc1)[C@@H](O)CN[C@@H](Cc1ccc(-c2cccc(N)c2)cc1)C(N)=O,O=C(O)[C@H](Cc1ccccc1)N1C(=O)/C(=C/c2ccc(OCCOc3ccc(/C=C4\SC(=S)N([C@@H](Cc5ccccc5)C(=O)O)C4=O)cc3)cc2)SC1=S,46,54,100,46,54,100,8,49,59,4,6,ok,0.000978433,1,0.000978433,978433.000,,,,10,10,0,[#6&!R](-&!@[#6&!R]-&!@[#6]1:&@[#6]:&@[#6]:&@[#6]:&@[#6]:&@[#6]:&@1)-&!@[#6&!R]-&!@[#8&!R],Both ringMatchesRingOnly and completeRingsOnly are enabled.,
p0107,size-combinations,substruct,substruct_smiles,Substruct raw SMILES,1,151291,403182,CC(C)[C@H](NC(=O)c1ccccn1)C(=O)N[C@@H](Cc1ccccc1)[C@@H](O)CN[C@@H](Cc1ccc(-c2cccc(N)c2)cc1)C(N)=O,O=C(O)[C@H](Cc1ccccc1)N1C(=O)/C(=C/c2ccc(OCCOc3ccc(/C=C4\SC(=S)N([C@@H](Cc5ccccc5)C(=O)O)C4=O)cc3)cc2)SC1=S,46,54,100,46,54,100,8,49,59,4,6,ok,8.2832e-05,20,4.1416e-06,4141.600,has-match,0,0,,,,,Best SMILES-substructure baseline. Substructure has no direct completeRingsOnly option.,
p0107,size-combinations,substruct,substruct_elements_any_bond,Substruct elements/any bond,0,151291,403182,CC(C)[C@H](NC(=O)c1ccccn1)C(=O)N[C@@H](Cc1ccccc1)[C@@H](O)CN[C@@H](Cc1ccc(-c2cccc(N)c2)cc1)C(N)=O,O=C(O)[C@H](Cc1ccccc1)N1C(=O)/C(=C/c2ccc(OCCOc3ccc(/C=C4\SC(=S)N([C@@H](Cc5ccccc5)C(=O)O)C4=O)cc3)cc2)SC1=S,46,54,100,46,54,100,8,49,59,4,6,ok,0.000106469,20,5.32345e-06,5323.450,has-match,0,0,,,,,Query keeps atom elements but uses generic bonds.,
p0107,size-combinations,substruct,substruct_any_atom_bond,Substruct any atoms/bonds,0,151291,403182,CC(C)[C@H](NC(=O)c1ccccn1)C(=O)N[C@@H](Cc1ccccc1)[C@@H](O)CN[C@@H](Cc1ccc(-c2cccc(N)c2)cc1)C(N)=O,O=C(O)[C@H](Cc1ccccc1)N1C(=O)/C(=C/c2ccc(OCCOc3ccc(/C=C4\SC(=S)N([C@@H](Cc5ccccc5)C(=O)O)C4=O)cc3)cc2)SC1=S,46,54,100,46,54,100,8,49,59,4,6,ok,0.00047053,20,2.35265e-05,23526.500,has-match,0,0,,,,,"Query uses generic atoms and generic bonds, similar to CompareAny topology.",
p0107,size-combinations,substruct,substruct_ring_atoms,Substruct ring-chain atoms,0,151291,403182,CC(C)[C@H](NC(=O)c1ccccn1)C(=O)N[C@@H](Cc1ccccc1)[C@@H](O)CN[C@@H](Cc1ccc(-c2cccc(N)c2)cc1)C(N)=O,O=C(O)[C@H](Cc1ccccc1)N1C(=O)/C(=C/c2ccc(OCCOc3ccc(/C=C4\SC(=S)N([C@@H](Cc5ccccc5)C(=O)O)C4=O)cc3)cc2)SC1=S,46,54,100,46,54,100,8,49,59,4,6,ok,7.0339e-05,20,3.51695e-06,3516.950,has-match,0,0,,,,,Query adds ring/chain atom constraints; closest substruct analog to ringMatchesRingOnly.,
p0108,size-combinations,mcs,mcs_any_atom_bond,MCS CompareAny atoms/bonds,0,151291,411674,CC(C)[C@H](NC(=O)c1ccccn1)C(=O)N[C@@H](Cc1ccccc1)[C@@H](O)CN[C@@H](Cc1ccc(-c2cccc(N)c2)cc1)C(N)=O,C/C=C/C[C@@H](C)[C@@H](O)[C@H]1C(=O)N[C@@H](CC)C(=O)N(C)CC(=O)N(C)[C@@H](CC(C)C)C(=O)N[C@@H](C(C)C)C(=O)N(C)[C@@H](CC(C)C)C(=O)N[C@@H](C)C(=O)N[C@H](COCCC2OCCO2)C(=O)N(C)[C@@H](CC(C)C)C(=O)N(C)[C@@H](CC(C)C)C(=O)N(C)[C@@H](C(C)C)C(=O)N1C,46,93,139,46,93,139,47,49,94,4,2,ok,0.696351471,1,0.696351471,696351471.000,,,,44,43,0,"[#6]-[#6](-[#6])-[#6](-[#7]-[#6](=[#8])-[#6](:,-[#6,#7]:,-[#6]):,-[#7,#6]:,-[#6]:,-[#6])-[#6](=[#8])-[#7]-[#6](-[#6]-[#6](:,-[#6]):,-[#6]:,-[#6]:,=[#6]:,-[#6])-[#6](-,=[#8])-[#6,#7]-[#7,#6]-[#6](-[#6,#7]-[#6]:,-[#6]:,-[#6,#7]:,-[#6](-[#6](:,-[#6,#7]:,-[#6]:,-[#6]:,-[#6,#7]-[#7,#6]):,=[#6,#8]):,-[#6]:,-[#6])-,=[#6,#8]",Permissive MCS: any atom type and any bond type can match.,
p0108,size-combinations,mcs,mcs_elements_order,MCS elements/order,1,151291,411674,CC(C)[C@H](NC(=O)c1ccccn1)C(=O)N[C@@H](Cc1ccccc1)[C@@H](O)CN[C@@H](Cc1ccc(-c2cccc(N)c2)cc1)C(N)=O,C/C=C/C[C@@H](C)[C@@H](O)[C@H]1C(=O)N[C@@H](CC)C(=O)N(C)CC(=O)N(C)[C@@H](CC(C)C)C(=O)N[C@@H](C(C)C)C(=O)N(C)[C@@H](CC(C)C)C(=O)N[C@@H](C)C(=O)N[C@H](COCCC2OCCO2)C(=O)N(C)[C@@H](CC(C)C)C(=O)N(C)[C@@H](CC(C)C)C(=O)N(C)[C@@H](C(C)C)C(=O)N1C,46,93,139,46,93,139,47,49,94,4,2,ok,0.076305569,1,0.076305569,76305569.000,,,,23,22,0,"[#6]-[#6](-[#6])-[#6](-[#7]-[#6](=[#8])-[#6](:,-[#6]:,-[#6]):,-[#7]:,-[#6]:,-[#6])-[#6](=[#8])-[#7]-[#6](-[#6]-[#6](:,-[#6]:,-[#6]):,-[#6])-[#6]",Closest MCS counterpart to a raw SMILES substructure query.,
p0108,size-combinations,mcs,mcs_elements_order_maximize_atoms,MCS elements/order maximize atoms,0,151291,411674,CC(C)[C@H](NC(=O)c1ccccn1)C(=O)N[C@@H](Cc1ccccc1)[C@@H](O)CN[C@@H](Cc1ccc(-c2cccc(N)c2)cc1)C(N)=O,C/C=C/C[C@@H](C)[C@@H](O)[C@H]1C(=O)N[C@@H](CC)C(=O)N(C)CC(=O)N(C)[C@@H](CC(C)C)C(=O)N[C@@H](C(C)C)C(=O)N(C)[C@@H](CC(C)C)C(=O)N[C@@H](C)C(=O)N[C@H](COCCC2OCCO2)C(=O)N(C)[C@@H](CC(C)C)C(=O)N(C)[C@@H](CC(C)C)C(=O)N(C)[C@@H](C(C)C)C(=O)N1C,46,93,139,46,93,139,47,49,94,4,2,ok,0.076316787,1,0.076316787,76316787.000,,,,23,22,0,"[#6]-[#6](-[#6])-[#6](-[#7]-[#6](=[#8])-[#6](:,-[#6]:,-[#6]):,-[#7]:,-[#6]:,-[#6])-[#6](=[#8])-[#7]-[#6](-[#6]-[#6](:,-[#6]:,-[#6]):,-[#6])-[#6]","Same element/order comparison, but optimize atom count instead of bond count.",
p0108,size-combinations,mcs,mcs_elements_order_ring_atoms,MCS elements/order ring atoms,0,151291,411674,CC(C)[C@H](NC(=O)c1ccccn1)C(=O)N[C@@H](Cc1ccccc1)[C@@H](O)CN[C@@H](Cc1ccc(-c2cccc(N)c2)cc1)C(N)=O,C/C=C/C[C@@H](C)[C@@H](O)[C@H]1C(=O)N[C@@H](CC)C(=O)N(C)CC(=O)N(C)[C@@H](CC(C)C)C(=O)N[C@@H](C(C)C)C(=O)N(C)[C@@H](CC(C)C)C(=O)N[C@@H](C)C(=O)N[C@H](COCCC2OCCO2)C(=O)N(C)[C@@H](CC(C)C)C(=O)N(C)[C@@H](CC(C)C)C(=O)N(C)[C@@H](C(C)C)C(=O)N1C,46,93,139,46,93,139,47,49,94,4,2,ok,0.001182996,1,0.001182996,1182996.000,,,,6,5,0,"[#6&!R]-&!@[#6&R](:,-;@[#6&R]):,-;@[#7&R]:,-;@[#6&R]:,-;@[#6&R]",Ring atoms and ring bonds only match ring atoms and ring bonds.,
p0108,size-combinations,mcs,mcs_elements_order_whole_rings,MCS elements/order whole rings,0,151291,411674,CC(C)[C@H](NC(=O)c1ccccn1)C(=O)N[C@@H](Cc1ccccc1)[C@@H](O)CN[C@@H](Cc1ccc(-c2cccc(N)c2)cc1)C(N)=O,C/C=C/C[C@@H](C)[C@@H](O)[C@H]1C(=O)N[C@@H](CC)C(=O)N(C)CC(=O)N(C)[C@@H](CC(C)C)C(=O)N[C@@H](C(C)C)C(=O)N(C)[C@@H](CC(C)C)C(=O)N[C@@H](C)C(=O)N[C@H](COCCC2OCCO2)C(=O)N(C)[C@@H](CC(C)C)C(=O)N(C)[C@@H](CC(C)C)C(=O)N(C)[C@@H](C(C)C)C(=O)N1C,46,93,139,46,93,139,47,49,94,4,2,ok,0.001052982,1,0.001052982,1052982.000,,,,6,5,0,[#6](-&!@[#6]-&!@[#6])-&!@[#6](-&!@[#8])-&!@[#6],MCS completeRingsOnly=True; partial ring MCS results are rejected.,
p0108,size-combinations,mcs,mcs_elements_order_ring_atoms_whole_rings,MCS elements/order ring atoms + whole rings,0,151291,411674,CC(C)[C@H](NC(=O)c1ccccn1)C(=O)N[C@@H](Cc1ccccc1)[C@@H](O)CN[C@@H](Cc1ccc(-c2cccc(N)c2)cc1)C(N)=O,C/C=C/C[C@@H](C)[C@@H](O)[C@H]1C(=O)N[C@@H](CC)C(=O)N(C)CC(=O)N(C)[C@@H](CC(C)C)C(=O)N[C@@H](C(C)C)C(=O)N(C)[C@@H](CC(C)C)C(=O)N[C@@H](C)C(=O)N[C@H](COCCC2OCCO2)C(=O)N(C)[C@@H](CC(C)C)C(=O)N(C)[C@@H](CC(C)C)C(=O)N(C)[C@@H](C(C)C)C(=O)N1C,46,93,139,46,93,139,47,49,94,4,2,ok,0.000806505,1,0.000806505,806505.000,,,,5,4,0,[#6&!R]-&!@[#6&!R](-&!@[#6&!R])-&!@[#6&!R]-&!@[#6&!R],Both ringMatchesRingOnly and completeRingsOnly are enabled.,
p0108,size-combinations,substruct,substruct_smiles,Substruct raw SMILES,1,151291,411674,CC(C)[C@H](NC(=O)c1ccccn1)C(=O)N[C@@H](Cc1ccccc1)[C@@H](O)CN[C@@H](Cc1ccc(-c2cccc(N)c2)cc1)C(N)=O,C/C=C/C[C@@H](C)[C@@H](O)[C@H]1C(=O)N[C@@H](CC)C(=O)N(C)CC(=O)N(C)[C@@H](CC(C)C)C(=O)N[C@@H](C(C)C)C(=O)N(C)[C@@H](CC(C)C)C(=O)N[C@@H](C)C(=O)N[C@H](COCCC2OCCO2)C(=O)N(C)[C@@H](CC(C)C)C(=O)N(C)[C@@H](CC(C)C)C(=O)N(C)[C@@H](C(C)C)C(=O)N1C,46,93,139,46,93,139,47,49,94,4,2,ok,0.000172839,20,8.64195e-06,8641.950,has-match,0,0,,,,,Best SMILES-substructure baseline. Substructure has no direct completeRingsOnly option.,
p0108,size-combinations,substruct,substruct_elements_any_bond,Substruct elements/any bond,0,151291,411674,CC(C)[C@H](NC(=O)c1ccccn1)C(=O)N[C@@H](Cc1ccccc1)[C@@H](O)CN[C@@H](Cc1ccc(-c2cccc(N)c2)cc1)C(N)=O,C/C=C/C[C@@H](C)[C@@H](O)[C@H]1C(=O)N[C@@H](CC)C(=O)N(C)CC(=O)N(C)[C@@H](CC(C)C)C(=O)N[C@@H](C(C)C)C(=O)N(C)[C@@H](CC(C)C)C(=O)N[C@@H](C)C(=O)N[C@H](COCCC2OCCO2)C(=O)N(C)[C@@H](CC(C)C)C(=O)N(C)[C@@H](CC(C)C)C(=O)N(C)[C@@H](C(C)C)C(=O)N1C,46,93,139,46,93,139,47,49,94,4,2,ok,0.000170021,20,8.50105e-06,8501.050,has-match,0,0,,,,,Query keeps atom elements but uses generic bonds.,
p0108,size-combinations,substruct,substruct_any_atom_bond,Substruct any atoms/bonds,0,151291,411674,CC(C)[C@H](NC(=O)c1ccccn1)C(=O)N[C@@H](Cc1ccccc1)[C@@H](O)CN[C@@H](Cc1ccc(-c2cccc(N)c2)cc1)C(N)=O,C/C=C/C[C@@H](C)[C@@H](O)[C@H]1C(=O)N[C@@H](CC)C(=O)N(C)CC(=O)N(C)[C@@H](CC(C)C)C(=O)N[C@@H](C(C)C)C(=O)N(C)[C@@H](CC(C)C)C(=O)N[C@@H](C)C(=O)N[C@H](COCCC2OCCO2)C(=O)N(C)[C@@H](CC(C)C)C(=O)N(C)[C@@H](CC(C)C)C(=O)N(C)[C@@H](C(C)C)C(=O)N1C,46,93,139,46,93,139,47,49,94,4,2,ok,0.00133419,20,6.67095e-05,66709.500,has-match,0,0,,,,,"Query uses generic atoms and generic bonds, similar to CompareAny topology.",
p0108,size-combinations,substruct,substruct_ring_atoms,Substruct ring-chain atoms,0,151291,411674,CC(C)[C@H](NC(=O)c1ccccn1)C(=O)N[C@@H](Cc1ccccc1)[C@@H](O)CN[C@@H](Cc1ccc(-c2cccc(N)c2)cc1)C(N)=O,C/C=C/C[C@@H](C)[C@@H](O)[C@H]1C(=O)N[C@@H](CC)C(=O)N(C)CC(=O)N(C)[C@@H](CC(C)C)C(=O)N[C@@H](C(C)C)C(=O)N(C)[C@@H](CC(C)C)C(=O)N[C@@H](C)C(=O)N[C@H](COCCC2OCCO2)C(=O)N(C)[C@@H](CC(C)C)C(=O)N(C)[C@@H](CC(C)C)C(=O)N(C)[C@@H](C(C)C)C(=O)N1C,46,93,139,46,93,139,47,49,94,4,2,ok,0.000119538,20,5.9769e-06,5976.900,has-match,0,0,,,,,Query adds ring/chain atom constraints; closest substruct analog to ringMatchesRingOnly.,
p0109,size-combinations,mcs,mcs_any_atom_bond,MCS CompareAny atoms/bonds,0,151291,1981878,CC(C)[C@H](NC(=O)c1ccccn1)C(=O)N[C@@H](Cc1ccccc1)[C@@H](O)CN[C@@H](Cc1ccc(-c2cccc(N)c2)cc1)C(N)=O,CCCC[C@@H]1NC(=O)[C@H](CO)NC(=O)[C@@H]2CSSC[C@@H](C(=O)O)NC(=O)[C@H](Cc3ccc(O)cc3)NC(=O)[C@H](CCC)NC(=O)[C@H](Cc3c[nH]c4ccccc34)NC(=O)[C@H](Cc3ccccc3)NC(=O)[C@H](CSSC[C@H](NC(=O)CN)C(=O)N2)NC(=O)[C@H](CC)NC(=O)[C@@H]2CCCN2C1=O,46,100,146,46,100,146,54,49,106,4,7,ok,1.41634147,1,1.41634147,1416341467.000,,,,43,43,0,"[#6,#16]-[#6]-[#6](-[#7]-[#6](=[#8])-[#6](:,-[#6]:,-[#6]):,-[#7]:,-[#6]:,=[#6,#8])-[#6](=[#8])-[#7]-[#6](-[#6]-[#6]1:[#6]:[#6]:[#6]:[#6]:[#6]:1)-[#6](-,=[#8])-[#6,#7]-[#7,#6]-[#6](-[#6,#7]-[#6](:,-[#6]:,-[#6,#7]:,-[#6]-[#6](:,-[#6,#7]:,-[#6]:,-[#6]:,-[#6,#16]-[#7,#16]):,=[#6,#8]):,-[#6]:,-[#6])-,=[#6,#8]",Permissive MCS: any atom type and any bond type can match.,
p0109,size-combinations,mcs,mcs_elements_order,MCS elements/order,1,151291,1981878,CC(C)[C@H](NC(=O)c1ccccn1)C(=O)N[C@@H](Cc1ccccc1)[C@@H](O)CN[C@@H](Cc1ccc(-c2cccc(N)c2)cc1)C(N)=O,CCCC[C@@H]1NC(=O)[C@H](CO)NC(=O)[C@@H]2CSSC[C@@H](C(=O)O)NC(=O)[C@H](Cc3ccc(O)cc3)NC(=O)[C@H](CCC)NC(=O)[C@H](Cc3c[nH]c4ccccc34)NC(=O)[C@H](Cc3ccccc3)NC(=O)[C@H](CSSC[C@H](NC(=O)CN)C(=O)N2)NC(=O)[C@H](CC)NC(=O)[C@@H]2CCCN2C1=O,46,100,146,46,100,146,54,49,106,4,7,ok,0.062605375,1,0.062605375,62605375.000,,,,24,24,0,"[#6]-[#6]-[#6](-[#7]-[#6](=[#8])-[#6](:,-[#6]:,-[#6]):,-[#7]:,-[#6]:,-[#6])-[#6](=[#8])-[#7]-[#6](-[#6]-[#6]1:[#6]:[#6]:[#6]:[#6]:[#6]:1)-[#6]",Closest MCS counterpart to a raw SMILES substructure query.,
p0109,size-combinations,mcs,mcs_elements_order_maximize_atoms,MCS elements/order maximize atoms,0,151291,1981878,CC(C)[C@H](NC(=O)c1ccccn1)C(=O)N[C@@H](Cc1ccccc1)[C@@H](O)CN[C@@H](Cc1ccc(-c2cccc(N)c2)cc1)C(N)=O,CCCC[C@@H]1NC(=O)[C@H](CO)NC(=O)[C@@H]2CSSC[C@@H](C(=O)O)NC(=O)[C@H](Cc3ccc(O)cc3)NC(=O)[C@H](CCC)NC(=O)[C@H](Cc3c[nH]c4ccccc34)NC(=O)[C@H](Cc3ccccc3)NC(=O)[C@H](CSSC[C@H](NC(=O)CN)C(=O)N2)NC(=O)[C@H](CC)NC(=O)[C@@H]2CCCN2C1=O,46,100,146,46,100,146,54,49,106,4,7,ok,0.063090246,1,0.063090246,63090246.000,,,,24,24,0,"[#6]-[#6]-[#6](-[#7]-[#6](=[#8])-[#6](:,-[#6]:,-[#6]):,-[#7]:,-[#6]:,-[#6])-[#6](=[#8])-[#7]-[#6](-[#6]-[#6]1:[#6]:[#6]:[#6]:[#6]:[#6]:1)-[#6]","Same element/order comparison, but optimize atom count instead of bond count.",
p0109,size-combinations,mcs,mcs_elements_order_ring_atoms,MCS elements/order ring atoms,0,151291,1981878,CC(C)[C@H](NC(=O)c1ccccn1)C(=O)N[C@@H](Cc1ccccc1)[C@@H](O)CN[C@@H](Cc1ccc(-c2cccc(N)c2)cc1)C(N)=O,CCCC[C@@H]1NC(=O)[C@H](CO)NC(=O)[C@@H]2CSSC[C@@H](C(=O)O)NC(=O)[C@H](Cc3ccc(O)cc3)NC(=O)[C@H](CCC)NC(=O)[C@H](Cc3c[nH]c4ccccc34)NC(=O)[C@H](Cc3ccccc3)NC(=O)[C@H](CSSC[C@H](NC(=O)CN)C(=O)N2)NC(=O)[C@H](CC)NC(=O)[C@@H]2CCCN2C1=O,46,100,146,46,100,146,54,49,106,4,7,ok,0.002216209,1,0.002216209,2216209.000,,,,7,7,0,[#6&!R]-&!@[#6]1:&@[#6]:&@[#6]:&@[#6]:&@[#6]:&@[#6]:&@1,Ring atoms and ring bonds only match ring atoms and ring bonds.,
p0109,size-combinations,mcs,mcs_elements_order_whole_rings,MCS elements/order whole rings,0,151291,1981878,CC(C)[C@H](NC(=O)c1ccccn1)C(=O)N[C@@H](Cc1ccccc1)[C@@H](O)CN[C@@H](Cc1ccc(-c2cccc(N)c2)cc1)C(N)=O,CCCC[C@@H]1NC(=O)[C@H](CO)NC(=O)[C@@H]2CSSC[C@@H](C(=O)O)NC(=O)[C@H](Cc3ccc(O)cc3)NC(=O)[C@H](CCC)NC(=O)[C@H](Cc3c[nH]c4ccccc34)NC(=O)[C@H](Cc3ccccc3)NC(=O)[C@H](CSSC[C@H](NC(=O)CN)C(=O)N2)NC(=O)[C@H](CC)NC(=O)[C@@H]2CCCN2C1=O,46,100,146,46,100,146,54,49,106,4,7,ok,0.003110549,1,0.003110549,3110549.000,,,,8,8,0,[#6]-&!@[#6]-&!@[#6]1:&@[#6]:&@[#6]:&@[#6]:&@[#6]:&@[#6]:&@1,MCS completeRingsOnly=True; partial ring MCS results are rejected.,
p0109,size-combinations,mcs,mcs_elements_order_ring_atoms_whole_rings,MCS elements/order ring atoms + whole rings,0,151291,1981878,CC(C)[C@H](NC(=O)c1ccccn1)C(=O)N[C@@H](Cc1ccccc1)[C@@H](O)CN[C@@H](Cc1ccc(-c2cccc(N)c2)cc1)C(N)=O,CCCC[C@@H]1NC(=O)[C@H](CO)NC(=O)[C@@H]2CSSC[C@@H](C(=O)O)NC(=O)[C@H](Cc3ccc(O)cc3)NC(=O)[C@H](CCC)NC(=O)[C@H](Cc3c[nH]c4ccccc34)NC(=O)[C@H](Cc3ccccc3)NC(=O)[C@H](CSSC[C@H](NC(=O)CN)C(=O)N2)NC(=O)[C@H](CC)NC(=O)[C@@H]2CCCN2C1=O,46,100,146,46,100,146,54,49,106,4,7,ok,0.001680246,1,0.001680246,1680246.000,,,,7,7,0,[#6&!R]-&!@[#6]1:&@[#6]:&@[#6]:&@[#6]:&@[#6]:&@[#6]:&@1,Both ringMatchesRingOnly and completeRingsOnly are enabled.,
p0109,size-combinations,substruct,substruct_smiles,Substruct raw SMILES,1,151291,1981878,CC(C)[C@H](NC(=O)c1ccccn1)C(=O)N[C@@H](Cc1ccccc1)[C@@H](O)CN[C@@H](Cc1ccc(-c2cccc(N)c2)cc1)C(N)=O,CCCC[C@@H]1NC(=O)[C@H](CO)NC(=O)[C@@H]2CSSC[C@@H](C(=O)O)NC(=O)[C@H](Cc3ccc(O)cc3)NC(=O)[C@H](CCC)NC(=O)[C@H](Cc3c[nH]c4ccccc34)NC(=O)[C@H](Cc3ccccc3)NC(=O)[C@H](CSSC[C@H](NC(=O)CN)C(=O)N2)NC(=O)[C@H](CC)NC(=O)[C@@H]2CCCN2C1=O,46,100,146,46,100,146,54,49,106,4,7,ok,0.000143569,20,7.17845e-06,7178.450,has-match,0,0,,,,,Best SMILES-substructure baseline. Substructure has no direct completeRingsOnly option.,
p0109,size-combinations,substruct,substruct_elements_any_bond,Substruct elements/any bond,0,151291,1981878,CC(C)[C@H](NC(=O)c1ccccn1)C(=O)N[C@@H](Cc1ccccc1)[C@@H](O)CN[C@@H](Cc1ccc(-c2cccc(N)c2)cc1)C(N)=O,CCCC[C@@H]1NC(=O)[C@H](CO)NC(=O)[C@@H]2CSSC[C@@H](C(=O)O)NC(=O)[C@H](Cc3ccc(O)cc3)NC(=O)[C@H](CCC)NC(=O)[C@H](Cc3c[nH]c4ccccc34)NC(=O)[C@H](Cc3ccccc3)NC(=O)[C@H](CSSC[C@H](NC(=O)CN)C(=O)N2)NC(=O)[C@H](CC)NC(=O)[C@@H]2CCCN2C1=O,46,100,146,46,100,146,54,49,106,4,7,ok,0.000169148,20,8.4574e-06,8457.400,has-match,0,0,,,,,Query keeps atom elements but uses generic bonds.,
p0109,size-combinations,substruct,substruct_any_atom_bond,Substruct any atoms/bonds,0,151291,1981878,CC(C)[C@H](NC(=O)c1ccccn1)C(=O)N[C@@H](Cc1ccccc1)[C@@H](O)CN[C@@H](Cc1ccc(-c2cccc(N)c2)cc1)C(N)=O,CCCC[C@@H]1NC(=O)[C@H](CO)NC(=O)[C@@H]2CSSC[C@@H](C(=O)O)NC(=O)[C@H](Cc3ccc(O)cc3)NC(=O)[C@H](CCC)NC(=O)[C@H](Cc3c[nH]c4ccccc34)NC(=O)[C@H](Cc3ccccc3)NC(=O)[C@H](CSSC[C@H](NC(=O)CN)C(=O)N2)NC(=O)[C@H](CC)NC(=O)[C@@H]2CCCN2C1=O,46,100,146,46,100,146,54,49,106,4,7,ok,0.00107621,20,5.38105e-05,53810.500,has-match,0,0,,,,,"Query uses generic atoms and generic bonds, similar to CompareAny topology.",
p0109,size-combinations,substruct,substruct_ring_atoms,Substruct ring-chain atoms,0,151291,1981878,CC(C)[C@H](NC(=O)c1ccccn1)C(=O)N[C@@H](Cc1ccccc1)[C@@H](O)CN[C@@H](Cc1ccc(-c2cccc(N)c2)cc1)C(N)=O,CCCC[C@@H]1NC(=O)[C@H](CO)NC(=O)[C@@H]2CSSC[C@@H](C(=O)O)NC(=O)[C@H](Cc3ccc(O)cc3)NC(=O)[C@H](CCC)NC(=O)[C@H](Cc3c[nH]c4ccccc34)NC(=O)[C@H](Cc3ccccc3)NC(=O)[C@H](CSSC[C@H](NC(=O)CN)C(=O)N2)NC(=O)[C@H](CC)NC(=O)[C@@H]2CCCN2C1=O,46,100,146,46,100,146,54,49,106,4,7,ok,8.863e-05,20,4.4315e-06,4431.500,has-match,0,0,,,,,Query adds ring/chain atom constraints; closest substruct analog to ringMatchesRingOnly.,
p0110,size-combinations,mcs,mcs_any_atom_bond,MCS CompareAny atoms/bonds,0,172561,2023595,CCCCCCCC/C=C\CCCCCCCC(=O)N[C@@H](COP(=O)(O)O)Cc1ccc(OCc2cc(OCCOC)ccn2)cc1,CCCC(=O)OC[C@H]1O[C@H](O[C@H]2[C@H](OC(=O)CCC)[C@@H](OC(=O)CCC)[C@@H](O[C@@H]3c4cc5c(cc4[C@@H](c4cc(OC)c(O)c(OC)c4)[C@H]4C(=O)OC[C@@H]43)OCO5)O[C@@H]2COC(=O)CCC)[C@H](OC(=O)CCC)[C@@H](OC(=O)CCC)[C@@H]1OC(=O)CCC,47,86,133,47,86,133,39,48,92,2,7,ok,0.416678374,1,0.416678374,416678374.000,,,,46,45,0,"[#6]-[#6,#8]-[#6]-,:[#6]-,:[#6]-,:[#6]-,:[#6]-[#6]-[#6]=,:[#6]-,:[#6]-[#6,#8]-[#6]-[#6,#8]-[#6]-,:[#6]-,:[#6]-[#6](=,-[#8,#6])-[#7,#8]-[#6](-[#6]-[#8]-[#15,#6](-,=[#8])-[#8,#6])-[#6,#8]-[#6](:,-[#6]:,-[#6,#8]:,-[#6]-[#8]-[#6]-[#6](:,-[#6]:,-[#6]-[#8]-[#6]-[#6]-[#8,#6]-[#6]):,-[#7,#8]:,-[#6]:,=[#6,#8]):,-[#6]:,-[#6,#8]",Permissive MCS: any atom type and any bond type can match.,
p0110,size-combinations,mcs,mcs_elements_order,MCS elements/order,1,172561,2023595,CCCCCCCC/C=C\CCCCCCCC(=O)N[C@@H](COP(=O)(O)O)Cc1ccc(OCc2cc(OCCOC)ccn2)cc1,CCCC(=O)OC[C@H]1O[C@H](O[C@H]2[C@H](OC(=O)CCC)[C@@H](OC(=O)CCC)[C@@H](O[C@@H]3c4cc5c(cc4[C@@H](c4cc(OC)c(O)c(OC)c4)[C@H]4C(=O)OC[C@@H]43)OCO5)O[C@@H]2COC(=O)CCC)[C@H](OC(=O)CCC)[C@@H](OC(=O)CCC)[C@@H]1OC(=O)CCC,47,86,133,47,86,133,39,48,92,2,7,ok,0.0013238,1,0.0013238,1323800.000,,,,22,22,0,"[#6](-,:[#6]-[#8])-,:[#6]-[#6]1:,-[#6]:[#6]:,-[#6](:,-[#6]:,-[#6]:,-1)-[#8]-[#6]-[#6]:,-[#6]:,-[#6](-[#8]-[#6]-[#6]-[#8]-[#6]):,-[#6]:,-[#6]",Closest MCS counterpart to a raw SMILES substructure query.,
p0110,size-combinations,mcs,mcs_elements_order_maximize_atoms,MCS elements/order maximize atoms,0,172561,2023595,CCCCCCCC/C=C\CCCCCCCC(=O)N[C@@H](COP(=O)(O)O)Cc1ccc(OCc2cc(OCCOC)ccn2)cc1,CCCC(=O)OC[C@H]1O[C@H](O[C@H]2[C@H](OC(=O)CCC)[C@@H](OC(=O)CCC)[C@@H](O[C@@H]3c4cc5c(cc4[C@@H](c4cc(OC)c(O)c(OC)c4)[C@H]4C(=O)OC[C@@H]43)OCO5)O[C@@H]2COC(=O)CCC)[C@H](OC(=O)CCC)[C@@H](OC(=O)CCC)[C@@H]1OC(=O)CCC,47,86,133,47,86,133,39,48,92,2,7,ok,0.001195627,1,0.001195627,1195627.000,,,,22,22,0,"[#6](-,:[#6]-[#8])-,:[#6]-[#6]1:,-[#6]:[#6]:,-[#6](:,-[#6]:,-[#6]:,-1)-[#8]-[#6]-[#6]:,-[#6]:,-[#6](-[#8]-[#6]-[#6]-[#8]-[#6]):,-[#6]:,-[#6]","Same element/order comparison, but optimize atom count instead of bond count.",
p0110,size-combinations,mcs,mcs_elements_order_ring_atoms,MCS elements/order ring atoms,0,172561,2023595,CCCCCCCC/C=C\CCCCCCCC(=O)N[C@@H](COP(=O)(O)O)Cc1ccc(OCc2cc(OCCOC)ccn2)cc1,CCCC(=O)OC[C@H]1O[C@H](O[C@H]2[C@H](OC(=O)CCC)[C@@H](OC(=O)CCC)[C@@H](O[C@@H]3c4cc5c(cc4[C@@H](c4cc(OC)c(O)c(OC)c4)[C@H]4C(=O)OC[C@@H]43)OCO5)O[C@@H]2COC(=O)CCC)[C@H](OC(=O)CCC)[C@@H](OC(=O)CCC)[C@@H]1OC(=O)CCC,47,86,133,47,86,133,39,48,92,2,7,ok,0.00191956,1,0.00191956,1919560.000,,,,10,9,0,"[#8&!R]-&!@[#6&!R]-&!@[#6&R]:,-;@[#6&R]:,-;@[#6&R](-&!@[#8&!R]-&!@[#6&!R]-&!@[#6&!R]):,-;@[#6&R]:,-;@[#6&R]",Ring atoms and ring bonds only match ring atoms and ring bonds.,
p0110,size-combinations,mcs,mcs_elements_order_whole_rings,MCS elements/order whole rings,0,172561,2023595,CCCCCCCC/C=C\CCCCCCCC(=O)N[C@@H](COP(=O)(O)O)Cc1ccc(OCc2cc(OCCOC)ccn2)cc1,CCCC(=O)OC[C@H]1O[C@H](O[C@H]2[C@H](OC(=O)CCC)[C@@H](OC(=O)CCC)[C@@H](O[C@@H]3c4cc5c(cc4[C@@H](c4cc(OC)c(O)c(OC)c4)[C@H]4C(=O)OC[C@@H]43)OCO5)O[C@@H]2COC(=O)CCC)[C@H](OC(=O)CCC)[C@@H](OC(=O)CCC)[C@@H]1OC(=O)CCC,47,86,133,47,86,133,39,48,92,2,7,ok,0.002846015,1,0.002846015,2846015.000,,,,9,9,0,"[#6]-&!@[#6]1:,-;@[#6]:&@[#6]:,-;@[#6](:,-;@[#6]:,-;@[#6]:,-;@1)-&!@[#8]-&!@[#6]",MCS completeRingsOnly=True; partial ring MCS results are rejected.,
p0110,size-combinations,mcs,mcs_elements_order_ring_atoms_whole_rings,MCS elements/order ring atoms + whole rings,0,172561,2023595,CCCCCCCC/C=C\CCCCCCCC(=O)N[C@@H](COP(=O)(O)O)Cc1ccc(OCc2cc(OCCOC)ccn2)cc1,CCCC(=O)OC[C@H]1O[C@H](O[C@H]2[C@H](OC(=O)CCC)[C@@H](OC(=O)CCC)[C@@H](O[C@@H]3c4cc5c(cc4[C@@H](c4cc(OC)c(O)c(OC)c4)[C@H]4C(=O)OC[C@@H]43)OCO5)O[C@@H]2COC(=O)CCC)[C@H](OC(=O)CCC)[C@@H](OC(=O)CCC)[C@@H]1OC(=O)CCC,47,86,133,47,86,133,39,48,92,2,7,ok,0.002123417,1,0.002123417,2123417.000,,,,8,8,0,[#6]1:&@[#6]:&@[#6]:&@[#6](:&@[#6]:&@[#6]:&@1)-&!@[#8&!R]-&!@[#6&!R],Both ringMatchesRingOnly and completeRingsOnly are enabled.,
p0110,size-combinations,substruct,substruct_smiles,Substruct raw SMILES,1,172561,2023595,CCCCCCCC/C=C\CCCCCCCC(=O)N[C@@H](COP(=O)(O)O)Cc1ccc(OCc2cc(OCCOC)ccn2)cc1,CCCC(=O)OC[C@H]1O[C@H](O[C@H]2[C@H](OC(=O)CCC)[C@@H](OC(=O)CCC)[C@@H](O[C@@H]3c4cc5c(cc4[C@@H](c4cc(OC)c(O)c(OC)c4)[C@H]4C(=O)OC[C@@H]43)OCO5)O[C@@H]2COC(=O)CCC)[C@H](OC(=O)CCC)[C@@H](OC(=O)CCC)[C@@H]1OC(=O)CCC,47,86,133,47,86,133,39,48,92,2,7,ok,0.000257925,20,1.289625e-05,12896.250,has-match,0,0,,,,,Best SMILES-substructure baseline. Substructure has no direct completeRingsOnly option.,
p0110,size-combinations,substruct,substruct_elements_any_bond,Substruct elements/any bond,0,172561,2023595,CCCCCCCC/C=C\CCCCCCCC(=O)N[C@@H](COP(=O)(O)O)Cc1ccc(OCc2cc(OCCOC)ccn2)cc1,CCCC(=O)OC[C@H]1O[C@H](O[C@H]2[C@H](OC(=O)CCC)[C@@H](OC(=O)CCC)[C@@H](O[C@@H]3c4cc5c(cc4[C@@H](c4cc(OC)c(O)c(OC)c4)[C@H]4C(=O)OC[C@@H]43)OCO5)O[C@@H]2COC(=O)CCC)[C@H](OC(=O)CCC)[C@@H](OC(=O)CCC)[C@@H]1OC(=O)CCC,47,86,133,47,86,133,39,48,92,2,7,ok,0.001589705,20,7.948525e-05,79485.250,has-match,0,0,,,,,Query keeps atom elements but uses generic bonds.,
p0110,size-combinations,substruct,substruct_any_atom_bond,Substruct any atoms/bonds,0,172561,2023595,CCCCCCCC/C=C\CCCCCCCC(=O)N[C@@H](COP(=O)(O)O)Cc1ccc(OCc2cc(OCCOC)ccn2)cc1,CCCC(=O)OC[C@H]1O[C@H](O[C@H]2[C@H](OC(=O)CCC)[C@@H](OC(=O)CCC)[C@@H](O[C@@H]3c4cc5c(cc4[C@@H](c4cc(OC)c(O)c(OC)c4)[C@H]4C(=O)OC[C@@H]43)OCO5)O[C@@H]2COC(=O)CCC)[C@H](OC(=O)CCC)[C@@H](OC(=O)CCC)[C@@H]1OC(=O)CCC,47,86,133,47,86,133,39,48,92,2,7,ok,0.054392967,20,0.00271964835,2719648.350,has-match,0,0,,,,,"Query uses generic atoms and generic bonds, similar to CompareAny topology.",
p0110,size-combinations,substruct,substruct_ring_atoms,Substruct ring-chain atoms,0,172561,2023595,CCCCCCCC/C=C\CCCCCCCC(=O)N[C@@H](COP(=O)(O)O)Cc1ccc(OCc2cc(OCCOC)ccn2)cc1,CCCC(=O)OC[C@H]1O[C@H](O[C@H]2[C@H](OC(=O)CCC)[C@@H](OC(=O)CCC)[C@@H](O[C@@H]3c4cc5c(cc4[C@@H](c4cc(OC)c(O)c(OC)c4)[C@H]4C(=O)OC[C@@H]43)OCO5)O[C@@H]2COC(=O)CCC)[C@H](OC(=O)CCC)[C@@H](OC(=O)CCC)[C@@H]1OC(=O)CCC,47,86,133,47,86,133,39,48,92,2,7,ok,0.000149797,20,7.48985e-06,7489.850,has-match,0,0,,,,,Query adds ring/chain atom constraints; closest substruct analog to ringMatchesRingOnly.,
p0111,size-combinations,mcs,mcs_any_atom_bond,MCS CompareAny atoms/bonds,0,991763,2042077,CCCCCCCCCCCCCCO[C@@H]1[C@@H](OCCCCCC)[C@@H](OC)O[C@H](CN)[C@H]1OCCCCCCCCCCCCCC.Cl,COc1c(CNC[C@H](O)c2ccc(O)c3[nH]c(=O)ccc23)ccc(NC(=O)CCN2CCC(OC(=O)Nc3ccccc3-c3ccccc3)CC2)c1Cl,48,53,101,48,53,101,5,47,58,1,6,ok,0.094982822,1,0.094982822,94982822.000,,,,40,39,0,"[#6]-,:[#6]-,:[#6]-,:[#6]-,:[#6,#7]-,:[#6]-,:[#6]-,:[#6]-,:[#6]-,:[#6]-[#6]-[#6]-[#6,#7]-[#6]-[#8,#6]-,:[#6]-,:[#6](-[#8,#17])-,:[#6](-,:[#8,#6]-,:[#6])-[#8,#7]-[#6](-,=[#6,#8])-[#6]-[#8,#6]-[#6,#7]-[#6]-[#6]-[#6]-[#6,#8]-[#6]-[#6,#7]-[#6]-,:[#6]-,:[#6]-,:[#6]-,:[#6]-,:[#6]-[#6]",Permissive MCS: any atom type and any bond type can match.,
p0111,size-combinations,mcs,mcs_elements_order,MCS elements/order,1,991763,2042077,CCCCCCCCCCCCCCO[C@@H]1[C@@H](OCCCCCC)[C@@H](OC)O[C@H](CN)[C@H]1OCCCCCCCCCCCCCC.Cl,COc1c(CNC[C@H](O)c2ccc(O)c3[nH]c(=O)ccc23)ccc(NC(=O)CCN2CCC(OC(=O)Nc3ccccc3-c3ccccc3)CC2)c1Cl,48,53,101,48,53,101,5,47,58,1,6,ok,0.002974609,1,0.002974609,2974609.000,,,,12,11,0,"[#6]-,:[#6]-,:[#6]-,:[#6]-,:[#6]-,:[#6]-[#6]-,:[#6]-,:[#6]-,:[#6]-,:[#6]-,:[#6]",Closest MCS counterpart to a raw SMILES substructure query.,
p0111,size-combinations,mcs,mcs_elements_order_maximize_atoms,MCS elements/order maximize atoms,0,991763,2042077,CCCCCCCCCCCCCCO[C@@H]1[C@@H](OCCCCCC)[C@@H](OC)O[C@H](CN)[C@H]1OCCCCCCCCCCCCCC.Cl,COc1c(CNC[C@H](O)c2ccc(O)c3[nH]c(=O)ccc23)ccc(NC(=O)CCN2CCC(OC(=O)Nc3ccccc3-c3ccccc3)CC2)c1Cl,48,53,101,48,53,101,5,47,58,1,6,ok,0.002751142,1,0.002751142,2751142.000,,,,12,11,0,"[#6]-,:[#6]-,:[#6]-,:[#6]-,:[#6]-,:[#6]-[#6]-,:[#6]-,:[#6]-,:[#6]-,:[#6]-,:[#6]","Same element/order comparison, but optimize atom count instead of bond count.",
p0111,size-combinations,mcs,mcs_elements_order_ring_atoms,MCS elements/order ring atoms,0,991763,2042077,CCCCCCCCCCCCCCO[C@@H]1[C@@H](OCCCCCC)[C@@H](OC)O[C@H](CN)[C@H]1OCCCCCCCCCCCCCC.Cl,COc1c(CNC[C@H](O)c2ccc(O)c3[nH]c(=O)ccc23)ccc(NC(=O)CCN2CCC(OC(=O)Nc3ccccc3-c3ccccc3)CC2)c1Cl,48,53,101,48,53,101,5,47,58,1,6,ok,0.001451252,1,0.001451252,1451252.000,,,,9,8,0,"[#6&R](-,:;@[#6&R]-,:;@[#6&R])-,:;@[#6&R](-,:;@[#6&R]-&!@[#6&!R]-&!@[#7&!R])-&!@[#8&!R]-&!@[#6&!R]",Ring atoms and ring bonds only match ring atoms and ring bonds.,
p0111,size-combinations,mcs,mcs_elements_order_whole_rings,MCS elements/order whole rings,0,991763,2042077,CCCCCCCCCCCCCCO[C@@H]1[C@@H](OCCCCCC)[C@@H](OC)O[C@H](CN)[C@H]1OCCCCCCCCCCCCCC.Cl,COc1c(CNC[C@H](O)c2ccc(O)c3[nH]c(=O)ccc23)ccc(NC(=O)CCN2CCC(OC(=O)Nc3ccccc3-c3ccccc3)CC2)c1Cl,48,53,101,48,53,101,5,47,58,1,6,ok,0.001813512,1,0.001813512,1813512.000,,,,3,2,0,[#6]-&!@[#6]-&!@[#6],MCS completeRingsOnly=True; partial ring MCS results are rejected.,
p0111,size-combinations,mcs,mcs_elements_order_ring_atoms_whole_rings,MCS elements/order ring atoms + whole rings,0,991763,2042077,CCCCCCCCCCCCCCO[C@@H]1[C@@H](OCCCCCC)[C@@H](OC)O[C@H](CN)[C@H]1OCCCCCCCCCCCCCC.Cl,COc1c(CNC[C@H](O)c2ccc(O)c3[nH]c(=O)ccc23)ccc(NC(=O)CCN2CCC(OC(=O)Nc3ccccc3-c3ccccc3)CC2)c1Cl,48,53,101,48,53,101,5,47,58,1,6,ok,0.001694083,1,0.001694083,1694083.000,,,,3,2,0,[#6&!R]-&!@[#6&!R]-&!@[#6&!R],Both ringMatchesRingOnly and completeRingsOnly are enabled.,
p0111,size-combinations,substruct,substruct_smiles,Substruct raw SMILES,1,991763,2042077,CCCCCCCCCCCCCCO[C@@H]1[C@@H](OCCCCCC)[C@@H](OC)O[C@H](CN)[C@H]1OCCCCCCCCCCCCCC.Cl,COc1c(CNC[C@H](O)c2ccc(O)c3[nH]c(=O)ccc23)ccc(NC(=O)CCN2CCC(OC(=O)Nc3ccccc3-c3ccccc3)CC2)c1Cl,48,53,101,48,53,101,5,47,58,1,6,ok,0.00011164,20,5.582e-06,5582.000,has-match,0,0,,,,,Best SMILES-substructure baseline. Substructure has no direct completeRingsOnly option.,
p0111,size-combinations,substruct,substruct_elements_any_bond,Substruct elements/any bond,0,991763,2042077,CCCCCCCCCCCCCCO[C@@H]1[C@@H](OCCCCCC)[C@@H](OC)O[C@H](CN)[C@H]1OCCCCCCCCCCCCCC.Cl,COc1c(CNC[C@H](O)c2ccc(O)c3[nH]c(=O)ccc23)ccc(NC(=O)CCN2CCC(OC(=O)Nc3ccccc3-c3ccccc3)CC2)c1Cl,48,53,101,48,53,101,5,47,58,1,6,ok,0.000691949,20,3.459745e-05,34597.450,has-match,0,0,,,,,Query keeps atom elements but uses generic bonds.,
p0111,size-combinations,substruct,substruct_any_atom_bond,Substruct any atoms/bonds,0,991763,2042077,CCCCCCCCCCCCCCO[C@@H]1[C@@H](OCCCCCC)[C@@H](OC)O[C@H](CN)[C@H]1OCCCCCCCCCCCCCC.Cl,COc1c(CNC[C@H](O)c2ccc(O)c3[nH]c(=O)ccc23)ccc(NC(=O)CCN2CCC(OC(=O)Nc3ccccc3-c3ccccc3)CC2)c1Cl,48,53,101,48,53,101,5,47,58,1,6,ok,0.00648325,20,0.0003241625,324162.500,has-match,0,0,,,,,"Query uses generic atoms and generic bonds, similar to CompareAny topology.",
p0111,size-combinations,substruct,substruct_ring_atoms,Substruct ring-chain atoms,0,991763,2042077,CCCCCCCCCCCCCCO[C@@H]1[C@@H](OCCCCCC)[C@@H](OC)O[C@H](CN)[C@H]1OCCCCCCCCCCCCCC.Cl,COc1c(CNC[C@H](O)c2ccc(O)c3[nH]c(=O)ccc23)ccc(NC(=O)CCN2CCC(OC(=O)Nc3ccccc3-c3ccccc3)CC2)c1Cl,48,53,101,48,53,101,5,47,58,1,6,ok,7.0992e-05,20,3.5496e-06,3549.600,has-match,0,0,,,,,Query adds ring/chain atom constraints; closest substruct analog to ringMatchesRingOnly.,
p0112,size-combinations,mcs,mcs_any_atom_bond,MCS CompareAny atoms/bonds,0,2042077,999154,COc1c(CNC[C@H](O)c2ccc(O)c3[nH]c(=O)ccc23)ccc(NC(=O)CCN2CCC(OC(=O)Nc3ccccc3-c3ccccc3)CC2)c1Cl,C[C@H](NC(=O)[C@H](CS)NC(=O)[C@H](CCCN=C(N)N)NC(=O)[C@@H]1CCCN1C(=O)[C@H](CC(=O)O)NC(=O)[C@H](CO)NC(=O)[C@H](CS)NC(=O)[C@H](CS)NC(=O)CN)C(=O)N[C@@H](Cc1c[nH]c2ccccc12)C(=O)N[C@@H](CCCN=C(N)N)C(N)=O,53,85,138,53,85,138,32,58,87,6,3,ok,6.05861677,1,6.05861677,6058616766.000,,,,52,52,0,"[#6]-[#8,#6]-[#6](:,-[#6,#7]-[#6]-[#7,#6]-[#6,#7]-[#6](-,=[#8])-[#6](:,-[#6,#7]:,-[#6]:,-[#6](-[#8,#6]):,-[#6,#7]:,-[#7,#6]:,-[#6]:,-[#6,#7]):,-[#6]:,-[#6,#16]):,-[#6](:,-[#6,#7](:,-[#6]:,-[#6])-[#7,#6]-[#6](=[#8])-[#6,#7]-[#6]-[#7,#6](-,=[#6,#8])-[#6,#7]-[#6]-[#6](-,=[#6,#8])-[#8,#7]-[#6](=,-[#8,#6])-[#7,#6]-[#6,#7]:,-[#6]:,-[#6]:,-[#6]:[#6]:[#6,#7]-,:[#6]1:[#6]:[#6]:[#6]:[#6]:[#6]:1)-,=[#17,#8]",Permissive MCS: any atom type and any bond type can match.,
p0112,size-combinations,mcs,mcs_elements_order,MCS elements/order,1,2042077,999154,COc1c(CNC[C@H](O)c2ccc(O)c3[nH]c(=O)ccc23)ccc(NC(=O)CCN2CCC(OC(=O)Nc3ccccc3-c3ccccc3)CC2)c1Cl,C[C@H](NC(=O)[C@H](CS)NC(=O)[C@H](CCCN=C(N)N)NC(=O)[C@@H]1CCCN1C(=O)[C@H](CC(=O)O)NC(=O)[C@H](CO)NC(=O)[C@H](CS)NC(=O)[C@H](CS)NC(=O)CN)C(=O)N[C@@H](Cc1c[nH]c2ccccc12)C(=O)N[C@@H](CCCN=C(N)N)C(N)=O,53,85,138,53,85,138,32,58,87,6,3,ok,0.017858698,1,0.017858698,17858698.000,,,,16,15,0,"[#6](:,-[#6](-,:[#6]-,:[#7]-,:[#6]-,:[#6]-,:[#6]:[#6]):[#6]:[#6]):,-[#6]:,-[#6]-[#7]-[#6]-[#6]-[#6]",Closest MCS counterpart to a raw SMILES substructure query.,
p0112,size-combinations,mcs,mcs_elements_order_maximize_atoms,MCS elements/order maximize atoms,0,2042077,999154,COc1c(CNC[C@H](O)c2ccc(O)c3[nH]c(=O)ccc23)ccc(NC(=O)CCN2CCC(OC(=O)Nc3ccccc3-c3ccccc3)CC2)c1Cl,C[C@H](NC(=O)[C@H](CS)NC(=O)[C@H](CCCN=C(N)N)NC(=O)[C@@H]1CCCN1C(=O)[C@H](CC(=O)O)NC(=O)[C@H](CO)NC(=O)[C@H](CS)NC(=O)[C@H](CS)NC(=O)CN)C(=O)N[C@@H](Cc1c[nH]c2ccccc12)C(=O)N[C@@H](CCCN=C(N)N)C(N)=O,53,85,138,53,85,138,32,58,87,6,3,ok,0.018806209,1,0.018806209,18806209.000,,,,16,15,0,"[#6](:,-[#6](-,:[#6]-,:[#7]-,:[#6]-,:[#6]-,:[#6]:[#6]):[#6]:[#6]):,-[#6]:,-[#6]-[#7]-[#6]-[#6]-[#6]","Same element/order comparison, but optimize atom count instead of bond count.",
p0112,size-combinations,mcs,mcs_elements_order_ring_atoms,MCS elements/order ring atoms,0,2042077,999154,COc1c(CNC[C@H](O)c2ccc(O)c3[nH]c(=O)ccc23)ccc(NC(=O)CCN2CCC(OC(=O)Nc3ccccc3-c3ccccc3)CC2)c1Cl,C[C@H](NC(=O)[C@H](CS)NC(=O)[C@H](CCCN=C(N)N)NC(=O)[C@@H]1CCCN1C(=O)[C@H](CC(=O)O)NC(=O)[C@H](CO)NC(=O)[C@H](CS)NC(=O)[C@H](CS)NC(=O)CN)C(=O)N[C@@H](Cc1c[nH]c2ccccc12)C(=O)N[C@@H](CCCN=C(N)N)C(N)=O,53,85,138,53,85,138,32,58,87,6,3,ok,0.003293427,1,0.003293427,3293427.000,,,,13,12,0,[#6&!R]-&!@[#7&!R]-&!@[#6&!R]-&!@[#6&!R]-&!@[#6&R](:&@[#6&R]):&@[#6&R](:&@[#6&R]:&@[#6&R]:&@[#6&R]):&@[#6&R](:&@[#6&R]):&@[#7&R],Ring atoms and ring bonds only match ring atoms and ring bonds.,
p0112,size-combinations,mcs,mcs_elements_order_whole_rings,MCS elements/order whole rings,0,2042077,999154,COc1c(CNC[C@H](O)c2ccc(O)c3[nH]c(=O)ccc23)ccc(NC(=O)CCN2CCC(OC(=O)Nc3ccccc3-c3ccccc3)CC2)c1Cl,C[C@H](NC(=O)[C@H](CS)NC(=O)[C@H](CCCN=C(N)N)NC(=O)[C@@H]1CCCN1C(=O)[C@H](CC(=O)O)NC(=O)[C@H](CO)NC(=O)[C@H](CS)NC(=O)[C@H](CS)NC(=O)CN)C(=O)N[C@@H](Cc1c[nH]c2ccccc12)C(=O)N[C@@H](CCCN=C(N)N)C(N)=O,53,85,138,53,85,138,32,58,87,6,3,ok,0.005029672,1,0.005029672,5029672.000,,,,6,6,0,[#6]1:&@[#6]:&@[#6]:&@[#6]:&@[#6]:&@[#6]:&@1,MCS completeRingsOnly=True; partial ring MCS results are rejected.,
p0112,size-combinations,mcs,mcs_elements_order_ring_atoms_whole_rings,MCS elements/order ring atoms + whole rings,0,2042077,999154,COc1c(CNC[C@H](O)c2ccc(O)c3[nH]c(=O)ccc23)ccc(NC(=O)CCN2CCC(OC(=O)Nc3ccccc3-c3ccccc3)CC2)c1Cl,C[C@H](NC(=O)[C@H](CS)NC(=O)[C@H](CCCN=C(N)N)NC(=O)[C@@H]1CCCN1C(=O)[C@H](CC(=O)O)NC(=O)[C@H](CO)NC(=O)[C@H](CS)NC(=O)[C@H](CS)NC(=O)CN)C(=O)N[C@@H](Cc1c[nH]c2ccccc12)C(=O)N[C@@H](CCCN=C(N)N)C(N)=O,53,85,138,53,85,138,32,58,87,6,3,ok,0.003253953,1,0.003253953,3253953.000,,,,6,6,0,[#6]1:&@[#6]:&@[#6]:&@[#6]:&@[#6]:&@[#6]:&@1,Both ringMatchesRingOnly and completeRingsOnly are enabled.,
p0112,size-combinations,substruct,substruct_smiles,Substruct raw SMILES,1,2042077,999154,COc1c(CNC[C@H](O)c2ccc(O)c3[nH]c(=O)ccc23)ccc(NC(=O)CCN2CCC(OC(=O)Nc3ccccc3-c3ccccc3)CC2)c1Cl,C[C@H](NC(=O)[C@H](CS)NC(=O)[C@H](CCCN=C(N)N)NC(=O)[C@@H]1CCCN1C(=O)[C@H](CC(=O)O)NC(=O)[C@H](CO)NC(=O)[C@H](CS)NC(=O)[C@H](CS)NC(=O)CN)C(=O)N[C@@H](Cc1c[nH]c2ccccc12)C(=O)N[C@@H](CCCN=C(N)N)C(N)=O,53,85,138,53,85,138,32,58,87,6,3,ok,7.703e-05,20,3.8515e-06,3851.500,has-match,0,0,,,,,Best SMILES-substructure baseline. Substructure has no direct completeRingsOnly option.,
p0112,size-combinations,substruct,substruct_elements_any_bond,Substruct elements/any bond,0,2042077,999154,COc1c(CNC[C@H](O)c2ccc(O)c3[nH]c(=O)ccc23)ccc(NC(=O)CCN2CCC(OC(=O)Nc3ccccc3-c3ccccc3)CC2)c1Cl,C[C@H](NC(=O)[C@H](CS)NC(=O)[C@H](CCCN=C(N)N)NC(=O)[C@@H]1CCCN1C(=O)[C@H](CC(=O)O)NC(=O)[C@H](CO)NC(=O)[C@H](CS)NC(=O)[C@H](CS)NC(=O)CN)C(=O)N[C@@H](Cc1c[nH]c2ccccc12)C(=O)N[C@@H](CCCN=C(N)N)C(N)=O,53,85,138,53,85,138,32,58,87,6,3,ok,6.8912e-05,20,3.4456e-06,3445.600,has-match,0,0,,,,,Query keeps atom elements but uses generic bonds.,
p0112,size-combinations,substruct,substruct_any_atom_bond,Substruct any atoms/bonds,0,2042077,999154,COc1c(CNC[C@H](O)c2ccc(O)c3[nH]c(=O)ccc23)ccc(NC(=O)CCN2CCC(OC(=O)Nc3ccccc3-c3ccccc3)CC2)c1Cl,C[C@H](NC(=O)[C@H](CS)NC(=O)[C@H](CCCN=C(N)N)NC(=O)[C@@H]1CCCN1C(=O)[C@H](CC(=O)O)NC(=O)[C@H](CO)NC(=O)[C@H](CS)NC(=O)[C@H](CS)NC(=O)CN)C(=O)N[C@@H](Cc1c[nH]c2ccccc12)C(=O)N[C@@H](CCCN=C(N)N)C(N)=O,53,85,138,53,85,138,32,58,87,6,3,ok,0.000756388,20,3.78194e-05,37819.400,has-match,0,0,,,,,"Query uses generic atoms and generic bonds, similar to CompareAny topology.",
p0112,size-combinations,substruct,substruct_ring_atoms,Substruct ring-chain atoms,0,2042077,999154,COc1c(CNC[C@H](O)c2ccc(O)c3[nH]c(=O)ccc23)ccc(NC(=O)CCN2CCC(OC(=O)Nc3ccccc3-c3ccccc3)CC2)c1Cl,C[C@H](NC(=O)[C@H](CS)NC(=O)[C@H](CCCN=C(N)N)NC(=O)[C@@H]1CCCN1C(=O)[C@H](CC(=O)O)NC(=O)[C@H](CO)NC(=O)[C@H](CS)NC(=O)[C@H](CS)NC(=O)CN)C(=O)N[C@@H](Cc1c[nH]c2ccccc12)C(=O)N[C@@H](CCCN=C(N)N)C(N)=O,53,85,138,53,85,138,32,58,87,6,3,ok,8.9911e-05,20,4.49555e-06,4495.550,has-match,0,0,,,,,Query adds ring/chain atom constraints; closest substruct analog to ringMatchesRingOnly.,
p0113,size-combinations,mcs,mcs_any_atom_bond,MCS CompareAny atoms/bonds,0,403182,411534,O=C(O)[C@H](Cc1ccccc1)N1C(=O)/C(=C/c2ccc(OCCOc3ccc(/C=C4\SC(=S)N([C@@H](Cc5ccccc5)C(=O)O)C4=O)cc3)cc2)SC1=S,CSCC[C@H](NC(=O)[C@@H](CC(C)C)NC(=O)CNC(=O)[C@H](Cc1ccccc1)NC(=O)[C@@H](Cc1ccccc1)NC(=O)[C@H](CCC(N)=O)NC(=O)[C@H](CCC(N)=O)NC(=O)[C@@H]1CCCN1C(=O)[C@H](CCCCN)NC(=O)[C@H]1CCCN1C(=O)[C@@H](N)CCCN=C(N)N)C(N)=O,54,95,149,54,95,149,41,59,98,6,4,ok,10.2145163,1,10.2145163,10214516349.000,,,,51,51,1,"[#8,#7]=,-[#6](-,=[#8])-[#6](-[#6]-[#6]1:[#6]:[#6]:[#6]:[#6]:[#6]:1)-[#7]-[#6](=[#8])-[#6](=,-[#6,#7]-[#6](:,-[#6]:,-[#6,#7]:,-[#6](-[#8,#6]-[#6,#7]-[#6]-[#8,#6]-[#6]:,-[#6]:,-[#6]:,-[#6,#7]-[#6]=,-[#6](-[#16,#7]-[#6](=[#16,#8])-[#7,#6]-[#6,#7](-[#6]-[#6](:,-[#6]:,-[#6]:,-[#6]:,-[#6,#7]):,-[#6,#7])-[#6]-[#8,#6])-[#6]=,-[#8,#6]):,=[#6,#8]):,=[#6,#8])-[#16,#6]-[#6]=,:[#16,#6]",Permissive MCS: any atom type and any bond type can match.,
p0113,size-combinations,mcs,mcs_elements_order,MCS elements/order,1,403182,411534,O=C(O)[C@H](Cc1ccccc1)N1C(=O)/C(=C/c2ccc(OCCOc3ccc(/C=C4\SC(=S)N([C@@H](Cc5ccccc5)C(=O)O)C4=O)cc3)cc2)SC1=S,CSCC[C@H](NC(=O)[C@@H](CC(C)C)NC(=O)CNC(=O)[C@H](Cc1ccccc1)NC(=O)[C@@H](Cc1ccccc1)NC(=O)[C@H](CCC(N)=O)NC(=O)[C@H](CCC(N)=O)NC(=O)[C@@H]1CCCN1C(=O)[C@H](CCCCN)NC(=O)[C@H]1CCCN1C(=O)[C@@H](N)CCCN=C(N)N)C(N)=O,54,95,149,54,95,149,41,59,98,6,4,ok,0.002551581,1,0.002551581,2551581.000,,,,14,14,0,[#8]=[#6]-[#6](-[#6]-[#6]1:[#6]:[#6]:[#6]:[#6]:[#6]:1)-[#7]-[#6](=[#8])-[#6],Closest MCS counterpart to a raw SMILES substructure query.,
p0113,size-combinations,mcs,mcs_elements_order_maximize_atoms,MCS elements/order maximize atoms,0,403182,411534,O=C(O)[C@H](Cc1ccccc1)N1C(=O)/C(=C/c2ccc(OCCOc3ccc(/C=C4\SC(=S)N([C@@H](Cc5ccccc5)C(=O)O)C4=O)cc3)cc2)SC1=S,CSCC[C@H](NC(=O)[C@@H](CC(C)C)NC(=O)CNC(=O)[C@H](Cc1ccccc1)NC(=O)[C@@H](Cc1ccccc1)NC(=O)[C@H](CCC(N)=O)NC(=O)[C@H](CCC(N)=O)NC(=O)[C@@H]1CCCN1C(=O)[C@H](CCCCN)NC(=O)[C@H]1CCCN1C(=O)[C@@H](N)CCCN=C(N)N)C(N)=O,54,95,149,54,95,149,41,59,98,6,4,ok,0.002243933,1,0.002243933,2243933.000,,,,14,14,0,[#8]=[#6]-[#6](-[#6]-[#6]1:[#6]:[#6]:[#6]:[#6]:[#6]:1)-[#7]-[#6](=[#8])-[#6],"Same element/order comparison, but optimize atom count instead of bond count.",
p0113,size-combinations,mcs,mcs_elements_order_ring_atoms,MCS elements/order ring atoms,0,403182,411534,O=C(O)[C@H](Cc1ccccc1)N1C(=O)/C(=C/c2ccc(OCCOc3ccc(/C=C4\SC(=S)N([C@@H](Cc5ccccc5)C(=O)O)C4=O)cc3)cc2)SC1=S,CSCC[C@H](NC(=O)[C@@H](CC(C)C)NC(=O)CNC(=O)[C@H](Cc1ccccc1)NC(=O)[C@@H](Cc1ccccc1)NC(=O)[C@H](CCC(N)=O)NC(=O)[C@H](CCC(N)=O)NC(=O)[C@@H]1CCCN1C(=O)[C@H](CCCCN)NC(=O)[C@H]1CCCN1C(=O)[C@@H](N)CCCN=C(N)N)C(N)=O,54,95,149,54,95,149,41,59,98,6,4,ok,0.001274677,1,0.001274677,1274677.000,,,,10,10,0,[#8&!R]=&!@[#6&!R]-&!@[#6&!R]-&!@[#6&!R]-&!@[#6]1:&@[#6]:&@[#6]:&@[#6]:&@[#6]:&@[#6]:&@1,Ring atoms and ring bonds only match ring atoms and ring bonds.,
p0113,size-combinations,mcs,mcs_elements_order_whole_rings,MCS elements/order whole rings,0,403182,411534,O=C(O)[C@H](Cc1ccccc1)N1C(=O)/C(=C/c2ccc(OCCOc3ccc(/C=C4\SC(=S)N([C@@H](Cc5ccccc5)C(=O)O)C4=O)cc3)cc2)SC1=S,CSCC[C@H](NC(=O)[C@@H](CC(C)C)NC(=O)CNC(=O)[C@H](Cc1ccccc1)NC(=O)[C@@H](Cc1ccccc1)NC(=O)[C@H](CCC(N)=O)NC(=O)[C@H](CCC(N)=O)NC(=O)[C@@H]1CCCN1C(=O)[C@H](CCCCN)NC(=O)[C@H]1CCCN1C(=O)[C@@H](N)CCCN=C(N)N)C(N)=O,54,95,149,54,95,149,41,59,98,6,4,ok,0.001629233,1,0.001629233,1629233.000,,,,11,11,0,[#8]=&!@[#6]-&!@[#6](-&!@[#6]-&!@[#6]1:&@[#6]:&@[#6]:&@[#6]:&@[#6]:&@[#6]:&@1)-&!@[#7],MCS completeRingsOnly=True; partial ring MCS results are rejected.,
p0113,size-combinations,mcs,mcs_elements_order_ring_atoms_whole_rings,MCS elements/order ring atoms + whole rings,0,403182,411534,O=C(O)[C@H](Cc1ccccc1)N1C(=O)/C(=C/c2ccc(OCCOc3ccc(/C=C4\SC(=S)N([C@@H](Cc5ccccc5)C(=O)O)C4=O)cc3)cc2)SC1=S,CSCC[C@H](NC(=O)[C@@H](CC(C)C)NC(=O)CNC(=O)[C@H](Cc1ccccc1)NC(=O)[C@@H](Cc1ccccc1)NC(=O)[C@H](CCC(N)=O)NC(=O)[C@H](CCC(N)=O)NC(=O)[C@@H]1CCCN1C(=O)[C@H](CCCCN)NC(=O)[C@H]1CCCN1C(=O)[C@@H](N)CCCN=C(N)N)C(N)=O,54,95,149,54,95,149,41,59,98,6,4,ok,0.001442076,1,0.001442076,1442076.000,,,,10,10,0,[#8&!R]=&!@[#6&!R]-&!@[#6&!R]-&!@[#6&!R]-&!@[#6]1:&@[#6]:&@[#6]:&@[#6]:&@[#6]:&@[#6]:&@1,Both ringMatchesRingOnly and completeRingsOnly are enabled.,
p0113,size-combinations,substruct,substruct_smiles,Substruct raw SMILES,1,403182,411534,O=C(O)[C@H](Cc1ccccc1)N1C(=O)/C(=C/c2ccc(OCCOc3ccc(/C=C4\SC(=S)N([C@@H](Cc5ccccc5)C(=O)O)C4=O)cc3)cc2)SC1=S,CSCC[C@H](NC(=O)[C@@H](CC(C)C)NC(=O)CNC(=O)[C@H](Cc1ccccc1)NC(=O)[C@@H](Cc1ccccc1)NC(=O)[C@H](CCC(N)=O)NC(=O)[C@H](CCC(N)=O)NC(=O)[C@@H]1CCCN1C(=O)[C@H](CCCCN)NC(=O)[C@H]1CCCN1C(=O)[C@@H](N)CCCN=C(N)N)C(N)=O,54,95,149,54,95,149,41,59,98,6,4,ok,5.3352e-05,20,2.6676e-06,2667.600,has-match,0,0,,,,,Best SMILES-substructure baseline. Substructure has no direct completeRingsOnly option.,
p0113,size-combinations,substruct,substruct_elements_any_bond,Substruct elements/any bond,0,403182,411534,O=C(O)[C@H](Cc1ccccc1)N1C(=O)/C(=C/c2ccc(OCCOc3ccc(/C=C4\SC(=S)N([C@@H](Cc5ccccc5)C(=O)O)C4=O)cc3)cc2)SC1=S,CSCC[C@H](NC(=O)[C@@H](CC(C)C)NC(=O)CNC(=O)[C@H](Cc1ccccc1)NC(=O)[C@@H](Cc1ccccc1)NC(=O)[C@H](CCC(N)=O)NC(=O)[C@H](CCC(N)=O)NC(=O)[C@@H]1CCCN1C(=O)[C@H](CCCCN)NC(=O)[C@H]1CCCN1C(=O)[C@@H](N)CCCN=C(N)N)C(N)=O,54,95,149,54,95,149,41,59,98,6,4,ok,4.413e-05,20,2.2065e-06,2206.500,has-match,0,0,,,,,Query keeps atom elements but uses generic bonds.,
p0113,size-combinations,substruct,substruct_any_atom_bond,Substruct any atoms/bonds,0,403182,411534,O=C(O)[C@H](Cc1ccccc1)N1C(=O)/C(=C/c2ccc(OCCOc3ccc(/C=C4\SC(=S)N([C@@H](Cc5ccccc5)C(=O)O)C4=O)cc3)cc2)SC1=S,CSCC[C@H](NC(=O)[C@@H](CC(C)C)NC(=O)CNC(=O)[C@H](Cc1ccccc1)NC(=O)[C@@H](Cc1ccccc1)NC(=O)[C@H](CCC(N)=O)NC(=O)[C@H](CCC(N)=O)NC(=O)[C@@H]1CCCN1C(=O)[C@H](CCCCN)NC(=O)[C@H]1CCCN1C(=O)[C@@H](N)CCCN=C(N)N)C(N)=O,54,95,149,54,95,149,41,59,98,6,4,ok,0.000725825,20,3.629125e-05,36291.250,has-match,0,0,,,,,"Query uses generic atoms and generic bonds, similar to CompareAny topology.",
p0113,size-combinations,substruct,substruct_ring_atoms,Substruct ring-chain atoms,0,403182,411534,O=C(O)[C@H](Cc1ccccc1)N1C(=O)/C(=C/c2ccc(OCCOc3ccc(/C=C4\SC(=S)N([C@@H](Cc5ccccc5)C(=O)O)C4=O)cc3)cc2)SC1=S,CSCC[C@H](NC(=O)[C@@H](CC(C)C)NC(=O)CNC(=O)[C@H](Cc1ccccc1)NC(=O)[C@@H](Cc1ccccc1)NC(=O)[C@H](CCC(N)=O)NC(=O)[C@H](CCC(N)=O)NC(=O)[C@@H]1CCCN1C(=O)[C@H](CCCCN)NC(=O)[C@H]1CCCN1C(=O)[C@@H](N)CCCN=C(N)N)C(N)=O,54,95,149,54,95,149,41,59,98,6,4,ok,6.883e-05,20,3.4415e-06,3441.500,has-match,0,0,,,,,Query adds ring/chain atom constraints; closest substruct analog to ringMatchesRingOnly.,
p0114,size-combinations,mcs,mcs_any_atom_bond,MCS CompareAny atoms/bonds,0,307975,312914,COC1=CC(=O)N(C(=O)/C=C/[C@H](C)NC(=O)[C@H](CC(C)C)NC(=O)[C@H](CC2CCCCC2)NC(=O)C2CCN(C)CC2)[C@H]1Cc1c[nH]c2ccccc12.O=C(O)C(F)(F)F,C/C=C/C[C@@H](C)[C@@H](O)[C@H]1C(=O)N[C@@H](CC)C(=O)N(C)[C@H](C)C(=O)N(C)[C@@H]([C@H](C)COC)C(=O)N[C@@H](C(C)C)C(=O)N(C)[C@@H](CC(C)C)C(=O)N[C@@H](C)C(=O)N[C@H](C)C(=O)N(C)[C@@H](CC(C)C)C(=O)N(C)[C@@H](CC(C)C)C(=O)N(C)[C@@H](C(C)C)C(=O)N1C,60,87,147,60,87,147,27,63,87,5,1,ok,10.3491174,1,10.3491174,10349117376.000,,,,49,48,1,"[#8,#6]-[#6,#7](=,-[#6]-[#6](=[#8])-[#7]-[#6](=,-[#8,#6])-[#6]=,-[#6,#7]-[#6](-[#6])-[#7,#6]-[#6,#7](=,-[#8,#6])-[#6](-[#6]-[#6](-[#6])-[#6])-[#7,#6]-[#6,#7](=,-[#8,#6])-[#6](-[#6]-[#6](-[#6])-[#6])-[#7,#6]-[#6,#7](=,-[#8,#6])-[#6](-[#6]-[#6,#7]-[#7,#6]-[#6])-[#6]-[#6])-[#6]-[#6]-[#6,#7]:,-[#6](:,=[#6,#8]):,-[#6](:,-[#7]:,-[#6]):,-[#6]:,-[#6]:,-[#6,#8]",Permissive MCS: any atom type and any bond type can match.,
p0114,size-combinations,mcs,mcs_elements_order,MCS elements/order,1,307975,312914,COC1=CC(=O)N(C(=O)/C=C/[C@H](C)NC(=O)[C@H](CC(C)C)NC(=O)[C@H](CC2CCCCC2)NC(=O)C2CCN(C)CC2)[C@H]1Cc1c[nH]c2ccccc12.O=C(O)C(F)(F)F,C/C=C/C[C@@H](C)[C@@H](O)[C@H]1C(=O)N[C@@H](CC)C(=O)N(C)[C@H](C)C(=O)N(C)[C@@H]([C@H](C)COC)C(=O)N[C@@H](C(C)C)C(=O)N(C)[C@@H](CC(C)C)C(=O)N[C@@H](C)C(=O)N[C@H](C)C(=O)N(C)[C@@H](CC(C)C)C(=O)N(C)[C@@H](CC(C)C)C(=O)N(C)[C@@H](C(C)C)C(=O)N1C,60,87,147,60,87,147,27,63,87,5,1,ok,0.153216635,1,0.153216635,153216635.000,,,,24,23,0,[#6]-[#6](-[#6])-[#7]-[#6](=[#8])-[#6](-[#6]-[#6](-[#6])-[#6])-[#7]-[#6](=[#8])-[#6](-[#6]-[#6](-[#6])-[#6])-[#7]-[#6](=[#8])-[#6]-[#6],Closest MCS counterpart to a raw SMILES substructure query.,
p0114,size-combinations,mcs,mcs_elements_order_maximize_atoms,MCS elements/order maximize atoms,0,307975,312914,COC1=CC(=O)N(C(=O)/C=C/[C@H](C)NC(=O)[C@H](CC(C)C)NC(=O)[C@H](CC2CCCCC2)NC(=O)C2CCN(C)CC2)[C@H]1Cc1c[nH]c2ccccc12.O=C(O)C(F)(F)F,C/C=C/C[C@@H](C)[C@@H](O)[C@H]1C(=O)N[C@@H](CC)C(=O)N(C)[C@H](C)C(=O)N(C)[C@@H]([C@H](C)COC)C(=O)N[C@@H](C(C)C)C(=O)N(C)[C@@H](CC(C)C)C(=O)N[C@@H](C)C(=O)N[C@H](C)C(=O)N(C)[C@@H](CC(C)C)C(=O)N(C)[C@@H](CC(C)C)C(=O)N(C)[C@@H](C(C)C)C(=O)N1C,60,87,147,60,87,147,27,63,87,5,1,ok,0.152749899,1,0.152749899,152749899.000,,,,24,23,0,[#6]-[#6](-[#6])-[#7]-[#6](=[#8])-[#6](-[#6]-[#6](-[#6])-[#6])-[#7]-[#6](=[#8])-[#6](-[#6]-[#6](-[#6])-[#6])-[#7]-[#6](=[#8])-[#6]-[#6],"Same element/order comparison, but optimize atom count instead of bond count.",
p0114,size-combinations,mcs,mcs_elements_order_ring_atoms,MCS elements/order ring atoms,0,307975,312914,COC1=CC(=O)N(C(=O)/C=C/[C@H](C)NC(=O)[C@H](CC(C)C)NC(=O)[C@H](CC2CCCCC2)NC(=O)C2CCN(C)CC2)[C@H]1Cc1c[nH]c2ccccc12.O=C(O)C(F)(F)F,C/C=C/C[C@@H](C)[C@@H](O)[C@H]1C(=O)N[C@@H](CC)C(=O)N(C)[C@H](C)C(=O)N(C)[C@@H]([C@H](C)COC)C(=O)N[C@@H](C(C)C)C(=O)N(C)[C@@H](CC(C)C)C(=O)N[C@@H](C)C(=O)N[C@H](C)C(=O)N(C)[C@@H](CC(C)C)C(=O)N(C)[C@@H](CC(C)C)C(=O)N(C)[C@@H](C(C)C)C(=O)N1C,60,87,147,60,87,147,27,63,87,5,1,ok,0.004172109,1,0.004172109,4172109.000,,,,8,7,0,[#6&R]-&@[#6&R](=&!@[#8&!R])-&@[#7&R](-&!@[#6&!R])-&@[#6&R](-&!@[#6&!R])-&@[#6&R],Ring atoms and ring bonds only match ring atoms and ring bonds.,
p0114,size-combinations,mcs,mcs_elements_order_whole_rings,MCS elements/order whole rings,0,307975,312914,COC1=CC(=O)N(C(=O)/C=C/[C@H](C)NC(=O)[C@H](CC(C)C)NC(=O)[C@H](CC2CCCCC2)NC(=O)C2CCN(C)CC2)[C@H]1Cc1c[nH]c2ccccc12.O=C(O)C(F)(F)F,C/C=C/C[C@@H](C)[C@@H](O)[C@H]1C(=O)N[C@@H](CC)C(=O)N(C)[C@H](C)C(=O)N(C)[C@@H]([C@H](C)COC)C(=O)N[C@@H](C(C)C)C(=O)N(C)[C@@H](CC(C)C)C(=O)N[C@@H](C)C(=O)N[C@H](C)C(=O)N(C)[C@@H](CC(C)C)C(=O)N(C)[C@@H](CC(C)C)C(=O)N(C)[C@@H](C(C)C)C(=O)N1C,60,87,147,60,87,147,27,63,87,5,1,ok,0.001302027,1,0.001302027,1302027.000,,,,5,4,0,[#6]-&!@[#6]=&!@[#6]-&!@[#6]-&!@[#6],MCS completeRingsOnly=True; partial ring MCS results are rejected.,
p0114,size-combinations,mcs,mcs_elements_order_ring_atoms_whole_rings,MCS elements/order ring atoms + whole rings,0,307975,312914,COC1=CC(=O)N(C(=O)/C=C/[C@H](C)NC(=O)[C@H](CC(C)C)NC(=O)[C@H](CC2CCCCC2)NC(=O)C2CCN(C)CC2)[C@H]1Cc1c[nH]c2ccccc12.O=C(O)C(F)(F)F,C/C=C/C[C@@H](C)[C@@H](O)[C@H]1C(=O)N[C@@H](CC)C(=O)N(C)[C@H](C)C(=O)N(C)[C@@H]([C@H](C)COC)C(=O)N[C@@H](C(C)C)C(=O)N(C)[C@@H](CC(C)C)C(=O)N[C@@H](C)C(=O)N[C@H](C)C(=O)N(C)[C@@H](CC(C)C)C(=O)N(C)[C@@H](CC(C)C)C(=O)N(C)[C@@H](C(C)C)C(=O)N1C,60,87,147,60,87,147,27,63,87,5,1,ok,0.001194887,1,0.001194887,1194887.000,,,,5,4,0,[#6&!R]-&!@[#6&!R]=&!@[#6&!R]-&!@[#6&!R]-&!@[#6&!R],Both ringMatchesRingOnly and completeRingsOnly are enabled.,
p0114,size-combinations,substruct,substruct_smiles,Substruct raw SMILES,1,307975,312914,COC1=CC(=O)N(C(=O)/C=C/[C@H](C)NC(=O)[C@H](CC(C)C)NC(=O)[C@H](CC2CCCCC2)NC(=O)C2CCN(C)CC2)[C@H]1Cc1c[nH]c2ccccc12.O=C(O)C(F)(F)F,C/C=C/C[C@@H](C)[C@@H](O)[C@H]1C(=O)N[C@@H](CC)C(=O)N(C)[C@H](C)C(=O)N(C)[C@@H]([C@H](C)COC)C(=O)N[C@@H](C(C)C)C(=O)N(C)[C@@H](CC(C)C)C(=O)N[C@@H](C)C(=O)N[C@H](C)C(=O)N(C)[C@@H](CC(C)C)C(=O)N(C)[C@@H](CC(C)C)C(=O)N(C)[C@@H](C(C)C)C(=O)N1C,60,87,147,60,87,147,27,63,87,5,1,ok,7.4903e-05,20,3.74515e-06,3745.150,has-match,0,0,,,,,Best SMILES-substructure baseline. Substructure has no direct completeRingsOnly option.,
p0114,size-combinations,substruct,substruct_elements_any_bond,Substruct elements/any bond,0,307975,312914,COC1=CC(=O)N(C(=O)/C=C/[C@H](C)NC(=O)[C@H](CC(C)C)NC(=O)[C@H](CC2CCCCC2)NC(=O)C2CCN(C)CC2)[C@H]1Cc1c[nH]c2ccccc12.O=C(O)C(F)(F)F,C/C=C/C[C@@H](C)[C@@H](O)[C@H]1C(=O)N[C@@H](CC)C(=O)N(C)[C@H](C)C(=O)N(C)[C@@H]([C@H](C)COC)C(=O)N[C@@H](C(C)C)C(=O)N(C)[C@@H](CC(C)C)C(=O)N[C@@H](C)C(=O)N[C@H](C)C(=O)N(C)[C@@H](CC(C)C)C(=O)N(C)[C@@H](CC(C)C)C(=O)N(C)[C@@H](C(C)C)C(=O)N1C,60,87,147,60,87,147,27,63,87,5,1,ok,6.3817e-05,20,3.19085e-06,3190.850,has-match,0,0,,,,,Query keeps atom elements but uses generic bonds.,
p0114,size-combinations,substruct,substruct_any_atom_bond,Substruct any atoms/bonds,0,307975,312914,COC1=CC(=O)N(C(=O)/C=C/[C@H](C)NC(=O)[C@H](CC(C)C)NC(=O)[C@H](CC2CCCCC2)NC(=O)C2CCN(C)CC2)[C@H]1Cc1c[nH]c2ccccc12.O=C(O)C(F)(F)F,C/C=C/C[C@@H](C)[C@@H](O)[C@H]1C(=O)N[C@@H](CC)C(=O)N(C)[C@H](C)C(=O)N(C)[C@@H]([C@H](C)COC)C(=O)N[C@@H](C(C)C)C(=O)N(C)[C@@H](CC(C)C)C(=O)N[C@@H](C)C(=O)N[C@H](C)C(=O)N(C)[C@@H](CC(C)C)C(=O)N(C)[C@@H](CC(C)C)C(=O)N(C)[C@@H](C(C)C)C(=O)N1C,60,87,147,60,87,147,27,63,87,5,1,ok,0.002915066,20,0.0001457533,145753.300,has-match,0,0,,,,,"Query uses generic atoms and generic bonds, similar to CompareAny topology.",
p0114,size-combinations,substruct,substruct_ring_atoms,Substruct ring-chain atoms,0,307975,312914,COC1=CC(=O)N(C(=O)/C=C/[C@H](C)NC(=O)[C@H](CC(C)C)NC(=O)[C@H](CC2CCCCC2)NC(=O)C2CCN(C)CC2)[C@H]1Cc1c[nH]c2ccccc12.O=C(O)C(F)(F)F,C/C=C/C[C@@H](C)[C@@H](O)[C@H]1C(=O)N[C@@H](CC)C(=O)N(C)[C@H](C)C(=O)N(C)[C@@H]([C@H](C)COC)C(=O)N[C@@H](C(C)C)C(=O)N(C)[C@@H](CC(C)C)C(=O)N[C@@H](C)C(=O)N[C@H](C)C(=O)N(C)[C@@H](CC(C)C)C(=O)N(C)[C@@H](CC(C)C)C(=O)N(C)[C@@H](C(C)C)C(=O)N1C,60,87,147,60,87,147,27,63,87,5,1,ok,8.5224e-05,20,4.2612e-06,4261.200,has-match,0,0,,,,,Query adds ring/chain atom constraints; closest substruct analog to ringMatchesRingOnly.,
p0115,size-combinations,mcs,mcs_any_atom_bond,MCS CompareAny atoms/bonds,0,307975,427,COC1=CC(=O)N(C(=O)/C=C/[C@H](C)NC(=O)[C@H](CC(C)C)NC(=O)[C@H](CC2CCCCC2)NC(=O)C2CCN(C)CC2)[C@H]1Cc1c[nH]c2ccccc12.O=C(O)C(F)(F)F,C[C@@H]1O[C@@H](O[C@H]2[C@H](O)[C@@H](O)[C@H](OC[C@H]3O[C@@H](OC(=O)[C@]45CCC(C)(C)C[C@H]4C4=CC[C@@H]6[C@@]7(C)CC[C@H](O[C@@H]8O[C@H](C(=O)O)[C@@H](O)[C@H](O)[C@H]8O[C@@H]8O[C@H](CO)[C@@H](O)[C@H](O)[C@H]8O)C(C)(C)[C@@H]7CC[C@@]6(C)[C@]4(C)CC5)[C@H](O)[C@@H](O)[C@@H]3O)O[C@@H]2CO)[C@H](O)[C@H](O)[C@H]1O,60,88,148,60,88,148,28,63,97,5,10,ok,10.1092329,1,10.1092329,10109232924.000,,,,49,48,1,"[#6,#8]-[#8,#6]-[#6](=,-[#6,#8])-[#6](-[#7,#6](-[#6,#8])-[#6](=,-[#8])-[#6]=,-[#6,#8]-[#6]-[#7,#6]-[#6,#8]-[#6](-[#6]-[#6](-[#6,#8])-[#6])-[#7,#8]-[#6](=[#8])-[#6](-[#6]-[#6]-[#6]-[#6]-[#6]-[#6]-,=[#6])-[#7,#6]-[#6]-[#6](-[#6])-[#6]-[#6]-[#7,#6](-[#6])-[#6])-[#6,#8]-[#6](:,-[#6,#8]):,-[#6](:,-[#6,#8]):,-[#6](:,-[#7,#8]):,-[#6]:,-[#6]:,-[#6]",Permissive MCS: any atom type and any bond type can match.,
p0115,size-combinations,mcs,mcs_elements_order,MCS elements/order,1,307975,427,COC1=CC(=O)N(C(=O)/C=C/[C@H](C)NC(=O)[C@H](CC(C)C)NC(=O)[C@H](CC2CCCCC2)NC(=O)C2CCN(C)CC2)[C@H]1Cc1c[nH]c2ccccc12.O=C(O)C(F)(F)F,C[C@@H]1O[C@@H](O[C@H]2[C@H](O)[C@@H](O)[C@H](OC[C@H]3O[C@@H](OC(=O)[C@]45CCC(C)(C)C[C@H]4C4=CC[C@@H]6[C@@]7(C)CC[C@H](O[C@@H]8O[C@H](C(=O)O)[C@@H](O)[C@H](O)[C@H]8O[C@@H]8O[C@H](CO)[C@@H](O)[C@H](O)[C@H]8O)C(C)(C)[C@@H]7CC[C@@]6(C)[C@]4(C)CC5)[C@H](O)[C@@H](O)[C@@H]3O)O[C@@H]2CO)[C@H](O)[C@H](O)[C@H]1O,60,88,148,60,88,148,28,63,97,5,10,ok,0.001612592,1,0.001612592,1612592.000,,,,13,12,0,"[#6]-[#8]-[#6]-[#6]-[#6]-[#6](:,-[#6]):,-[#6](:,-[#6]:,-[#6]:,-[#6]):,-[#6]:,-[#6]",Closest MCS counterpart to a raw SMILES substructure query.,
p0115,size-combinations,mcs,mcs_elements_order_maximize_atoms,MCS elements/order maximize atoms,0,307975,427,COC1=CC(=O)N(C(=O)/C=C/[C@H](C)NC(=O)[C@H](CC(C)C)NC(=O)[C@H](CC2CCCCC2)NC(=O)C2CCN(C)CC2)[C@H]1Cc1c[nH]c2ccccc12.O=C(O)C(F)(F)F,C[C@@H]1O[C@@H](O[C@H]2[C@H](O)[C@@H](O)[C@H](OC[C@H]3O[C@@H](OC(=O)[C@]45CCC(C)(C)C[C@H]4C4=CC[C@@H]6[C@@]7(C)CC[C@H](O[C@@H]8O[C@H](C(=O)O)[C@@H](O)[C@H](O)[C@H]8O[C@@H]8O[C@H](CO)[C@@H](O)[C@H](O)[C@H]8O)C(C)(C)[C@@H]7CC[C@@]6(C)[C@]4(C)CC5)[C@H](O)[C@@H](O)[C@@H]3O)O[C@@H]2CO)[C@H](O)[C@H](O)[C@H]1O,60,88,148,60,88,148,28,63,97,5,10,ok,0.001509206,1,0.001509206,1509206.000,,,,13,12,0,"[#6]-[#8]-[#6]-[#6]-[#6]-[#6](:,-[#6]):,-[#6](:,-[#6]:,-[#6]:,-[#6]):,-[#6]:,-[#6]","Same element/order comparison, but optimize atom count instead of bond count.",
p0115,size-combinations,mcs,mcs_elements_order_ring_atoms,MCS elements/order ring atoms,0,307975,427,COC1=CC(=O)N(C(=O)/C=C/[C@H](C)NC(=O)[C@H](CC(C)C)NC(=O)[C@H](CC2CCCCC2)NC(=O)C2CCN(C)CC2)[C@H]1Cc1c[nH]c2ccccc12.O=C(O)C(F)(F)F,C[C@@H]1O[C@@H](O[C@H]2[C@H](O)[C@@H](O)[C@H](OC[C@H]3O[C@@H](OC(=O)[C@]45CCC(C)(C)C[C@H]4C4=CC[C@@H]6[C@@]7(C)CC[C@H](O[C@@H]8O[C@H](C(=O)O)[C@@H](O)[C@H](O)[C@H]8O[C@@H]8O[C@H](CO)[C@@H](O)[C@H](O)[C@H]8O)C(C)(C)[C@@H]7CC[C@@]6(C)[C@]4(C)CC5)[C@H](O)[C@@H](O)[C@@H]3O)O[C@@H]2CO)[C@H](O)[C@H](O)[C@H]1O,60,88,148,60,88,148,28,63,97,5,10,ok,0.001205774,1,0.001205774,1205774.000,,,,9,9,0,"[#6&!R]-&!@[#6&R](:,-;@[#6&R]):,-;@[#6]1:,-;@[#6]:,-;@[#6]:,-;@[#6]:,-;@[#6]:,-;@[#6]:,-;@1",Ring atoms and ring bonds only match ring atoms and ring bonds.,
p0115,size-combinations,mcs,mcs_elements_order_whole_rings,MCS elements/order whole rings,0,307975,427,COC1=CC(=O)N(C(=O)/C=C/[C@H](C)NC(=O)[C@H](CC(C)C)NC(=O)[C@H](CC2CCCCC2)NC(=O)C2CCN(C)CC2)[C@H]1Cc1c[nH]c2ccccc12.O=C(O)C(F)(F)F,C[C@@H]1O[C@@H](O[C@H]2[C@H](O)[C@@H](O)[C@H](OC[C@H]3O[C@@H](OC(=O)[C@]45CCC(C)(C)C[C@H]4C4=CC[C@@H]6[C@@]7(C)CC[C@H](O[C@@H]8O[C@H](C(=O)O)[C@@H](O)[C@H](O)[C@H]8O[C@@H]8O[C@H](CO)[C@@H](O)[C@H](O)[C@H]8O)C(C)(C)[C@@H]7CC[C@@]6(C)[C@]4(C)CC5)[C@H](O)[C@@H](O)[C@@H]3O)O[C@@H]2CO)[C@H](O)[C@H](O)[C@H]1O,60,88,148,60,88,148,28,63,97,5,10,ok,0.002058094,1,0.002058094,2058094.000,,,,7,7,0,[#6]-&!@[#6]1-&@[#6]-&@[#6]-&@[#6]-&@[#6]-&@[#6]-&@1,MCS completeRingsOnly=True; partial ring MCS results are rejected.,
p0115,size-combinations,mcs,mcs_elements_order_ring_atoms_whole_rings,MCS elements/order ring atoms + whole rings,0,307975,427,COC1=CC(=O)N(C(=O)/C=C/[C@H](C)NC(=O)[C@H](CC(C)C)NC(=O)[C@H](CC2CCCCC2)NC(=O)C2CCN(C)CC2)[C@H]1Cc1c[nH]c2ccccc12.O=C(O)C(F)(F)F,C[C@@H]1O[C@@H](O[C@H]2[C@H](O)[C@@H](O)[C@H](OC[C@H]3O[C@@H](OC(=O)[C@]45CCC(C)(C)C[C@H]4C4=CC[C@@H]6[C@@]7(C)CC[C@H](O[C@@H]8O[C@H](C(=O)O)[C@@H](O)[C@H](O)[C@H]8O[C@@H]8O[C@H](CO)[C@@H](O)[C@H](O)[C@H]8O)C(C)(C)[C@@H]7CC[C@@]6(C)[C@]4(C)CC5)[C@H](O)[C@@H](O)[C@@H]3O)O[C@@H]2CO)[C@H](O)[C@H](O)[C@H]1O,60,88,148,60,88,148,28,63,97,5,10,ok,0.001947414,1,0.001947414,1947414.000,,,,7,7,0,[#6&!R]-&!@[#6]1-&@[#6]-&@[#6]-&@[#6]-&@[#6]-&@[#6]-&@1,Both ringMatchesRingOnly and completeRingsOnly are enabled.,
p0115,size-combinations,substruct,substruct_smiles,Substruct raw SMILES,1,307975,427,COC1=CC(=O)N(C(=O)/C=C/[C@H](C)NC(=O)[C@H](CC(C)C)NC(=O)[C@H](CC2CCCCC2)NC(=O)C2CCN(C)CC2)[C@H]1Cc1c[nH]c2ccccc12.O=C(O)C(F)(F)F,C[C@@H]1O[C@@H](O[C@H]2[C@H](O)[C@@H](O)[C@H](OC[C@H]3O[C@@H](OC(=O)[C@]45CCC(C)(C)C[C@H]4C4=CC[C@@H]6[C@@]7(C)CC[C@H](O[C@@H]8O[C@H](C(=O)O)[C@@H](O)[C@H](O)[C@H]8O[C@@H]8O[C@H](CO)[C@@H](O)[C@H](O)[C@H]8O)C(C)(C)[C@@H]7CC[C@@]6(C)[C@]4(C)CC5)[C@H](O)[C@@H](O)[C@@H]3O)O[C@@H]2CO)[C@H](O)[C@H](O)[C@H]1O,60,88,148,60,88,148,28,63,97,5,10,ok,0.000110223,20,5.51115e-06,5511.150,has-match,0,0,,,,,Best SMILES-substructure baseline. Substructure has no direct completeRingsOnly option.,
p0115,size-combinations,substruct,substruct_elements_any_bond,Substruct elements/any bond,0,307975,427,COC1=CC(=O)N(C(=O)/C=C/[C@H](C)NC(=O)[C@H](CC(C)C)NC(=O)[C@H](CC2CCCCC2)NC(=O)C2CCN(C)CC2)[C@H]1Cc1c[nH]c2ccccc12.O=C(O)C(F)(F)F,C[C@@H]1O[C@@H](O[C@H]2[C@H](O)[C@@H](O)[C@H](OC[C@H]3O[C@@H](OC(=O)[C@]45CCC(C)(C)C[C@H]4C4=CC[C@@H]6[C@@]7(C)CC[C@H](O[C@@H]8O[C@H](C(=O)O)[C@@H](O)[C@H](O)[C@H]8O[C@@H]8O[C@H](CO)[C@@H](O)[C@H](O)[C@H]8O)C(C)(C)[C@@H]7CC[C@@]6(C)[C@]4(C)CC5)[C@H](O)[C@@H](O)[C@@H]3O)O[C@@H]2CO)[C@H](O)[C@H](O)[C@H]1O,60,88,148,60,88,148,28,63,97,5,10,ok,0.000144834,20,7.2417e-06,7241.700,has-match,0,0,,,,,Query keeps atom elements but uses generic bonds.,
p0115,size-combinations,substruct,substruct_any_atom_bond,Substruct any atoms/bonds,0,307975,427,COC1=CC(=O)N(C(=O)/C=C/[C@H](C)NC(=O)[C@H](CC(C)C)NC(=O)[C@H](CC2CCCCC2)NC(=O)C2CCN(C)CC2)[C@H]1Cc1c[nH]c2ccccc12.O=C(O)C(F)(F)F,C[C@@H]1O[C@@H](O[C@H]2[C@H](O)[C@@H](O)[C@H](OC[C@H]3O[C@@H](OC(=O)[C@]45CCC(C)(C)C[C@H]4C4=CC[C@@H]6[C@@]7(C)CC[C@H](O[C@@H]8O[C@H](C(=O)O)[C@@H](O)[C@H](O)[C@H]8O[C@@H]8O[C@H](CO)[C@@H](O)[C@H](O)[C@H]8O)C(C)(C)[C@@H]7CC[C@@]6(C)[C@]4(C)CC5)[C@H](O)[C@@H](O)[C@@H]3O)O[C@@H]2CO)[C@H](O)[C@H](O)[C@H]1O,60,88,148,60,88,148,28,63,97,5,10,ok,0.006166777,20,0.00030833885,308338.850,has-match,0,0,,,,,"Query uses generic atoms and generic bonds, similar to CompareAny topology.",
p0115,size-combinations,substruct,substruct_ring_atoms,Substruct ring-chain atoms,0,307975,427,COC1=CC(=O)N(C(=O)/C=C/[C@H](C)NC(=O)[C@H](CC(C)C)NC(=O)[C@H](CC2CCCCC2)NC(=O)C2CCN(C)CC2)[C@H]1Cc1c[nH]c2ccccc12.O=C(O)C(F)(F)F,C[C@@H]1O[C@@H](O[C@H]2[C@H](O)[C@@H](O)[C@H](OC[C@H]3O[C@@H](OC(=O)[C@]45CCC(C)(C)C[C@H]4C4=CC[C@@H]6[C@@]7(C)CC[C@H](O[C@@H]8O[C@H](C(=O)O)[C@@H](O)[C@H](O)[C@H]8O[C@@H]8O[C@H](CO)[C@@H](O)[C@H](O)[C@H]8O)C(C)(C)[C@@H]7CC[C@@]6(C)[C@]4(C)CC5)[C@H](O)[C@@H](O)[C@@H]3O)O[C@@H]2CO)[C@H](O)[C@H](O)[C@H]1O,60,88,148,60,88,148,28,63,97,5,10,ok,7.4464e-05,20,3.7232e-06,3723.200,has-match,0,0,,,,,Query adds ring/chain atom constraints; closest substruct analog to ringMatchesRingOnly.,
p0116,size-combinations,mcs,mcs_any_atom_bond,MCS CompareAny atoms/bonds,0,926356,1654681,COc1ccccc1N1CCN(CCn2cc(COCC(COc3ccc([Si]([18F])(C(C)(C)C)C(C)(C)C)cc3)OCc3cn(CCN4CCN(c5ccccc5OC)CC4)nn3)nn2)CC1,CC[C@@H](C)[C@@H](C(=O)N[C@@H](Cc1c[nH]cn1)C(=O)N1CCC[C@H]1C(=O)N[C@@H](Cc1ccccc1)C(=O)O)N1Cc2cccc(NC(=O)[C@H](CCCN=C(N)N)NC(=O)[C@@H](N)CC(=O)O)c2N[C@@H](Cc2ccc(O)cc2)C1=O,66,76,142,66,76,142,10,72,81,7,6,ok,10.1978944,1,10.1978944,10197894357.000,,,,46,45,1,"[#6]-[#8,#7]-[#6](:,=[#6,#8]):,-[#6](:,-[#6]:,-[#6])-[#7](-[#6]-[#6]-[#7]-[#6]-[#6]-[#7](:,-[#6]:,-[#6]-,:[#6]-,:[#8,#6]-,:[#6]-,:[#6](-[#6,#7]-[#8,#6]-[#6](:,-[#6]:,-[#6]):,-[#6,#7]:,-[#6]:,-[#6]-[#14,#6]-[#6](-,=[#6,#8])-[#6,#8])-,:[#8,#6]-[#6,#7]-[#6]:,-[#6]:,-[#7,#6](-,:[#6]-,:[#6]-,:[#7,#6]-[#6,#8]):[#7,#6]:[#7,#6]):,-[#7,#6]:,=[#7,#8])-[#6]",Permissive MCS: any atom type and any bond type can match.,
p0116,size-combinations,mcs,mcs_elements_order,MCS elements/order,1,926356,1654681,COc1ccccc1N1CCN(CCn2cc(COCC(COc3ccc([Si]([18F])(C(C)(C)C)C(C)(C)C)cc3)OCc3cn(CCN4CCN(c5ccccc5OC)CC4)nn3)nn2)CC1,CC[C@@H](C)[C@@H](C(=O)N[C@@H](Cc1c[nH]cn1)C(=O)N1CCC[C@H]1C(=O)N[C@@H](Cc1ccccc1)C(=O)O)N1Cc2cccc(NC(=O)[C@H](CCCN=C(N)N)NC(=O)[C@@H](N)CC(=O)O)c2N[C@@H](Cc2ccc(O)cc2)C1=O,66,76,142,66,76,142,10,72,81,7,6,ok,0.031170772,1,0.031170772,31170772.000,,,,20,19,0,"[#8]-[#6]:,-[#6](:,-[#6]:,-[#6]:[#6]:[#6])-[#7]-[#6]-[#6]-[#7](-[#6]-[#6])-[#6]-[#6]-[#7]:,-[#6]:,-[#6](-[#6]):,-[#7]",Closest MCS counterpart to a raw SMILES substructure query.,
p0116,size-combinations,mcs,mcs_elements_order_maximize_atoms,MCS elements/order maximize atoms,0,926356,1654681,COc1ccccc1N1CCN(CCn2cc(COCC(COc3ccc([Si]([18F])(C(C)(C)C)C(C)(C)C)cc3)OCc3cn(CCN4CCN(c5ccccc5OC)CC4)nn3)nn2)CC1,CC[C@@H](C)[C@@H](C(=O)N[C@@H](Cc1c[nH]cn1)C(=O)N1CCC[C@H]1C(=O)N[C@@H](Cc1ccccc1)C(=O)O)N1Cc2cccc(NC(=O)[C@H](CCCN=C(N)N)NC(=O)[C@@H](N)CC(=O)O)c2N[C@@H](Cc2ccc(O)cc2)C1=O,66,76,142,66,76,142,10,72,81,7,6,ok,0.033791235,1,0.033791235,33791235.000,,,,20,19,0,"[#8]-[#6]:,-[#6](:,-[#6]:,-[#6]:[#6]:[#6])-[#7]-[#6]-[#6]-[#7](-[#6]-[#6])-[#6]-[#6]-[#7]:,-[#6]:,-[#6](-[#6]):,-[#7]","Same element/order comparison, but optimize atom count instead of bond count.",
p0116,size-combinations,mcs,mcs_elements_order_ring_atoms,MCS elements/order ring atoms,0,926356,1654681,COc1ccccc1N1CCN(CCn2cc(COCC(COc3ccc([Si]([18F])(C(C)(C)C)C(C)(C)C)cc3)OCc3cn(CCN4CCN(c5ccccc5OC)CC4)nn3)nn2)CC1,CC[C@@H](C)[C@@H](C(=O)N[C@@H](Cc1c[nH]cn1)C(=O)N1CCC[C@H]1C(=O)N[C@@H](Cc1ccccc1)C(=O)O)N1Cc2cccc(NC(=O)[C@H](CCCN=C(N)N)NC(=O)[C@@H](N)CC(=O)O)c2N[C@@H](Cc2ccc(O)cc2)C1=O,66,76,142,66,76,142,10,72,81,7,6,ok,0.002925738,1,0.002925738,2925738.000,,,,8,7,0,"[#7&R](-&@[#6&R]-&@[#6&R]-&@[#7&R]-&!@[#6&!R]-&!@[#6&!R])-&@[#6&R]-,:;@[#6&R]",Ring atoms and ring bonds only match ring atoms and ring bonds.,
p0116,size-combinations,mcs,mcs_elements_order_whole_rings,MCS elements/order whole rings,0,926356,1654681,COc1ccccc1N1CCN(CCn2cc(COCC(COc3ccc([Si]([18F])(C(C)(C)C)C(C)(C)C)cc3)OCc3cn(CCN4CCN(c5ccccc5OC)CC4)nn3)nn2)CC1,CC[C@@H](C)[C@@H](C(=O)N[C@@H](Cc1c[nH]cn1)C(=O)N1CCC[C@H]1C(=O)N[C@@H](Cc1ccccc1)C(=O)O)N1Cc2cccc(NC(=O)[C@H](CCCN=C(N)N)NC(=O)[C@@H](N)CC(=O)O)c2N[C@@H](Cc2ccc(O)cc2)C1=O,66,76,142,66,76,142,10,72,81,7,6,ok,0.002575207,1,0.002575207,2575207.000,,,,7,7,0,[#8]-&!@[#6]1:&@[#6]:&@[#6]:&@[#6]:&@[#6]:&@[#6]:&@1,MCS completeRingsOnly=True; partial ring MCS results are rejected.,
p0116,size-combinations,mcs,mcs_elements_order_ring_atoms_whole_rings,MCS elements/order ring atoms + whole rings,0,926356,1654681,COc1ccccc1N1CCN(CCn2cc(COCC(COc3ccc([Si]([18F])(C(C)(C)C)C(C)(C)C)cc3)OCc3cn(CCN4CCN(c5ccccc5OC)CC4)nn3)nn2)CC1,CC[C@@H](C)[C@@H](C(=O)N[C@@H](Cc1c[nH]cn1)C(=O)N1CCC[C@H]1C(=O)N[C@@H](Cc1ccccc1)C(=O)O)N1Cc2cccc(NC(=O)[C@H](CCCN=C(N)N)NC(=O)[C@@H](N)CC(=O)O)c2N[C@@H](Cc2ccc(O)cc2)C1=O,66,76,142,66,76,142,10,72,81,7,6,ok,0.002170618,1,0.002170618,2170618.000,,,,7,7,0,[#8&!R]-&!@[#6]1:&@[#6]:&@[#6]:&@[#6]:&@[#6]:&@[#6]:&@1,Both ringMatchesRingOnly and completeRingsOnly are enabled.,
p0116,size-combinations,substruct,substruct_smiles,Substruct raw SMILES,1,926356,1654681,COc1ccccc1N1CCN(CCn2cc(COCC(COc3ccc([Si]([18F])(C(C)(C)C)C(C)(C)C)cc3)OCc3cn(CCN4CCN(c5ccccc5OC)CC4)nn3)nn2)CC1,CC[C@@H](C)[C@@H](C(=O)N[C@@H](Cc1c[nH]cn1)C(=O)N1CCC[C@H]1C(=O)N[C@@H](Cc1ccccc1)C(=O)O)N1Cc2cccc(NC(=O)[C@H](CCCN=C(N)N)NC(=O)[C@@H](N)CC(=O)O)c2N[C@@H](Cc2ccc(O)cc2)C1=O,66,76,142,66,76,142,10,72,81,7,6,ok,7.7562e-05,20,3.8781e-06,3878.100,has-match,0,0,,,,,Best SMILES-substructure baseline. Substructure has no direct completeRingsOnly option.,
p0116,size-combinations,substruct,substruct_elements_any_bond,Substruct elements/any bond,0,926356,1654681,COc1ccccc1N1CCN(CCn2cc(COCC(COc3ccc([Si]([18F])(C(C)(C)C)C(C)(C)C)cc3)OCc3cn(CCN4CCN(c5ccccc5OC)CC4)nn3)nn2)CC1,CC[C@@H](C)[C@@H](C(=O)N[C@@H](Cc1c[nH]cn1)C(=O)N1CCC[C@H]1C(=O)N[C@@H](Cc1ccccc1)C(=O)O)N1Cc2cccc(NC(=O)[C@H](CCCN=C(N)N)NC(=O)[C@@H](N)CC(=O)O)c2N[C@@H](Cc2ccc(O)cc2)C1=O,66,76,142,66,76,142,10,72,81,7,6,ok,6.9334e-05,20,3.4667e-06,3466.700,has-match,0,0,,,,,Query keeps atom elements but uses generic bonds.,
p0116,size-combinations,substruct,substruct_any_atom_bond,Substruct any atoms/bonds,0,926356,1654681,COc1ccccc1N1CCN(CCn2cc(COCC(COc3ccc([Si]([18F])(C(C)(C)C)C(C)(C)C)cc3)OCc3cn(CCN4CCN(c5ccccc5OC)CC4)nn3)nn2)CC1,CC[C@@H](C)[C@@H](C(=O)N[C@@H](Cc1c[nH]cn1)C(=O)N1CCC[C@H]1C(=O)N[C@@H](Cc1ccccc1)C(=O)O)N1Cc2cccc(NC(=O)[C@H](CCCN=C(N)N)NC(=O)[C@@H](N)CC(=O)O)c2N[C@@H](Cc2ccc(O)cc2)C1=O,66,76,142,66,76,142,10,72,81,7,6,ok,0.001160526,20,5.80263e-05,58026.300,has-match,0,0,,,,,"Query uses generic atoms and generic bonds, similar to CompareAny topology.",
p0116,size-combinations,substruct,substruct_ring_atoms,Substruct ring-chain atoms,0,926356,1654681,COc1ccccc1N1CCN(CCn2cc(COCC(COc3ccc([Si]([18F])(C(C)(C)C)C(C)(C)C)cc3)OCc3cn(CCN4CCN(c5ccccc5OC)CC4)nn3)nn2)CC1,CC[C@@H](C)[C@@H](C(=O)N[C@@H](Cc1c[nH]cn1)C(=O)N1CCC[C@H]1C(=O)N[C@@H](Cc1ccccc1)C(=O)O)N1Cc2cccc(NC(=O)[C@H](CCCN=C(N)N)NC(=O)[C@@H](N)CC(=O)O)c2N[C@@H](Cc2ccc(O)cc2)C1=O,66,76,142,66,76,142,10,72,81,7,6,ok,9.4994e-05,20,4.7497e-06,4749.700,has-match,0,0,,,,,Query adds ring/chain atom constraints; closest substruct analog to ringMatchesRingOnly.,
p0117,size-combinations,mcs,mcs_any_atom_bond,MCS CompareAny atoms/bonds,0,682979,403226,CC1(C)C(/C=C/C2=C(SCCC(=O)Nc3ccn([C@@H]4O[C@H](CO)[C@@H](O)C4(F)F)c(=O)n3)/C(=C/C=C3/N(CCCCCC(=O)O)c4ccccc4C3(C)C)CCC2)=[N+](CCCCS(=O)(=O)O)c2ccccc21,CC[C@H](C)[C@H]1NC(=O)[C@@H](NC(=O)[C@@H](CC(C)C)N(C)C(=O)C2CCCN2C(=O)[C@H](C)O)[C@@H](C)OC(=O)[C@H](CC(C)C)N(C)C(=O)[C@@H]2CCCN2C(=O)[C@H](CC(C)C)NC(=O)[C@@H](C)C(=O)[C@H](C(C)C)OC(=O)C[C@@H]1O,71,74,145,71,74,145,3,77,76,7,3,ok,10.1441161,1,10.1441161,10144116099.000,,,,53,52,1,"[#6]-,:[#6]-[#6](-[#6])-[#6](-[#7,#6]-,=[#6]-[#6](-[#7,#6]-[#6]-[#6]-[#7,#6]-,=[#6]-[#6]-,=[#7,#6](-[#6,#7]-[#6]-[#6])-[#6](=,-[#8,#6])-[#6](-,:[#6])-,:[#8,#6])-,=[#6]-[#8,#16]-[#6]-[#6]-[#7,#6](-,=[#6,#8])-[#6,#7]-[#6](-,:[#6]-,:[#6])-,:[#7]-,:[#6](=[#8])-,:[#6,#7]-[#7,#6]-[#6](=,-[#8,#9])-[#6](-[#6,#8])-[#6]=,-[#8])-,=[#6,#7](-[#6]-[#6]-[#8,#6]-[#6]-[#6,#16](-,=[#6,#8])-,=[#6,#8])-[#8,#6]",Permissive MCS: any atom type and any bond type can match.,
p0117,size-combinations,mcs,mcs_elements_order,MCS elements/order,1,682979,403226,CC1(C)C(/C=C/C2=C(SCCC(=O)Nc3ccn([C@@H]4O[C@H](CO)[C@@H](O)C4(F)F)c(=O)n3)/C(=C/C=C3/N(CCCCCC(=O)O)c4ccccc4C3(C)C)CCC2)=[N+](CCCCS(=O)(=O)O)c2ccccc21,CC[C@H](C)[C@H]1NC(=O)[C@@H](NC(=O)[C@@H](CC(C)C)N(C)C(=O)C2CCCN2C(=O)[C@H](C)O)[C@@H](C)OC(=O)[C@H](CC(C)C)N(C)C(=O)[C@@H]2CCCN2C(=O)[C@H](CC(C)C)NC(=O)[C@@H](C)C(=O)[C@H](C(C)C)OC(=O)C[C@@H]1O,71,74,145,71,74,145,3,77,76,7,3,ok,0.01334538,1,0.01334538,13345380.000,,,,13,12,0,"[#6]-[#6]-[#6](-,:[#6])-,:[#6](-[#7]-[#6]-[#6]-[#6]-[#6])-,:[#6]-,:[#6]-,:[#6]",Closest MCS counterpart to a raw SMILES substructure query.,
p0117,size-combinations,mcs,mcs_elements_order_maximize_atoms,MCS elements/order maximize atoms,0,682979,403226,CC1(C)C(/C=C/C2=C(SCCC(=O)Nc3ccn([C@@H]4O[C@H](CO)[C@@H](O)C4(F)F)c(=O)n3)/C(=C/C=C3/N(CCCCCC(=O)O)c4ccccc4C3(C)C)CCC2)=[N+](CCCCS(=O)(=O)O)c2ccccc21,CC[C@H](C)[C@H]1NC(=O)[C@@H](NC(=O)[C@@H](CC(C)C)N(C)C(=O)C2CCCN2C(=O)[C@H](C)O)[C@@H](C)OC(=O)[C@H](CC(C)C)N(C)C(=O)[C@@H]2CCCN2C(=O)[C@H](CC(C)C)NC(=O)[C@@H](C)C(=O)[C@H](C(C)C)OC(=O)C[C@@H]1O,71,74,145,71,74,145,3,77,76,7,3,ok,0.013030501,1,0.013030501,13030501.000,,,,13,12,0,"[#6]-[#6]-[#6](-,:[#6])-,:[#6](-[#7]-[#6]-[#6]-[#6]-[#6])-,:[#6]-,:[#6]-,:[#6]","Same element/order comparison, but optimize atom count instead of bond count.",
p0117,size-combinations,mcs,mcs_elements_order_ring_atoms,MCS elements/order ring atoms,0,682979,403226,CC1(C)C(/C=C/C2=C(SCCC(=O)Nc3ccn([C@@H]4O[C@H](CO)[C@@H](O)C4(F)F)c(=O)n3)/C(=C/C=C3/N(CCCCCC(=O)O)c4ccccc4C3(C)C)CCC2)=[N+](CCCCS(=O)(=O)O)c2ccccc21,CC[C@H](C)[C@H]1NC(=O)[C@@H](NC(=O)[C@@H](CC(C)C)N(C)C(=O)C2CCCN2C(=O)[C@H](C)O)[C@@H](C)OC(=O)[C@H](CC(C)C)N(C)C(=O)[C@@H]2CCCN2C(=O)[C@H](CC(C)C)NC(=O)[C@@H](C)C(=O)[C@H](C(C)C)OC(=O)C[C@@H]1O,71,74,145,71,74,145,3,77,76,7,3,ok,0.004591367,1,0.004591367,4591367.000,,,,9,8,0,"[#6&!R]-&!@[#6&R]-&@[#6&R]-&@[#6&R]-,:;@[#6&R]-&@[#7&R]-&!@[#6&!R]-&!@[#6&!R]-&!@[#6&!R]",Ring atoms and ring bonds only match ring atoms and ring bonds.,
p0117,size-combinations,mcs,mcs_elements_order_whole_rings,MCS elements/order whole rings,0,682979,403226,CC1(C)C(/C=C/C2=C(SCCC(=O)Nc3ccn([C@@H]4O[C@H](CO)[C@@H](O)C4(F)F)c(=O)n3)/C(=C/C=C3/N(CCCCCC(=O)O)c4ccccc4C3(C)C)CCC2)=[N+](CCCCS(=O)(=O)O)c2ccccc21,CC[C@H](C)[C@H]1NC(=O)[C@@H](NC(=O)[C@@H](CC(C)C)N(C)C(=O)C2CCCN2C(=O)[C@H](C)O)[C@@H](C)OC(=O)[C@H](CC(C)C)N(C)C(=O)[C@@H]2CCCN2C(=O)[C@H](CC(C)C)NC(=O)[C@@H](C)C(=O)[C@H](C(C)C)OC(=O)C[C@@H]1O,71,74,145,71,74,145,3,77,76,7,3,ok,0.003780522,1,0.003780522,3780522.000,,,,8,8,0,"[#6]1-&@[#6]-&@[#6]-,:;@[#6]-&@[#7]-&@1-&!@[#6]-&!@[#6]-&!@[#6]",MCS completeRingsOnly=True; partial ring MCS results are rejected.,
p0117,size-combinations,mcs,mcs_elements_order_ring_atoms_whole_rings,MCS elements/order ring atoms + whole rings,0,682979,403226,CC1(C)C(/C=C/C2=C(SCCC(=O)Nc3ccn([C@@H]4O[C@H](CO)[C@@H](O)C4(F)F)c(=O)n3)/C(=C/C=C3/N(CCCCCC(=O)O)c4ccccc4C3(C)C)CCC2)=[N+](CCCCS(=O)(=O)O)c2ccccc21,CC[C@H](C)[C@H]1NC(=O)[C@@H](NC(=O)[C@@H](CC(C)C)N(C)C(=O)C2CCCN2C(=O)[C@H](C)O)[C@@H](C)OC(=O)[C@H](CC(C)C)N(C)C(=O)[C@@H]2CCCN2C(=O)[C@H](CC(C)C)NC(=O)[C@@H](C)C(=O)[C@H](C(C)C)OC(=O)C[C@@H]1O,71,74,145,71,74,145,3,77,76,7,3,ok,0.003753482,1,0.003753482,3753482.000,,,,8,8,0,"[#6]1-&@[#6]-&@[#6]-,:;@[#6]-&@[#7]-&@1-&!@[#6&!R]-&!@[#6&!R]-&!@[#6&!R]",Both ringMatchesRingOnly and completeRingsOnly are enabled.,
p0117,size-combinations,substruct,substruct_smiles,Substruct raw SMILES,1,682979,403226,CC1(C)C(/C=C/C2=C(SCCC(=O)Nc3ccn([C@@H]4O[C@H](CO)[C@@H](O)C4(F)F)c(=O)n3)/C(=C/C=C3/N(CCCCCC(=O)O)c4ccccc4C3(C)C)CCC2)=[N+](CCCCS(=O)(=O)O)c2ccccc21,CC[C@H](C)[C@H]1NC(=O)[C@@H](NC(=O)[C@@H](CC(C)C)N(C)C(=O)C2CCCN2C(=O)[C@H](C)O)[C@@H](C)OC(=O)[C@H](CC(C)C)N(C)C(=O)[C@@H]2CCCN2C(=O)[C@H](CC(C)C)NC(=O)[C@@H](C)C(=O)[C@H](C(C)C)OC(=O)C[C@@H]1O,71,74,145,71,74,145,3,77,76,7,3,ok,6.6094e-05,20,3.3047e-06,3304.700,has-match,0,0,,,,,Best SMILES-substructure baseline. Substructure has no direct completeRingsOnly option.,
p0117,size-combinations,substruct,substruct_elements_any_bond,Substruct elements/any bond,0,682979,403226,CC1(C)C(/C=C/C2=C(SCCC(=O)Nc3ccn([C@@H]4O[C@H](CO)[C@@H](O)C4(F)F)c(=O)n3)/C(=C/C=C3/N(CCCCCC(=O)O)c4ccccc4C3(C)C)CCC2)=[N+](CCCCS(=O)(=O)O)c2ccccc21,CC[C@H](C)[C@H]1NC(=O)[C@@H](NC(=O)[C@@H](CC(C)C)N(C)C(=O)C2CCCN2C(=O)[C@H](C)O)[C@@H](C)OC(=O)[C@H](CC(C)C)N(C)C(=O)[C@@H]2CCCN2C(=O)[C@H](CC(C)C)NC(=O)[C@@H](C)C(=O)[C@H](C(C)C)OC(=O)C[C@@H]1O,71,74,145,71,74,145,3,77,76,7,3,ok,5.5822e-05,20,2.7911e-06,2791.100,has-match,0,0,,,,,Query keeps atom elements but uses generic bonds.,
p0117,size-combinations,substruct,substruct_any_atom_bond,Substruct any atoms/bonds,0,682979,403226,CC1(C)C(/C=C/C2=C(SCCC(=O)Nc3ccn([C@@H]4O[C@H](CO)[C@@H](O)C4(F)F)c(=O)n3)/C(=C/C=C3/N(CCCCCC(=O)O)c4ccccc4C3(C)C)CCC2)=[N+](CCCCS(=O)(=O)O)c2ccccc21,CC[C@H](C)[C@H]1NC(=O)[C@@H](NC(=O)[C@@H](CC(C)C)N(C)C(=O)C2CCCN2C(=O)[C@H](C)O)[C@@H](C)OC(=O)[C@H](CC(C)C)N(C)C(=O)[C@@H]2CCCN2C(=O)[C@H](CC(C)C)NC(=O)[C@@H](C)C(=O)[C@H](C(C)C)OC(=O)C[C@@H]1O,71,74,145,71,74,145,3,77,76,7,3,ok,8.0883e-05,20,4.04415e-06,4044.150,has-match,0,0,,,,,"Query uses generic atoms and generic bonds, similar to CompareAny topology.",
p0117,size-combinations,substruct,substruct_ring_atoms,Substruct ring-chain atoms,0,682979,403226,CC1(C)C(/C=C/C2=C(SCCC(=O)Nc3ccn([C@@H]4O[C@H](CO)[C@@H](O)C4(F)F)c(=O)n3)/C(=C/C=C3/N(CCCCCC(=O)O)c4ccccc4C3(C)C)CCC2)=[N+](CCCCS(=O)(=O)O)c2ccccc21,CC[C@H](C)[C@H]1NC(=O)[C@@H](NC(=O)[C@@H](CC(C)C)N(C)C(=O)C2CCCN2C(=O)[C@H](C)O)[C@@H](C)OC(=O)[C@H](CC(C)C)N(C)C(=O)[C@@H]2CCCN2C(=O)[C@H](CC(C)C)NC(=O)[C@@H](C)C(=O)[C@H](C(C)C)OC(=O)C[C@@H]1O,71,74,145,71,74,145,3,77,76,7,3,ok,7.2927e-05,20,3.64635e-06,3646.350,has-match,0,0,,,,,Query adds ring/chain atom constraints; closest substruct analog to ringMatchesRingOnly.,
p0118,size-combinations,mcs,mcs_any_atom_bond,MCS CompareAny atoms/bonds,0,682979,448954,CC1(C)C(/C=C/C2=C(SCCC(=O)Nc3ccn([C@@H]4O[C@H](CO)[C@@H](O)C4(F)F)c(=O)n3)/C(=C/C=C3/N(CCCCCC(=O)O)c4ccccc4C3(C)C)CCC2)=[N+](CCCCS(=O)(=O)O)c2ccccc21,CCCCCCCCCCCC(=O)O[C@H]1[C@H](O[C@@H]2[C@@H](O)[C@H]3OC(=O)CCCCCCCCCC[C@H](CCCCC)O[C@@H]4O[C@H](C)[C@H](O)[C@H](O)[C@H]4O[C@@H]3O[C@H]2C)O[C@@H](C)[C@H](O[C@@H]2O[C@@H](C)[C@H](OC(=O)C(C)C)[C@@H](O)[C@H]2OC(=O)/C=C/c2ccccc2)[C@H]1O[C@@H]1O[C@@H](C)[C@H](O)[C@@H](O)[C@H]1O,71,97,168,71,97,168,26,77,103,7,7,ok,10.0509166,1,10.0509166,10050916597.000,,,,55,54,1,"[#6,#8]-[#6](-[#6](-[#6]=,-[#6,#8]-[#6](=,-[#6](-[#16,#6]-[#6]-[#6,#8]-[#6](=,-[#8,#6])-[#7,#6]-[#6](:,-[#6]:,-[#6,#8]:,-[#7,#6]-[#6](-[#8])-[#6](-[#6](-[#6,#8]-[#6]-[#8])-[#8,#6])-[#9,#8]):,-[#7,#8]:,-[#6]=[#8])-[#6,#8]=,-[#6]-[#6,#8]=,-[#6](-[#7,#6])-[#6](-[#6](:,-[#6,#8]):,-[#6]:,-[#6,#8])-[#6,#8])-[#6]-[#6,#8])=,-[#7,#8]-[#6]-[#6]-,=[#6]-[#6]-,:[#16,#6]-,:[#8,#6])-[#6](:,-[#6]:,-[#6,#8]):,-[#6,#8]:,-[#6]:,=[#6,#8]",Permissive MCS: any atom type and any bond type can match.,
p0118,size-combinations,mcs,mcs_elements_order,MCS elements/order,1,682979,448954,CC1(C)C(/C=C/C2=C(SCCC(=O)Nc3ccn([C@@H]4O[C@H](CO)[C@@H](O)C4(F)F)c(=O)n3)/C(=C/C=C3/N(CCCCCC(=O)O)c4ccccc4C3(C)C)CCC2)=[N+](CCCCS(=O)(=O)O)c2ccccc21,CCCCCCCCCCCC(=O)O[C@H]1[C@H](O[C@@H]2[C@@H](O)[C@H]3OC(=O)CCCCCCCCCC[C@H](CCCCC)O[C@@H]4O[C@H](C)[C@H](O)[C@H](O)[C@H]4O[C@@H]3O[C@H]2C)O[C@@H](C)[C@H](O[C@@H]2O[C@@H](C)[C@H](OC(=O)C(C)C)[C@@H](O)[C@H]2OC(=O)/C=C/c2ccccc2)[C@H]1O[C@@H]1O[C@@H](C)[C@H](O)[C@@H](O)[C@H]1O,71,97,168,71,97,168,26,77,103,7,7,ok,0.003927968,1,0.003927968,3927968.000,,,,9,8,0,"[#6](-,:[#6]-[#6]=[#6]-[#6])-,:[#6]:[#6]:[#6]:[#6]",Closest MCS counterpart to a raw SMILES substructure query.,
p0118,size-combinations,mcs,mcs_elements_order_maximize_atoms,MCS elements/order maximize atoms,0,682979,448954,CC1(C)C(/C=C/C2=C(SCCC(=O)Nc3ccn([C@@H]4O[C@H](CO)[C@@H](O)C4(F)F)c(=O)n3)/C(=C/C=C3/N(CCCCCC(=O)O)c4ccccc4C3(C)C)CCC2)=[N+](CCCCS(=O)(=O)O)c2ccccc21,CCCCCCCCCCCC(=O)O[C@H]1[C@H](O[C@@H]2[C@@H](O)[C@H]3OC(=O)CCCCCCCCCC[C@H](CCCCC)O[C@@H]4O[C@H](C)[C@H](O)[C@H](O)[C@H]4O[C@@H]3O[C@H]2C)O[C@@H](C)[C@H](O[C@@H]2O[C@@H](C)[C@H](OC(=O)C(C)C)[C@@H](O)[C@H]2OC(=O)/C=C/c2ccccc2)[C@H]1O[C@@H]1O[C@@H](C)[C@H](O)[C@@H](O)[C@H]1O,71,97,168,71,97,168,26,77,103,7,7,ok,0.0038091,1,0.0038091,3809100.000,,,,9,8,0,"[#6](-,:[#6]-[#6]=[#6]-[#6])-,:[#6]:[#6]:[#6]:[#6]","Same element/order comparison, but optimize atom count instead of bond count.",
p0118,size-combinations,mcs,mcs_elements_order_ring_atoms,MCS elements/order ring atoms,0,682979,448954,CC1(C)C(/C=C/C2=C(SCCC(=O)Nc3ccn([C@@H]4O[C@H](CO)[C@@H](O)C4(F)F)c(=O)n3)/C(=C/C=C3/N(CCCCCC(=O)O)c4ccccc4C3(C)C)CCC2)=[N+](CCCCS(=O)(=O)O)c2ccccc21,CCCCCCCCCCCC(=O)O[C@H]1[C@H](O[C@@H]2[C@@H](O)[C@H]3OC(=O)CCCCCCCCCC[C@H](CCCCC)O[C@@H]4O[C@H](C)[C@H](O)[C@H](O)[C@H]4O[C@@H]3O[C@H]2C)O[C@@H](C)[C@H](O[C@@H]2O[C@@H](C)[C@H](OC(=O)C(C)C)[C@@H](O)[C@H]2OC(=O)/C=C/c2ccccc2)[C@H]1O[C@@H]1O[C@@H](C)[C@H](O)[C@@H](O)[C@H]1O,71,97,168,71,97,168,26,77,103,7,7,ok,0.002375142,1,0.002375142,2375142.000,,,,9,8,0,"[#6&R](-&@[#6&R]-&!@[#6&!R])-&@[#6&R]:,-;@[#6&R]:,-;@[#6&R]:,-;@[#6&R]:,-;@[#6&R]:,-;@[#6&R]",Ring atoms and ring bonds only match ring atoms and ring bonds.,
p0118,size-combinations,mcs,mcs_elements_order_whole_rings,MCS elements/order whole rings,0,682979,448954,CC1(C)C(/C=C/C2=C(SCCC(=O)Nc3ccn([C@@H]4O[C@H](CO)[C@@H](O)C4(F)F)c(=O)n3)/C(=C/C=C3/N(CCCCCC(=O)O)c4ccccc4C3(C)C)CCC2)=[N+](CCCCS(=O)(=O)O)c2ccccc21,CCCCCCCCCCCC(=O)O[C@H]1[C@H](O[C@@H]2[C@@H](O)[C@H]3OC(=O)CCCCCCCCCC[C@H](CCCCC)O[C@@H]4O[C@H](C)[C@H](O)[C@H](O)[C@H]4O[C@@H]3O[C@H]2C)O[C@@H](C)[C@H](O[C@@H]2O[C@@H](C)[C@H](OC(=O)C(C)C)[C@@H](O)[C@H]2OC(=O)/C=C/c2ccccc2)[C@H]1O[C@@H]1O[C@@H](C)[C@H](O)[C@@H](O)[C@H]1O,71,97,168,71,97,168,26,77,103,7,7,ok,0.003025686,1,0.003025686,3025686.000,,,,8,7,0,[#6]-&!@[#6]-&!@[#6]-&!@[#6]-&!@[#6]-&!@[#6](=&!@[#8])-&!@[#8],MCS completeRingsOnly=True; partial ring MCS results are rejected.,
p0118,size-combinations,mcs,mcs_elements_order_ring_atoms_whole_rings,MCS elements/order ring atoms + whole rings,0,682979,448954,CC1(C)C(/C=C/C2=C(SCCC(=O)Nc3ccn([C@@H]4O[C@H](CO)[C@@H](O)C4(F)F)c(=O)n3)/C(=C/C=C3/N(CCCCCC(=O)O)c4ccccc4C3(C)C)CCC2)=[N+](CCCCS(=O)(=O)O)c2ccccc21,CCCCCCCCCCCC(=O)O[C@H]1[C@H](O[C@@H]2[C@@H](O)[C@H]3OC(=O)CCCCCCCCCC[C@H](CCCCC)O[C@@H]4O[C@H](C)[C@H](O)[C@H](O)[C@H]4O[C@@H]3O[C@H]2C)O[C@@H](C)[C@H](O[C@@H]2O[C@@H](C)[C@H](OC(=O)C(C)C)[C@@H](O)[C@H]2OC(=O)/C=C/c2ccccc2)[C@H]1O[C@@H]1O[C@@H](C)[C@H](O)[C@@H](O)[C@H]1O,71,97,168,71,97,168,26,77,103,7,7,ok,0.002770283,1,0.002770283,2770283.000,,,,8,7,0,[#6&!R]-&!@[#6&!R]-&!@[#6&!R]-&!@[#6&!R]-&!@[#6&!R]-&!@[#6&!R](=&!@[#8&!R])-&!@[#8&!R],Both ringMatchesRingOnly and completeRingsOnly are enabled.,
p0118,size-combinations,substruct,substruct_smiles,Substruct raw SMILES,1,682979,448954,CC1(C)C(/C=C/C2=C(SCCC(=O)Nc3ccn([C@@H]4O[C@H](CO)[C@@H](O)C4(F)F)c(=O)n3)/C(=C/C=C3/N(CCCCCC(=O)O)c4ccccc4C3(C)C)CCC2)=[N+](CCCCS(=O)(=O)O)c2ccccc21,CCCCCCCCCCCC(=O)O[C@H]1[C@H](O[C@@H]2[C@@H](O)[C@H]3OC(=O)CCCCCCCCCC[C@H](CCCCC)O[C@@H]4O[C@H](C)[C@H](O)[C@H](O)[C@H]4O[C@@H]3O[C@H]2C)O[C@@H](C)[C@H](O[C@@H]2O[C@@H](C)[C@H](OC(=O)C(C)C)[C@@H](O)[C@H]2OC(=O)/C=C/c2ccccc2)[C@H]1O[C@@H]1O[C@@H](C)[C@H](O)[C@@H](O)[C@H]1O,71,97,168,71,97,168,26,77,103,7,7,ok,7.1686e-05,20,3.5843e-06,3584.300,has-match,0,0,,,,,Best SMILES-substructure baseline. Substructure has no direct completeRingsOnly option.,
p0118,size-combinations,substruct,substruct_elements_any_bond,Substruct elements/any bond,0,682979,448954,CC1(C)C(/C=C/C2=C(SCCC(=O)Nc3ccn([C@@H]4O[C@H](CO)[C@@H](O)C4(F)F)c(=O)n3)/C(=C/C=C3/N(CCCCCC(=O)O)c4ccccc4C3(C)C)CCC2)=[N+](CCCCS(=O)(=O)O)c2ccccc21,CCCCCCCCCCCC(=O)O[C@H]1[C@H](O[C@@H]2[C@@H](O)[C@H]3OC(=O)CCCCCCCCCC[C@H](CCCCC)O[C@@H]4O[C@H](C)[C@H](O)[C@H](O)[C@H]4O[C@@H]3O[C@H]2C)O[C@@H](C)[C@H](O[C@@H]2O[C@@H](C)[C@H](OC(=O)C(C)C)[C@@H](O)[C@H]2OC(=O)/C=C/c2ccccc2)[C@H]1O[C@@H]1O[C@@H](C)[C@H](O)[C@@H](O)[C@H]1O,71,97,168,71,97,168,26,77,103,7,7,ok,6.7165e-05,20,3.35825e-06,3358.250,has-match,0,0,,,,,Query keeps atom elements but uses generic bonds.,
p0118,size-combinations,substruct,substruct_any_atom_bond,Substruct any atoms/bonds,0,682979,448954,CC1(C)C(/C=C/C2=C(SCCC(=O)Nc3ccn([C@@H]4O[C@H](CO)[C@@H](O)C4(F)F)c(=O)n3)/C(=C/C=C3/N(CCCCCC(=O)O)c4ccccc4C3(C)C)CCC2)=[N+](CCCCS(=O)(=O)O)c2ccccc21,CCCCCCCCCCCC(=O)O[C@H]1[C@H](O[C@@H]2[C@@H](O)[C@H]3OC(=O)CCCCCCCCCC[C@H](CCCCC)O[C@@H]4O[C@H](C)[C@H](O)[C@H](O)[C@H]4O[C@@H]3O[C@H]2C)O[C@@H](C)[C@H](O[C@@H]2O[C@@H](C)[C@H](OC(=O)C(C)C)[C@@H](O)[C@H]2OC(=O)/C=C/c2ccccc2)[C@H]1O[C@@H]1O[C@@H](C)[C@H](O)[C@@H](O)[C@H]1O,71,97,168,71,97,168,26,77,103,7,7,ok,7.7708e-05,20,3.8854e-06,3885.400,has-match,0,0,,,,,"Query uses generic atoms and generic bonds, similar to CompareAny topology.",
p0118,size-combinations,substruct,substruct_ring_atoms,Substruct ring-chain atoms,0,682979,448954,CC1(C)C(/C=C/C2=C(SCCC(=O)Nc3ccn([C@@H]4O[C@H](CO)[C@@H](O)C4(F)F)c(=O)n3)/C(=C/C=C3/N(CCCCCC(=O)O)c4ccccc4C3(C)C)CCC2)=[N+](CCCCS(=O)(=O)O)c2ccccc21,CCCCCCCCCCCC(=O)O[C@H]1[C@H](O[C@@H]2[C@@H](O)[C@H]3OC(=O)CCCCCCCCCC[C@H](CCCCC)O[C@@H]4O[C@H](C)[C@H](O)[C@H](O)[C@H]4O[C@@H]3O[C@H]2C)O[C@@H](C)[C@H](O[C@@H]2O[C@@H](C)[C@H](OC(=O)C(C)C)[C@@H](O)[C@H]2OC(=O)/C=C/c2ccccc2)[C@H]1O[C@@H]1O[C@@H](C)[C@H](O)[C@@H](O)[C@H]1O,71,97,168,71,97,168,26,77,103,7,7,ok,7.3695e-05,20,3.68475e-06,3684.750,has-match,0,0,,,,,Query adds ring/chain atom constraints; closest substruct analog to ringMatchesRingOnly.,
p0119,size-combinations,mcs,mcs_any_atom_bond,MCS CompareAny atoms/bonds,0,1261799,1336020,Cc1ncsc1-c1ccc([C@H](C)NC(=O)[C@@H]2C[C@@H](O)CN2C(=O)[C@@H](NC(=O)CCOCCOCCNC(=O)c2ccc(NC(=O)[C@@H]3NC4(CCCCC4)[C@@]4(C(=O)Nc5cc(Cl)ccc54)[C@H]3c3cccc(Cl)c3F)cc2)C(C)(C)C)cc1,CC(C)C[C@@H](/C=C/C(Cc1ccccc1)C(=O)N1CCC[C@H]1C(=O)N[C@H](C(=O)N[C@@H](CCCNC(=O)OCc1ccccc1)C(=O)N[C@@H](C)C(=O)Oc1ccc(COC(=O)N2CCCC2(C)c2nc3cccc(C(N)=O)c3[nH]2)cc1)C(C)C)NC(=O)OC(C)(C)C,81,91,172,81,91,172,10,89,97,9,7,ok,10.1597382,1,10.1597382,10159738182.000,,,,62,62,1,"[#6]-,:[#6](:,-[#7,#6]:,-[#6,#7]):[#6](:[#16,#7])-,:[#6](:[#6,#7]:[#6]:,-[#6]-[#6,#7](-[#6])-[#7,#6]-[#6,#8]-[#6]-[#7,#6](-,:[#6]-,:[#6])-,:[#6]-,:[#6]-,:[#7,#6]-[#6,#8]-[#6]-[#6]-[#8,#7]-[#6]-[#6]-[#8,#7]-[#6]-[#6]-[#7]-[#6](=[#8])-[#6]:,-[#6]:,-[#6]:,-[#6]-[#7]-[#6](=[#8])-[#6](-[#7,#6]-,=[#6]-[#6](-[#6]=,-[#8,#6])-[#6,#7]:,-[#6](-,=[#7,#8]):,-[#6,#8]:,-[#6](-[#17,#6]):,-[#6])-[#6]-[#6]1:[#6]:[#6]:[#6]:[#6]:[#6]:1):[#6]:[#6]",Permissive MCS: any atom type and any bond type can match.,
p0119,size-combinations,mcs,mcs_elements_order,MCS elements/order,1,1261799,1336020,Cc1ncsc1-c1ccc([C@H](C)NC(=O)[C@@H]2C[C@@H](O)CN2C(=O)[C@@H](NC(=O)CCOCCOCCNC(=O)c2ccc(NC(=O)[C@@H]3NC4(CCCCC4)[C@@]4(C(=O)Nc5cc(Cl)ccc54)[C@H]3c3cccc(Cl)c3F)cc2)C(C)(C)C)cc1,CC(C)C[C@@H](/C=C/C(Cc1ccccc1)C(=O)N1CCC[C@H]1C(=O)N[C@H](C(=O)N[C@@H](CCCNC(=O)OCc1ccccc1)C(=O)N[C@@H](C)C(=O)Oc1ccc(COC(=O)N2CCCC2(C)c2nc3cccc(C(N)=O)c3[nH]2)cc1)C(C)C)NC(=O)OC(C)(C)C,81,91,172,81,91,172,10,89,97,9,7,ok,0.377659572,1,0.377659572,377659572.000,,,,22,21,0,"[#6]-,:[#6]:[#6]-,:[#6]:[#6]:,-[#6]:,-[#6](-[#6]-[#7]-[#6]-[#6]-[#6]-[#6]-[#6]-[#7]-[#6]-[#6]-[#7]-[#6]-[#6]-[#6]):,-[#6]",Closest MCS counterpart to a raw SMILES substructure query.,
p0119,size-combinations,mcs,mcs_elements_order_maximize_atoms,MCS elements/order maximize atoms,0,1261799,1336020,Cc1ncsc1-c1ccc([C@H](C)NC(=O)[C@@H]2C[C@@H](O)CN2C(=O)[C@@H](NC(=O)CCOCCOCCNC(=O)c2ccc(NC(=O)[C@@H]3NC4(CCCCC4)[C@@]4(C(=O)Nc5cc(Cl)ccc54)[C@H]3c3cccc(Cl)c3F)cc2)C(C)(C)C)cc1,CC(C)C[C@@H](/C=C/C(Cc1ccccc1)C(=O)N1CCC[C@H]1C(=O)N[C@H](C(=O)N[C@@H](CCCNC(=O)OCc1ccccc1)C(=O)N[C@@H](C)C(=O)Oc1ccc(COC(=O)N2CCCC2(C)c2nc3cccc(C(N)=O)c3[nH]2)cc1)C(C)C)NC(=O)OC(C)(C)C,81,91,172,81,91,172,10,89,97,9,7,ok,0.379131831,1,0.379131831,379131831.000,,,,22,21,0,"[#6]-,:[#6]:[#6]-,:[#6]:[#6]:,-[#6]:,-[#6](-[#6]-[#7]-[#6]-[#6]-[#6]-[#6]-[#6]-[#7]-[#6]-[#6]-[#7]-[#6]-[#6]-[#6]):,-[#6]","Same element/order comparison, but optimize atom count instead of bond count.",
p0119,size-combinations,mcs,mcs_elements_order_ring_atoms,MCS elements/order ring atoms,0,1261799,1336020,Cc1ncsc1-c1ccc([C@H](C)NC(=O)[C@@H]2C[C@@H](O)CN2C(=O)[C@@H](NC(=O)CCOCCOCCNC(=O)c2ccc(NC(=O)[C@@H]3NC4(CCCCC4)[C@@]4(C(=O)Nc5cc(Cl)ccc54)[C@H]3c3cccc(Cl)c3F)cc2)C(C)(C)C)cc1,CC(C)C[C@@H](/C=C/C(Cc1ccccc1)C(=O)N1CCC[C@H]1C(=O)N[C@H](C(=O)N[C@@H](CCCNC(=O)OCc1ccccc1)C(=O)N[C@@H](C)C(=O)Oc1ccc(COC(=O)N2CCCC2(C)c2nc3cccc(C(N)=O)c3[nH]2)cc1)C(C)C)NC(=O)OC(C)(C)C,81,91,172,81,91,172,10,89,97,9,7,ok,0.014821343,1,0.014821343,14821343.000,,,,14,14,0,[#6&!R](-&!@[#6&!R])-&!@[#7&!R]-&!@[#6&!R](=&!@[#8&!R])-&!@[#6]1-&@[#6]-&@[#6]-&@[#6]-&@[#7]-&@1-&!@[#6&!R](=&!@[#8&!R])-&!@[#6&!R]-&!@[#6&!R],Ring atoms and ring bonds only match ring atoms and ring bonds.,
p0119,size-combinations,mcs,mcs_elements_order_whole_rings,MCS elements/order whole rings,0,1261799,1336020,Cc1ncsc1-c1ccc([C@H](C)NC(=O)[C@@H]2C[C@@H](O)CN2C(=O)[C@@H](NC(=O)CCOCCOCCNC(=O)c2ccc(NC(=O)[C@@H]3NC4(CCCCC4)[C@@]4(C(=O)Nc5cc(Cl)ccc54)[C@H]3c3cccc(Cl)c3F)cc2)C(C)(C)C)cc1,CC(C)C[C@@H](/C=C/C(Cc1ccccc1)C(=O)N1CCC[C@H]1C(=O)N[C@H](C(=O)N[C@@H](CCCNC(=O)OCc1ccccc1)C(=O)N[C@@H](C)C(=O)Oc1ccc(COC(=O)N2CCCC2(C)c2nc3cccc(C(N)=O)c3[nH]2)cc1)C(C)C)NC(=O)OC(C)(C)C,81,91,172,81,91,172,10,89,97,9,7,ok,0.021833918,1,0.021833918,21833918.000,,,,16,16,0,[#6]-&!@[#6](-&!@[#6])-&!@[#7]-&!@[#6](=&!@[#8])-&!@[#6]1-&@[#6]-&@[#6]-&@[#6]-&@[#7]-&@1-&!@[#6](=&!@[#8])-&!@[#6]-&!@[#6]-&!@[#6],MCS completeRingsOnly=True; partial ring MCS results are rejected.,
p0119,size-combinations,mcs,mcs_elements_order_ring_atoms_whole_rings,MCS elements/order ring atoms + whole rings,0,1261799,1336020,Cc1ncsc1-c1ccc([C@H](C)NC(=O)[C@@H]2C[C@@H](O)CN2C(=O)[C@@H](NC(=O)CCOCCOCCNC(=O)c2ccc(NC(=O)[C@@H]3NC4(CCCCC4)[C@@]4(C(=O)Nc5cc(Cl)ccc54)[C@H]3c3cccc(Cl)c3F)cc2)C(C)(C)C)cc1,CC(C)C[C@@H](/C=C/C(Cc1ccccc1)C(=O)N1CCC[C@H]1C(=O)N[C@H](C(=O)N[C@@H](CCCNC(=O)OCc1ccccc1)C(=O)N[C@@H](C)C(=O)Oc1ccc(COC(=O)N2CCCC2(C)c2nc3cccc(C(N)=O)c3[nH]2)cc1)C(C)C)NC(=O)OC(C)(C)C,81,91,172,81,91,172,10,89,97,9,7,ok,0.014836946,1,0.014836946,14836946.000,,,,14,14,0,[#6&!R](-&!@[#6&!R])-&!@[#7&!R]-&!@[#6&!R](=&!@[#8&!R])-&!@[#6]1-&@[#6]-&@[#6]-&@[#6]-&@[#7]-&@1-&!@[#6&!R](=&!@[#8&!R])-&!@[#6&!R]-&!@[#6&!R],Both ringMatchesRingOnly and completeRingsOnly are enabled.,
p0119,size-combinations,substruct,substruct_smiles,Substruct raw SMILES,1,1261799,1336020,Cc1ncsc1-c1ccc([C@H](C)NC(=O)[C@@H]2C[C@@H](O)CN2C(=O)[C@@H](NC(=O)CCOCCOCCNC(=O)c2ccc(NC(=O)[C@@H]3NC4(CCCCC4)[C@@]4(C(=O)Nc5cc(Cl)ccc54)[C@H]3c3cccc(Cl)c3F)cc2)C(C)(C)C)cc1,CC(C)C[C@@H](/C=C/C(Cc1ccccc1)C(=O)N1CCC[C@H]1C(=O)N[C@H](C(=O)N[C@@H](CCCNC(=O)OCc1ccccc1)C(=O)N[C@@H](C)C(=O)Oc1ccc(COC(=O)N2CCCC2(C)c2nc3cccc(C(N)=O)c3[nH]2)cc1)C(C)C)NC(=O)OC(C)(C)C,81,91,172,81,91,172,10,89,97,9,7,ok,0.000126837,20,6.34185e-06,6341.850,has-match,0,0,,,,,Best SMILES-substructure baseline. Substructure has no direct completeRingsOnly option.,
p0119,size-combinations,substruct,substruct_elements_any_bond,Substruct elements/any bond,0,1261799,1336020,Cc1ncsc1-c1ccc([C@H](C)NC(=O)[C@@H]2C[C@@H](O)CN2C(=O)[C@@H](NC(=O)CCOCCOCCNC(=O)c2ccc(NC(=O)[C@@H]3NC4(CCCCC4)[C@@]4(C(=O)Nc5cc(Cl)ccc54)[C@H]3c3cccc(Cl)c3F)cc2)C(C)(C)C)cc1,CC(C)C[C@@H](/C=C/C(Cc1ccccc1)C(=O)N1CCC[C@H]1C(=O)N[C@H](C(=O)N[C@@H](CCCNC(=O)OCc1ccccc1)C(=O)N[C@@H](C)C(=O)Oc1ccc(COC(=O)N2CCCC2(C)c2nc3cccc(C(N)=O)c3[nH]2)cc1)C(C)C)NC(=O)OC(C)(C)C,81,91,172,81,91,172,10,89,97,9,7,ok,0.000153459,20,7.67295e-06,7672.950,has-match,0,0,,,,,Query keeps atom elements but uses generic bonds.,
p0119,size-combinations,substruct,substruct_any_atom_bond,Substruct any atoms/bonds,0,1261799,1336020,Cc1ncsc1-c1ccc([C@H](C)NC(=O)[C@@H]2C[C@@H](O)CN2C(=O)[C@@H](NC(=O)CCOCCOCCNC(=O)c2ccc(NC(=O)[C@@H]3NC4(CCCCC4)[C@@]4(C(=O)Nc5cc(Cl)ccc54)[C@H]3c3cccc(Cl)c3F)cc2)C(C)(C)C)cc1,CC(C)C[C@@H](/C=C/C(Cc1ccccc1)C(=O)N1CCC[C@H]1C(=O)N[C@H](C(=O)N[C@@H](CCCNC(=O)OCc1ccccc1)C(=O)N[C@@H](C)C(=O)Oc1ccc(COC(=O)N2CCCC2(C)c2nc3cccc(C(N)=O)c3[nH]2)cc1)C(C)C)NC(=O)OC(C)(C)C,81,91,172,81,91,172,10,89,97,9,7,ok,0.000686169,20,3.430845e-05,34308.450,has-match,0,0,,,,,"Query uses generic atoms and generic bonds, similar to CompareAny topology.",
p0119,size-combinations,substruct,substruct_ring_atoms,Substruct ring-chain atoms,0,1261799,1336020,Cc1ncsc1-c1ccc([C@H](C)NC(=O)[C@@H]2C[C@@H](O)CN2C(=O)[C@@H](NC(=O)CCOCCOCCNC(=O)c2ccc(NC(=O)[C@@H]3NC4(CCCCC4)[C@@]4(C(=O)Nc5cc(Cl)ccc54)[C@H]3c3cccc(Cl)c3F)cc2)C(C)(C)C)cc1,CC(C)C[C@@H](/C=C/C(Cc1ccccc1)C(=O)N1CCC[C@H]1C(=O)N[C@H](C(=O)N[C@@H](CCCNC(=O)OCc1ccccc1)C(=O)N[C@@H](C)C(=O)Oc1ccc(COC(=O)N2CCCC2(C)c2nc3cccc(C(N)=O)c3[nH]2)cc1)C(C)C)NC(=O)OC(C)(C)C,81,91,172,81,91,172,10,89,97,9,7,ok,9.767e-05,20,4.8835e-06,4883.500,has-match,0,0,,,,,Query adds ring/chain atom constraints; closest substruct analog to ringMatchesRingOnly.,
